#flatfile
1	ependymal	8362
1	ependymal	3007
1	ependymal	311
1	ependymal	146223
1	ependymal	121512
1	ependymal	421
1	ependymal	2318
1	ependymal	374618
1	ependymal	9696
1	ependymal	167691
1	ependymal	10383
1	ependymal	2108
1	ependymal	3306
1	ependymal	2273
1	ependymal	2773
1	ependymal	1266
1	ependymal	83657
1	ependymal	55466
1	ependymal	4291
1	ependymal	221184
1	ependymal	9620
1	ependymal	83481
1	ependymal	3320
1	ependymal	55930
1	ependymal	1622
1	ependymal	146754
1	ependymal	670
1	ependymal	10549
1	ependymal	54768
1	ependymal	7840
1	ependymal	10856
1	ependymal	79925
1	ependymal	135228
1	ependymal	7276
1	ependymal	3909
1	ependymal	57539
1	ependymal	10726
1	ependymal	11099
1	ependymal	1069
1	ependymal	327
1	ependymal	145508
1	ependymal	5611
1	ependymal	133418
1	ependymal	11313
1	ependymal	55236
1	ependymal	23268
1	ependymal	56898
1	ependymal	8864
1	ependymal	5836
1	ependymal	1767
1	ependymal	114327
1	ependymal	94239
1	ependymal	3866
1	ependymal	83473
1	ependymal	55582
1	ependymal	84451
1	ependymal	89876
1	ependymal	27148
1	ependymal	55128
1	ependymal	8366
1	ependymal	1292
1	ependymal	4647
1	ependymal	51473
1	ependymal	55083
1	ependymal	7869
1	ependymal	51199
1	ependymal	339829
2	oligodenrocytes	347
2	oligodenrocytes	51090
2	oligodenrocytes	93643
2	oligodenrocytes	4099
2	oligodenrocytes	22933
2	oligodenrocytes	10382
2	oligodenrocytes	59338
2	oligodenrocytes	3681
2	oligodenrocytes	2184
2	oligodenrocytes	23241
2	oligodenrocytes	3028
2	oligodenrocytes	5789
2	oligodenrocytes	4155
2	oligodenrocytes	1073
2	oligodenrocytes	6900
2	oligodenrocytes	93377
2	oligodenrocytes	10994
2	oligodenrocytes	5962
2	oligodenrocytes	5129
2	oligodenrocytes	65992
2	oligodenrocytes	6576
2	oligodenrocytes	51660
2	oligodenrocytes	22905
2	oligodenrocytes	57471
2	oligodenrocytes	57216
2	oligodenrocytes	2950
2	oligodenrocytes	4907
2	oligodenrocytes	5860
2	oligodenrocytes	83452
2	oligodenrocytes	9911
2	oligodenrocytes	6888
2	oligodenrocytes	23111
2	oligodenrocytes	54443
2	oligodenrocytes	4974
2	oligodenrocytes	5595
2	oligodenrocytes	1267
2	oligodenrocytes	23313
2	oligodenrocytes	79969
2	oligodenrocytes	10654
2	oligodenrocytes	2788
2	oligodenrocytes	92521
2	oligodenrocytes	23052
2	oligodenrocytes	3736
2	oligodenrocytes	326624
2	oligodenrocytes	26051
2	oligodenrocytes	9380
2	oligodenrocytes	23114
2	oligodenrocytes	5354
2	oligodenrocytes	9738
2	oligodenrocytes	4357
2	oligodenrocytes	5828
2	oligodenrocytes	90701
2	oligodenrocytes	9638
2	oligodenrocytes	2224
2	oligodenrocytes	5906
2	oligodenrocytes	9053
2	oligodenrocytes	57132
2	oligodenrocytes	4336
2	oligodenrocytes	22998
2	oligodenrocytes	4340
2	oligodenrocytes	23136
2	oligodenrocytes	114793
2	oligodenrocytes	23243
2	oligodenrocytes	84445
2	oligodenrocytes	2934
2	oligodenrocytes	133121
2	oligodenrocytes	3300
2	oligodenrocytes	1936
2	oligodenrocytes	56895
2	oligodenrocytes	26286
2	oligodenrocytes	2819
2	oligodenrocytes	1468
2	oligodenrocytes	760
2	oligodenrocytes	51144
2	oligodenrocytes	56288
2	oligodenrocytes	51097
2	oligodenrocytes	5142
2	oligodenrocytes	57636
2	oligodenrocytes	9625
2	oligodenrocytes	65125
2	oligodenrocytes	610
2	oligodenrocytes	6801
2	oligodenrocytes	9026
2	oligodenrocytes	1410
2	oligodenrocytes	2495
2	oligodenrocytes	10971
2	oligodenrocytes	4815
2	oligodenrocytes	10775
2	oligodenrocytes	51031
2	oligodenrocytes	6457
2	oligodenrocytes	5034
2	oligodenrocytes	7018
2	oligodenrocytes	5101
2	oligodenrocytes	1362
2	oligodenrocytes	2009
2	oligodenrocytes	5833
2	oligodenrocytes	23671
2	oligodenrocytes	23048
2	oligodenrocytes	64398
2	oligodenrocytes	51109
2	oligodenrocytes	3157
2	oligodenrocytes	23250
2	oligodenrocytes	39
2	oligodenrocytes	26985
2	oligodenrocytes	55349
2	oligodenrocytes	25
2	oligodenrocytes	57407
2	oligodenrocytes	25793
2	oligodenrocytes	1503
2	oligodenrocytes	85458
2	oligodenrocytes	23303
2	oligodenrocytes	340371
2	oligodenrocytes	3556
2	oligodenrocytes	135114
2	oligodenrocytes	950
2	oligodenrocytes	402
2	oligodenrocytes	128
2	oligodenrocytes	56957
2	oligodenrocytes	85442
2	oligodenrocytes	4047
2	oligodenrocytes	6242
2	oligodenrocytes	51125
2	oligodenrocytes	7163
2	oligodenrocytes	55521
2	oligodenrocytes	20
2	oligodenrocytes	10100
2	oligodenrocytes	2768
2	oligodenrocytes	10134
2	oligodenrocytes	63027
2	oligodenrocytes	223
2	oligodenrocytes	57060
2	oligodenrocytes	56616
2	oligodenrocytes	483
2	oligodenrocytes	23446
2	oligodenrocytes	5730
2	oligodenrocytes	23041
2	oligodenrocytes	23181
2	oligodenrocytes	8341
2	oligodenrocytes	63971
2	oligodenrocytes	745
2	oligodenrocytes	8577
2	oligodenrocytes	2992
3	microglia	162
3	microglia	3074
3	microglia	4354
3	microglia	29760
3	microglia	30844
3	microglia	6643
3	microglia	3055
3	microglia	23530
3	microglia	1509
3	microglia	6102
3	microglia	10938
3	microglia	2197
3	microglia	23380
3	microglia	1794
3	microglia	11059
3	microglia	6453
3	microglia	5585
3	microglia	5341
3	microglia	1462
3	microglia	4542
3	microglia	8879
3	microglia	27131
3	microglia	5756
3	microglia	51762
3	microglia	4082
3	microglia	84617
3	microglia	3012
3	microglia	714
3	microglia	644
3	microglia	3635
3	microglia	5880
3	microglia	6165
3	microglia	3936
3	microglia	645
3	microglia	713
3	microglia	6176
3	microglia	3071
3	microglia	11252
3	microglia	83660
3	microglia	54734
3	microglia	712
3	microglia	4069
3	microglia	2896
3	microglia	6737
3	microglia	10007
3	microglia	23616
3	microglia	23474
3	microglia	84678
3	microglia	3099
3	microglia	283234
3	microglia	1063
3	microglia	81704
3	microglia	26093
3	microglia	1445
3	microglia	83706
3	microglia	23406
3	microglia	2799
3	microglia	85464
3	microglia	1508
3	microglia	1436
3	microglia	23659
3	microglia	51084
3	microglia	5027
3	microglia	23526
3	microglia	317
3	microglia	8536
3	microglia	2512
3	microglia	221472
3	microglia	10320
3	microglia	221037
3	microglia	4040
3	microglia	64805
3	microglia	5294
3	microglia	5336
3	microglia	339122
3	microglia	9824
3	microglia	6041
3	microglia	51284
4	glutamateric	157285
4	glutamateric	2903
4	glutamateric	163
4	glutamateric	51760
4	glutamateric	10497
4	glutamateric	613
4	glutamateric	1846
4	glutamateric	9762
4	glutamateric	1428
4	glutamateric	57670
4	glutamateric	2820
4	glutamateric	85461
4	glutamateric	10092
4	glutamateric	9475
4	glutamateric	117177
4	glutamateric	10154
4	glutamateric	8831
4	glutamateric	166614
4	glutamateric	9901
4	glutamateric	5128
4	glutamateric	8976
4	glutamateric	5361
4	glutamateric	7204
4	glutamateric	8774
4	glutamateric	5912
4	glutamateric	119
4	glutamateric	51412
4	glutamateric	381
4	glutamateric	10076
4	glutamateric	79877
4	glutamateric	10923
4	glutamateric	57662
4	glutamateric	2597
4	glutamateric	135112
4	glutamateric	10097
4	glutamateric	22941
4	glutamateric	5802
4	glutamateric	54806
4	glutamateric	5217
4	glutamateric	23281
4	glutamateric	375
4	glutamateric	3786
4	glutamateric	7534
4	glutamateric	79567
4	glutamateric	4134
4	glutamateric	5565
4	glutamateric	747
4	glutamateric	22871
4	glutamateric	80728
4	glutamateric	4842
4	glutamateric	22839
4	glutamateric	51678
4	glutamateric	79641
4	glutamateric	2280
4	glutamateric	57620
4	glutamateric	10290
4	glutamateric	57554
4	glutamateric	9362
4	glutamateric	1501
4	glutamateric	8844
4	glutamateric	9497
4	glutamateric	116988
4	glutamateric	7466
4	glutamateric	166336
4	glutamateric	5621
4	glutamateric	8499
4	glutamateric	26960
4	glutamateric	23362
4	glutamateric	23167
4	glutamateric	2776
4	glutamateric	5318
4	glutamateric	134957
4	glutamateric	8480
4	glutamateric	644150
4	glutamateric	10006
4	glutamateric	4008
4	glutamateric	23327
4	glutamateric	79837
4	glutamateric	23229
4	glutamateric	2550
4	glutamateric	9732
4	glutamateric	10658
4	glutamateric	1612
4	glutamateric	10109
4	glutamateric	7143
4	glutamateric	26011
4	glutamateric	10096
4	glutamateric	57497
4	glutamateric	23094
4	glutamateric	8120
4	glutamateric	10787
4	glutamateric	57578
4	glutamateric	23031
4	glutamateric	51422
4	glutamateric	3739
4	glutamateric	1174
4	glutamateric	777
4	glutamateric	64478
4	glutamateric	23199
4	glutamateric	64854
4	glutamateric	53981
4	glutamateric	9722
4	glutamateric	9545
4	glutamateric	8853
4	glutamateric	3849
4	glutamateric	338785
4	glutamateric	23074
4	glutamateric	23168
4	glutamateric	54622
4	glutamateric	6942
4	glutamateric	114880
4	glutamateric	5106
4	glutamateric	4145
4	glutamateric	79633
4	glutamateric	1952
4	glutamateric	79699
4	glutamateric	57718
4	glutamateric	11007
4	glutamateric	6653
4	glutamateric	57453
4	glutamateric	22865
4	glutamateric	3268
4	glutamateric	64921
4	glutamateric	22854
4	glutamateric	80731
4	glutamateric	56997
4	glutamateric	57643
4	glutamateric	8447
4	glutamateric	4625
4	glutamateric	2048
4	glutamateric	64283
4	glutamateric	440193
4	glutamateric	81624
4	glutamateric	64800
4	glutamateric	116151
4	glutamateric	30811
4	glutamateric	9312
4	glutamateric	132884
4	glutamateric	7837
4	glutamateric	114786
4	glutamateric	153733
4	glutamateric	4147
4	glutamateric	8204
5	interneuron	79948
5	interneuron	11197
5	interneuron	369
5	interneuron	392617
5	interneuron	1974
5	interneuron	84892
5	interneuron	5037
5	interneuron	27445
5	interneuron	9028
5	interneuron	81488
5	interneuron	22902
5	interneuron	286
5	interneuron	3757
5	interneuron	2778
5	interneuron	55558
5	interneuron	9844
5	interneuron	10479
5	interneuron	10211
5	interneuron	794
5	interneuron	9900
5	interneuron	386617
5	interneuron	9829
5	interneuron	221981
5	interneuron	2571
5	interneuron	256714
5	interneuron	2898
5	interneuron	55364
5	interneuron	85365
5	interneuron	81832
5	interneuron	5066
5	interneuron	103
5	interneuron	10570
5	interneuron	84959
5	interneuron	54550
5	interneuron	3984
5	interneuron	56896
5	interneuron	2893
5	interneuron	5250
5	interneuron	408
5	interneuron	23426
5	interneuron	140735
5	interneuron	817
5	interneuron	148252
5	interneuron	8938
5	interneuron	10238
5	interneuron	80820
5	interneuron	286046
5	interneuron	80331
5	interneuron	23710
5	interneuron	10105
5	interneuron	11332
5	interneuron	8566
5	interneuron	5865
5	interneuron	5870
5	interneuron	8760
5	interneuron	57460
5	interneuron	2794
5	interneuron	55074
5	interneuron	23098
5	interneuron	3738
5	interneuron	23270
5	interneuron	51466
5	interneuron	3149
5	interneuron	9600
5	interneuron	2036
5	interneuron	5814
5	interneuron	1993
5	interneuron	9223
5	interneuron	11180
5	interneuron	1737
5	interneuron	26052
5	interneuron	3746
5	interneuron	2806
5	interneuron	132204
5	interneuron	23287
5	interneuron	64168
5	interneuron	2572
5	interneuron	5601
5	interneuron	285313
5	interneuron	5649
5	interneuron	586
5	interneuron	9465
5	interneuron	64089
5	interneuron	6331
5	interneuron	1268
5	interneuron	1525
5	interneuron	5504
5	interneuron	259232
5	interneuron	43
5	interneuron	157378
5	interneuron	23017
5	interneuron	10133
5	interneuron	8975
5	interneuron	2786
5	interneuron	114882
5	interneuron	10916
5	interneuron	5050
5	interneuron	3752
5	interneuron	29127
5	interneuron	5599
5	interneuron	1005
5	interneuron	2897
5	interneuron	10242
5	interneuron	3321
5	interneuron	30820
5	interneuron	9820
5	interneuron	319101
5	interneuron	5178
5	interneuron	9858
5	interneuron	57715
5	interneuron	140469
5	interneuron	23026
5	interneuron	60312
6	endothelial	966
6	endothelial	682
6	endothelial	6711
6	endothelial	8482
6	endothelial	9531
6	endothelial	6194
6	endothelial	121504
6	endothelial	10627
6	endothelial	7082
6	endothelial	29957
6	endothelial	6223
6	endothelial	123879
6	endothelial	6231
6	endothelial	11069
6	endothelial	6222
6	endothelial	23420
6	endothelial	6169
6	endothelial	6772
6	endothelial	6155
6	endothelial	6133
6	endothelial	3799
6	endothelial	4215
6	endothelial	23143
6	endothelial	1499
6	endothelial	3710
6	endothelial	26986
6	endothelial	762
6	endothelial	23499
6	endothelial	83595
6	endothelial	9349
6	endothelial	7798
6	endothelial	10529
6	endothelial	27343
6	endothelial	7164
6	endothelial	57568
6	endothelial	54873
6	endothelial	6520
6	endothelial	6135
6	endothelial	84230
6	endothelial	5097
6	endothelial	3983
6	endothelial	4128
6	endothelial	83872
6	endothelial	83892
6	endothelial	23607
6	endothelial	22985
6	endothelial	2335
6	endothelial	51100
6	endothelial	6566
6	endothelial	2321
6	endothelial	53918
6	endothelial	29941
6	endothelial	7779
6	endothelial	286410
6	endothelial	2317
6	endothelial	3703
6	endothelial	3643
6	endothelial	9806
6	endothelial	8914
6	endothelial	10135
6	endothelial	79443
6	endothelial	51752
6	endothelial	6840
6	endothelial	11214
6	endothelial	102
6	endothelial	7535
6	endothelial	8842
6	endothelial	3791
6	endothelial	3912
6	endothelial	116835
6	endothelial	23138
6	endothelial	7037
6	endothelial	8140
6	endothelial	9493
6	endothelial	2869
6	endothelial	2050
6	endothelial	23127
6	endothelial	8425
6	endothelial	254427
6	endothelial	5787
6	endothelial	55357
6	endothelial	2324
6	endothelial	3043
6	endothelial	26153
6	endothelial	8462
6	endothelial	54535
4	glutamateric	257194
4	glutamateric	9472
4	glutamateric	9568
4	glutamateric	4635
4	glutamateric	112476
4	glutamateric	5153
4	glutamateric	4259
4	glutamateric	134353
4	glutamateric	1795
4	glutamateric	25758
4	glutamateric	57144
4	glutamateric	5058
4	glutamateric	11248
4	glutamateric	5905
4	glutamateric	7464
4	glutamateric	51382
4	glutamateric	5214
4	glutamateric	387597
4	glutamateric	57648
4	glutamateric	23285
4	glutamateric	2675
4	glutamateric	5567
4	glutamateric	55690
4	glutamateric	784
4	glutamateric	8927
4	glutamateric	8650
4	glutamateric	84833
4	glutamateric	11141
4	glutamateric	50807
4	glutamateric	55450
4	glutamateric	23086
4	glutamateric	28512
4	glutamateric	26059
4	glutamateric	23396
4	glutamateric	22864
4	glutamateric	23395
4	glutamateric	254531
4	glutamateric	9478
4	glutamateric	491
4	glutamateric	23024
4	glutamateric	2899
4	glutamateric	9743
4	glutamateric	23242
4	glutamateric	56934
4	glutamateric	4830
4	glutamateric	6804
4	glutamateric	5099
4	glutamateric	488
4	glutamateric	6197
4	glutamateric	4208
4	glutamateric	84966
4	glutamateric	10645
4	glutamateric	773
4	glutamateric	25924
4	glutamateric	5593
4	glutamateric	2912
4	glutamateric	8448
4	glutamateric	401647
4	glutamateric	284069
4	glutamateric	476
4	glutamateric	8622
4	glutamateric	5297
4	glutamateric	2812
4	glutamateric	54972
4	glutamateric	27430
4	glutamateric	90990
4	glutamateric	810
4	glutamateric	335
4	glutamateric	1523
4	glutamateric	4621
4	glutamateric	151742
4	glutamateric	26230
4	glutamateric	54549
4	glutamateric	29953
4	glutamateric	5600
4	glutamateric	8911
4	glutamateric	93986
4	glutamateric	51377
4	glutamateric	7162
4	glutamateric	23762
4	glutamateric	114876
4	glutamateric	5121
4	glutamateric	7813
4	glutamateric	90134
4	glutamateric	9353
4	glutamateric	10587
4	glutamateric	23108
4	glutamateric	10776
4	glutamateric	1291
4	glutamateric	2046
4	glutamateric	80206
4	glutamateric	57626
4	glutamateric	125113
4	glutamateric	120892
4	glutamateric	55342
4	glutamateric	26034
7	astrocyte	79763
7	astrocyte	767
7	astrocyte	10160
7	astrocyte	37
7	astrocyte	219287
7	astrocyte	26232
7	astrocyte	2947
7	astrocyte	4045
7	astrocyte	56262
7	astrocyte	50808
7	astrocyte	56907
7	astrocyte	2731
7	astrocyte	2746
7	astrocyte	8601
7	astrocyte	56894
7	astrocyte	120
7	astrocyte	1271
7	astrocyte	2181
7	astrocyte	133686
7	astrocyte	10675
7	astrocyte	11170
7	astrocyte	874
7	astrocyte	788
7	astrocyte	1152
7	astrocyte	63916
7	astrocyte	55824
7	astrocyte	55326
7	astrocyte	64225
7	astrocyte	84293
7	astrocyte	2670
7	astrocyte	26027
7	astrocyte	84263
7	astrocyte	230
7	astrocyte	23205
7	astrocyte	178
7	astrocyte	2710
7	astrocyte	55604
7	astrocyte	3032
7	astrocyte	6714
7	astrocyte	501
7	astrocyte	10768
7	astrocyte	10810
7	astrocyte	1837
7	astrocyte	1463
7	astrocyte	7108
7	astrocyte	5955
7	astrocyte	10901
7	astrocyte	208
7	astrocyte	5654
7	astrocyte	108
7	astrocyte	6640
7	astrocyte	7360
7	astrocyte	2173
7	astrocyte	23305
7	astrocyte	4942
7	astrocyte	202333
7	astrocyte	7060
7	astrocyte	2997
7	astrocyte	5587
7	astrocyte	10082
7	astrocyte	824
7	astrocyte	56925
7	astrocyte	2272
7	astrocyte	657
7	astrocyte	4868
7	astrocyte	55160
7	astrocyte	5236
7	astrocyte	56996
7	astrocyte	84532
7	astrocyte	81567
7	astrocyte	171425
7	astrocyte	51635
7	astrocyte	3290
7	astrocyte	2053
7	astrocyte	4038
7	astrocyte	3000
7	astrocyte	79442
7	astrocyte	124739
7	astrocyte	80216
8	mural	2316
8	mural	8874
8	mural	55243
8	mural	51196
8	mural	1674
8	mural	59
8	mural	11034
8	mural	6093
8	mural	7169
8	mural	3964
8	mural	5339
8	mural	7871
8	mural	55082
8	mural	10620
8	mural	51101
8	mural	4659
8	mural	2983
8	mural	4629
8	mural	7168
8	mural	9644
8	mural	4000
8	mural	10398
8	mural	23164
8	mural	6876
8	mural	84033
8	mural	81532
8	mural	220164
8	mural	80781
8	mural	4638
8	mural	6764
8	mural	633
8	mural	11117
8	mural	9700
8	mural	8736
8	mural	112
