#flatfile
1	glutamateric	79763
1	glutamateric	23646
1	glutamateric	25902
1	glutamateric	3074
1	glutamateric	4831
1	glutamateric	6388
1	glutamateric	55515
1	glutamateric	8175
1	glutamateric	115286
1	glutamateric	55753
1	glutamateric	6050
1	glutamateric	56922
1	glutamateric	471
1	glutamateric	1012
1	glutamateric	57648
1	glutamateric	1397
1	glutamateric	84959
1	glutamateric	10367
1	glutamateric	90701
1	glutamateric	10952
1	glutamateric	9610
1	glutamateric	6184
1	glutamateric	493
1	glutamateric	8745
1	glutamateric	6134
1	glutamateric	22921
1	glutamateric	23423
1	glutamateric	4869
1	glutamateric	645
1	glutamateric	10399
1	glutamateric	84869
1	glutamateric	26047
1	glutamateric	5630
1	glutamateric	26353
1	glutamateric	10961
1	glutamateric	10007
1	glutamateric	202559
1	glutamateric	26580
1	glutamateric	93664
1	glutamateric	9545
1	glutamateric	23170
1	glutamateric	6748
1	glutamateric	10447
1	glutamateric	63897
1	glutamateric	152330
1	glutamateric	93986
1	glutamateric	2786
1	glutamateric	53826
1	glutamateric	23370
1	glutamateric	51084
1	glutamateric	8291
1	glutamateric	5464
1	glutamateric	3912
1	glutamateric	3251
1	glutamateric	6813
1	glutamateric	6623
1	glutamateric	30811
1	glutamateric	83473
1	glutamateric	6621
1	glutamateric	25879
1	glutamateric	79697
1	glutamateric	55515
1	glutamateric	7422
1	glutamateric	80347
1	glutamateric	118881
1	glutamateric	5591
1	glutamateric	1397
1	glutamateric	7873
1	glutamateric	3269
1	glutamateric	10952
1	glutamateric	23037
1	glutamateric	10156
1	glutamateric	6184
1	glutamateric	22921
1	glutamateric	9162
1	glutamateric	83442
1	glutamateric	10539
1	glutamateric	161725
1	glutamateric	26353
1	glutamateric	10961
1	glutamateric	87178
1	glutamateric	79876
1	glutamateric	55117
1	glutamateric	6748
1	glutamateric	4925
1	glutamateric	152330
1	glutamateric	93986
1	glutamateric	53826
1	glutamateric	1947
1	glutamateric	11214
1	glutamateric	3547
1	glutamateric	10943
1	glutamateric	5210
1	glutamateric	37
1	glutamateric	6388
1	glutamateric	55515
1	glutamateric	10076
1	glutamateric	1397
1	glutamateric	84959
1	glutamateric	3269
1	glutamateric	10952
1	glutamateric	493
1	glutamateric	10381
1	glutamateric	10935
1	glutamateric	108
1	glutamateric	6134
1	glutamateric	22921
1	glutamateric	1743
1	glutamateric	2539
1	glutamateric	405
1	glutamateric	92344
1	glutamateric	22990
1	glutamateric	56474
1	glutamateric	57019
1	glutamateric	826
1	glutamateric	2232
1	glutamateric	6261
1	glutamateric	28956
1	glutamateric	3752
1	glutamateric	80731
1	glutamateric	30820
1	glutamateric	30811
1	glutamateric	6836
1	glutamateric	23646
1	glutamateric	65263
1	glutamateric	2017
1	glutamateric	10154
1	glutamateric	6388
1	glutamateric	6185
1	glutamateric	1650
1	glutamateric	6141
1	glutamateric	6050
1	glutamateric	3964
1	glutamateric	1012
1	glutamateric	27247
1	glutamateric	1397
1	glutamateric	84959
1	glutamateric	7873
1	glutamateric	10367
1	glutamateric	10952
1	glutamateric	6134
1	glutamateric	22921
1	glutamateric	1937
1	glutamateric	23423
1	glutamateric	83442
1	glutamateric	6168
1	glutamateric	64087
1	glutamateric	427
1	glutamateric	10961
1	glutamateric	1007
1	glutamateric	6832
1	glutamateric	6748
1	glutamateric	342667
1	glutamateric	2232
1	glutamateric	152330
1	glutamateric	1652
1	glutamateric	6261
1	glutamateric	5983
1	glutamateric	2048
1	glutamateric	3321
1	glutamateric	1291
1	glutamateric	30811
1	glutamateric	8481
1	glutamateric	6776
1	glutamateric	6836
1	glutamateric	5746
1	glutamateric	9875
1	glutamateric	8912
1	glutamateric	23376
1	glutamateric	6206
1	glutamateric	2319
1	glutamateric	6147
1	glutamateric	1650
1	glutamateric	6141
1	glutamateric	6050
1	glutamateric	7422
1	glutamateric	7873
1	glutamateric	51762
1	glutamateric	6173
1	glutamateric	90701
1	glutamateric	10952
1	glutamateric	9615
1	glutamateric	8745
1	glutamateric	6134
1	glutamateric	22921
1	glutamateric	1937
1	glutamateric	23423
1	glutamateric	4869
1	glutamateric	80333
1	glutamateric	10961
1	glutamateric	1007
1	glutamateric	9545
1	glutamateric	81617
1	glutamateric	55117
1	glutamateric	116443
1	glutamateric	6748
1	glutamateric	342667
1	glutamateric	79572
1	glutamateric	169714
1	glutamateric	80198
1	glutamateric	54976
1	glutamateric	9324
1	glutamateric	65263
1	glutamateric	10154
1	glutamateric	6388
1	glutamateric	1650
1	glutamateric	7422
1	glutamateric	5834
1	glutamateric	7873
1	glutamateric	51762
1	glutamateric	90701
1	glutamateric	10952
1	glutamateric	6184
1	glutamateric	2043
1	glutamateric	3382
1	glutamateric	493
1	glutamateric	8745
1	glutamateric	6134
1	glutamateric	23423
1	glutamateric	6165
1	glutamateric	80333
1	glutamateric	10961
1	glutamateric	1007
1	glutamateric	2997
1	glutamateric	4043
1	glutamateric	93664
1	glutamateric	114
1	glutamateric	57128
1	glutamateric	116443
1	glutamateric	6748
1	glutamateric	342667
1	glutamateric	200205
1	glutamateric	57136
1	glutamateric	10102
1	glutamateric	6261
1	glutamateric	7813
1	glutamateric	6623
1	glutamateric	84524
1	glutamateric	57623
1	glutamateric	9761
1	glutamateric	4001
1	glutamateric	55515
1	glutamateric	6141
1	glutamateric	403
1	glutamateric	5798
1	glutamateric	10952
1	glutamateric	6184
1	glutamateric	84303
1	glutamateric	8745
1	glutamateric	1937
1	glutamateric	10961
1	glutamateric	1007
1	glutamateric	4043
1	glutamateric	3276
1	glutamateric	9545
1	glutamateric	5498
1	glutamateric	6748
1	glutamateric	347862
1	glutamateric	9353
1	glutamateric	10242
1	glutamateric	115557
2	dopaminergic	51760
2	dopaminergic	392617
2	dopaminergic	30844
2	dopaminergic	7781
2	dopaminergic	10076
2	dopaminergic	2110
2	dopaminergic	3241
2	dopaminergic	10493
2	dopaminergic	2675
2	dopaminergic	148281
2	dopaminergic	8825
2	dopaminergic	9369
2	dopaminergic	8574
2	dopaminergic	230
2	dopaminergic	286046
2	dopaminergic	2899
2	dopaminergic	63893
2	dopaminergic	5575
2	dopaminergic	10409
2	dopaminergic	3208
2	dopaminergic	84557
2	dopaminergic	23270
2	dopaminergic	26047
2	dopaminergic	3337
2	dopaminergic	4128
2	dopaminergic	2572
2	dopaminergic	55531
2	dopaminergic	5498
2	dopaminergic	23017
2	dopaminergic	11313
2	dopaminergic	53826
2	dopaminergic	80731
2	dopaminergic	55347
2	dopaminergic	23108
2	dopaminergic	10242
2	dopaminergic	6623
2	dopaminergic	5178
2	dopaminergic	9858
2	dopaminergic	57096
2	dopaminergic	140606
2	dopaminergic	6622
2	dopaminergic	11122
2	dopaminergic	30844
2	dopaminergic	7781
2	dopaminergic	60370
2	dopaminergic	8601
2	dopaminergic	57658
2	dopaminergic	50944
2	dopaminergic	3241
2	dopaminergic	11311
2	dopaminergic	2675
2	dopaminergic	84959
2	dopaminergic	3984
2	dopaminergic	84617
2	dopaminergic	9254
2	dopaminergic	2281
2	dopaminergic	54994
2	dopaminergic	5865
2	dopaminergic	26047
2	dopaminergic	27092
2	dopaminergic	8470
2	dopaminergic	219
2	dopaminergic	2572
2	dopaminergic	23408
2	dopaminergic	10102
2	dopaminergic	200576
2	dopaminergic	6623
2	dopaminergic	2674
2	dopaminergic	54976
2	dopaminergic	51760
2	dopaminergic	6622
2	dopaminergic	26232
2	dopaminergic	11122
2	dopaminergic	79643
2	dopaminergic	56262
2	dopaminergic	6854
2	dopaminergic	7781
2	dopaminergic	23236
2	dopaminergic	55753
2	dopaminergic	117145
2	dopaminergic	57530
2	dopaminergic	118881
2	dopaminergic	386617
2	dopaminergic	3241
2	dopaminergic	5217
2	dopaminergic	80852
2	dopaminergic	6810
2	dopaminergic	2675
2	dopaminergic	5136
2	dopaminergic	84959
2	dopaminergic	148281
2	dopaminergic	388695
2	dopaminergic	8650
2	dopaminergic	230
2	dopaminergic	92255
2	dopaminergic	9254
2	dopaminergic	56853
2	dopaminergic	27165
2	dopaminergic	10381
2	dopaminergic	2899
2	dopaminergic	27124
2	dopaminergic	5865
2	dopaminergic	5791
2	dopaminergic	51097
2	dopaminergic	23270
2	dopaminergic	10527
2	dopaminergic	25880
2	dopaminergic	5874
2	dopaminergic	2572
2	dopaminergic	57687
2	dopaminergic	23408
2	dopaminergic	114
2	dopaminergic	64754
2	dopaminergic	10447
2	dopaminergic	133418
2	dopaminergic	53826
2	dopaminergic	54795
2	dopaminergic	5983
2	dopaminergic	90134
2	dopaminergic	80731
2	dopaminergic	6531
2	dopaminergic	10242
2	dopaminergic	6623
2	dopaminergic	2674
2	dopaminergic	5927
2	dopaminergic	85444
2	dopaminergic	29944
2	dopaminergic	83699
2	dopaminergic	5095
2	dopaminergic	55379
2	dopaminergic	57216
2	dopaminergic	23479
2	dopaminergic	386617
2	dopaminergic	2110
2	dopaminergic	3241
2	dopaminergic	59353
2	dopaminergic	2011
2	dopaminergic	1013
2	dopaminergic	26063
2	dopaminergic	8825
2	dopaminergic	26036
2	dopaminergic	9826
2	dopaminergic	2899
2	dopaminergic	6232
2	dopaminergic	2539
2	dopaminergic	27092
2	dopaminergic	10814
2	dopaminergic	26353
2	dopaminergic	4796
2	dopaminergic	2572
2	dopaminergic	79568
2	dopaminergic	6091
2	dopaminergic	57128
2	dopaminergic	79707
2	dopaminergic	55308
2	dopaminergic	55226
2	dopaminergic	6531
2	dopaminergic	6623
2	dopaminergic	23007
2	dopaminergic	6041
2	dopaminergic	57096
2	dopaminergic	6776
2	dopaminergic	9640
2	dopaminergic	56145
2	dopaminergic	5746
2	dopaminergic	54897
2	dopaminergic	60312
3	GABAergic	3419
3	GABAergic	51760
3	GABAergic	128308
3	GABAergic	3420
3	GABAergic	478
3	GABAergic	2571
3	GABAergic	25791
3	GABAergic	1329
3	GABAergic	2675
3	GABAergic	9369
3	GABAergic	230
3	GABAergic	79735
3	GABAergic	6323
3	GABAergic	7798
3	GABAergic	27124
3	GABAergic	2554
3	GABAergic	4857
3	GABAergic	23270
3	GABAergic	92609
3	GABAergic	10814
3	GABAergic	6620
3	GABAergic	2572
3	GABAergic	57709
3	GABAergic	10007
3	GABAergic	285313
3	GABAergic	1268
3	GABAergic	55531
3	GABAergic	5498
3	GABAergic	8996
3	GABAergic	6324
3	GABAergic	6697
3	GABAergic	9662
3	GABAergic	10514
3	GABAergic	10891
3	GABAergic	64756
3	GABAergic	152579
3	GABAergic	57153
3	GABAergic	8828
3	GABAergic	10242
3	GABAergic	6623
3	GABAergic	5178
3	GABAergic	10615
3	GABAergic	51720
3	GABAergic	114786
3	GABAergic	285315
3	GABAergic	221545
3	GABAergic	8125
3	GABAergic	4900
3	GABAergic	3945
3	GABAergic	27067
3	GABAergic	4301
3	GABAergic	26232
3	GABAergic	11122
3	GABAergic	5923
3	GABAergic	9238
3	GABAergic	6854
3	GABAergic	1759
3	GABAergic	6252
3	GABAergic	22983
3	GABAergic	23479
3	GABAergic	478
3	GABAergic	30845
3	GABAergic	534
3	GABAergic	2571
3	GABAergic	9118
3	GABAergic	3745
3	GABAergic	5864
3	GABAergic	140707
3	GABAergic	1329
3	GABAergic	81563
3	GABAergic	2675
3	GABAergic	548596
3	GABAergic	128866
3	GABAergic	6857
3	GABAergic	22885
3	GABAergic	9369
3	GABAergic	3737
3	GABAergic	22954
3	GABAergic	230
3	GABAergic	178
3	GABAergic	6853
3	GABAergic	8514
3	GABAergic	271
3	GABAergic	6323
3	GABAergic	6843
3	GABAergic	10409
3	GABAergic	27349
3	GABAergic	2554
3	GABAergic	4857
3	GABAergic	3208
3	GABAergic	7447
3	GABAergic	23270
3	GABAergic	4905
3	GABAergic	2026
3	GABAergic	10814
3	GABAergic	1737
3	GABAergic	6620
3	GABAergic	2572
3	GABAergic	10605
3	GABAergic	9852
3	GABAergic	26010
3	GABAergic	9101
3	GABAergic	56977
3	GABAergic	55531
3	GABAergic	1293
3	GABAergic	6526
3	GABAergic	23017
3	GABAergic	8237
3	GABAergic	117
3	GABAergic	50649
3	GABAergic	11196
3	GABAergic	8828
3	GABAergic	6638
3	GABAergic	1662
3	GABAergic	2157
3	GABAergic	5178
3	GABAergic	23007
3	GABAergic	84948
3	GABAergic	10235
3	GABAergic	1159
3	GABAergic	29944
3	GABAergic	392617
3	GABAergic	11122
3	GABAergic	2890
3	GABAergic	3420
3	GABAergic	2770
3	GABAergic	2021
3	GABAergic	6546
3	GABAergic	478
3	GABAergic	4729
3	GABAergic	2571
3	GABAergic	3241
3	GABAergic	57648
3	GABAergic	1329
3	GABAergic	5136
3	GABAergic	55699
3	GABAergic	5606
3	GABAergic	9369
3	GABAergic	81889
3	GABAergic	5510
3	GABAergic	5563
3	GABAergic	7334
3	GABAergic	9615
3	GABAergic	493
3	GABAergic	196403
3	GABAergic	9229
3	GABAergic	5099
3	GABAergic	3208
3	GABAergic	5192
3	GABAergic	7447
3	GABAergic	6904
3	GABAergic	10814
3	GABAergic	5223
3	GABAergic	93145
3	GABAergic	64478
3	GABAergic	2572
3	GABAergic	10082
3	GABAergic	93664
3	GABAergic	25828
3	GABAergic	1445
3	GABAergic	2045
3	GABAergic	57037
3	GABAergic	4882
3	GABAergic	9470
3	GABAergic	284161
3	GABAergic	53826
3	GABAergic	9108
3	GABAergic	57683
3	GABAergic	9687
3	GABAergic	144402
3	GABAergic	2897
3	GABAergic	53944
3	GABAergic	5178
3	GABAergic	2571
3	GABAergic	9369
3	GABAergic	9031
3	GABAergic	6391
3	GABAergic	2572
3	GABAergic	23644
3	GABAergic	5208
3	GABAergic	53826
3	GABAergic	115557
3	GABAergic	8938
3	GABAergic	5865
3	GABAergic	55607
3	GABAergic	6233
3	GABAergic	56255
3	GABAergic	6531
3	GABAergic	50863
3	GABAergic	9699
3	GABAergic	546
3	GABAergic	6262
3	GABAergic	5605
3	GABAergic	6857
3	GABAergic	9379
3	GABAergic	55082
3	GABAergic	79884
3	GABAergic	80820
3	GABAergic	493
3	GABAergic	2891
3	GABAergic	387104
3	GABAergic	56255
3	GABAergic	80155
3	GABAergic	55870
3	GABAergic	23524
3	GABAergic	1954
3	GABAergic	57153
3	GABAergic	23046
3	GABAergic	2890
3	GABAergic	29957
3	GABAergic	5865
3	GABAergic	51204
3	GABAergic	144402
3	GABAergic	229
3	GABAergic	64748
3	GABAergic	4900
3	GABAergic	57628
3	GABAergic	11194
3	GABAergic	100287932
3	GABAergic	2820
3	GABAergic	5530
3	GABAergic	3420
3	GABAergic	10636
3	GABAergic	3927
3	GABAergic	10857
3	GABAergic	7087
3	GABAergic	57530
3	GABAergic	114569
3	GABAergic	2571
3	GABAergic	8575
3	GABAergic	6745
3	GABAergic	5136
3	GABAergic	9369
3	GABAergic	26575
3	GABAergic	51440
3	GABAergic	8938
3	GABAergic	9615
3	GABAergic	80820
3	GABAergic	7466
3	GABAergic	84947
3	GABAergic	2891
3	GABAergic	644150
3	GABAergic	4857
3	GABAergic	5099
3	GABAergic	3208
3	GABAergic	4869
3	GABAergic	80212
3	GABAergic	129049
3	GABAergic	2902
3	GABAergic	57510
3	GABAergic	57095
3	GABAergic	2572
3	GABAergic	285313
3	GABAergic	5649
3	GABAergic	54972
3	GABAergic	23474
3	GABAergic	1268
3	GABAergic	7223
3	GABAergic	50649
3	GABAergic	84816
3	GABAergic	79572
3	GABAergic	2674
3	GABAergic	463
3	GABAergic	7975
3	GABAergic	7781
3	GABAergic	6710
3	GABAergic	2571
3	GABAergic	3241
3	GABAergic	348980
3	GABAergic	1329
3	GABAergic	8825
3	GABAergic	9369
3	GABAergic	2686
3	GABAergic	92154
3	GABAergic	7798
3	GABAergic	51286
3	GABAergic	3208
3	GABAergic	7447
3	GABAergic	2572
3	GABAergic	9733
3	GABAergic	342184
3	GABAergic	5728
3	GABAergic	9375
3	GABAergic	5818
3	GABAergic	4625
3	GABAergic	2048
3	GABAergic	85444
3	GABAergic	63894
3	GABAergic	64748
3	GABAergic	56243
3	GABAergic	1968
3	GABAergic	9898
3	GABAergic	5576
3	GABAergic	9495
3	GABAergic	6854
3	GABAergic	6645
3	GABAergic	9901
3	GABAergic	9001
3	GABAergic	5609
3	GABAergic	2885
3	GABAergic	2010
3	GABAergic	5144
3	GABAergic	6546
3	GABAergic	5214
3	GABAergic	1191
3	GABAergic	2571
3	GABAergic	9118
3	GABAergic	8396
3	GABAergic	9231
3	GABAergic	93436
3	GABAergic	3241
3	GABAergic	6262
3	GABAergic	142678
3	GABAergic	84687
3	GABAergic	348980
3	GABAergic	59353
3	GABAergic	1329
3	GABAergic	2673
3	GABAergic	10613
3	GABAergic	84959
3	GABAergic	63908
3	GABAergic	4685
3	GABAergic	22885
3	GABAergic	814
3	GABAergic	9369
3	GABAergic	9555
3	GABAergic	12
3	GABAergic	140735
3	GABAergic	57596
3	GABAergic	230
3	GABAergic	10818
3	GABAergic	5529
3	GABAergic	57620
3	GABAergic	7187
3	GABAergic	25830
3	GABAergic	85397
3	GABAergic	9497
3	GABAergic	5532
3	GABAergic	80331
3	GABAergic	55698
3	GABAergic	10105
3	GABAergic	2899
3	GABAergic	5575
3	GABAergic	8658
3	GABAergic	10409
3	GABAergic	8506
3	GABAergic	3313
3	GABAergic	90550
3	GABAergic	4857
3	GABAergic	3208
3	GABAergic	23098
3	GABAergic	10539
3	GABAergic	7447
3	GABAergic	23270
3	GABAergic	41
3	GABAergic	55337
3	GABAergic	2036
3	GABAergic	8448
3	GABAergic	23025
3	GABAergic	10814
3	GABAergic	51517
3	GABAergic	207
3	GABAergic	670
3	GABAergic	5063
3	GABAergic	83892
3	GABAergic	2572
3	GABAergic	57709
3	GABAergic	285313
3	GABAergic	9465
3	GABAergic	9852
3	GABAergic	6331
3	GABAergic	6091
3	GABAergic	57687
3	GABAergic	93664
3	GABAergic	1268
3	GABAergic	7857
3	GABAergic	55531
3	GABAergic	22990
3	GABAergic	89801
3	GABAergic	43
3	GABAergic	7224
3	GABAergic	8975
3	GABAergic	11334
3	GABAergic	22870
3	GABAergic	607
3	GABAergic	85445
3	GABAergic	23406
3	GABAergic	5793
3	GABAergic	2786
3	GABAergic	50649
3	GABAergic	80028
3	GABAergic	53826
3	GABAergic	8450
3	GABAergic	64121
3	GABAergic	51218
3	GABAergic	3781
3	GABAergic	214
3	GABAergic	1948
3	GABAergic	79776
3	GABAergic	5818
3	GABAergic	317
3	GABAergic	150
3	GABAergic	8536
3	GABAergic	30820
3	GABAergic	2674
3	GABAergic	80000
3	GABAergic	9653
3	GABAergic	30811
3	GABAergic	57626
3	GABAergic	4175
3	GABAergic	5178
3	GABAergic	57096
3	GABAergic	463
3	GABAergic	90850
3	GABAergic	10235
3	GABAergic	6907
3	GABAergic	80198
3	GABAergic	27065
3	GABAergic	113201
3	GABAergic	26232
3	GABAergic	6147
3	GABAergic	3420
3	GABAergic	56993
3	GABAergic	9377
3	GABAergic	2287
3	GABAergic	8802
3	GABAergic	6546
3	GABAergic	23092
3	GABAergic	5214
3	GABAergic	26958
3	GABAergic	386617
3	GABAergic	4729
3	GABAergic	6710
3	GABAergic	1191
3	GABAergic	2571
3	GABAergic	80852
3	GABAergic	84959
3	GABAergic	55004
3	GABAergic	22872
3	GABAergic	9369
3	GABAergic	7167
3	GABAergic	230
3	GABAergic	64130
3	GABAergic	9254
3	GABAergic	80331
3	GABAergic	3608
3	GABAergic	7381
3	GABAergic	51693
3	GABAergic	143098
3	GABAergic	26047
3	GABAergic	10213
3	GABAergic	2572
3	GABAergic	57709
3	GABAergic	9990
3	GABAergic	9184
3	GABAergic	6331
3	GABAergic	93664
3	GABAergic	55531
3	GABAergic	200933
3	GABAergic	117
3	GABAergic	58497
3	GABAergic	8450
3	GABAergic	79571
3	GABAergic	63982
3	GABAergic	79776
3	GABAergic	3251
3	GABAergic	30820
3	GABAergic	2674
3	GABAergic	30811
3	GABAergic	57626
3	GABAergic	10943
3	GABAergic	23007
3	GABAergic	221935
3	GABAergic	463
3	GABAergic	7975
3	GABAergic	23646
3	GABAergic	9495
3	GABAergic	6388
3	GABAergic	1191
3	GABAergic	2571
3	GABAergic	3241
3	GABAergic	27247
3	GABAergic	2675
3	GABAergic	55004
3	GABAergic	8825
3	GABAergic	27165
3	GABAergic	2023
3	GABAergic	116841
3	GABAergic	23423
3	GABAergic	4728
3	GABAergic	6165
3	GABAergic	116143
3	GABAergic	10961
3	GABAergic	9184
3	GABAergic	4043
3	GABAergic	5587
3	GABAergic	7857
3	GABAergic	1069
3	GABAergic	9512
3	GABAergic	6748
3	GABAergic	28991
3	GABAergic	10330
3	GABAergic	342667
3	GABAergic	3959
3	GABAergic	53826
3	GABAergic	81542
3	GABAergic	80000
3	GABAergic	767
3	GABAergic	5923
3	GABAergic	9045
3	GABAergic	6147
3	GABAergic	6228
3	GABAergic	6141
3	GABAergic	6223
3	GABAergic	56922
3	GABAergic	10730
3	GABAergic	6139
3	GABAergic	12
3	GABAergic	80728
3	GABAergic	10952
3	GABAergic	9126
3	GABAergic	7019
3	GABAergic	1837
3	GABAergic	6167
3	GABAergic	6232
3	GABAergic	6134
3	GABAergic	6168
3	GABAergic	6233
3	GABAergic	7223
3	GABAergic	6748
3	GABAergic	826
3	GABAergic	1652
3	GABAergic	1947
3	GABAergic	7813
3	GABAergic	9069
3	GABAergic	1291
3	GABAergic	3547
3	GABAergic	9478
3	GABAergic	4659
3	GABAergic	7223
3	GABAergic	57037
3	GABAergic	57634
3	GABAergic	2048
3	GABAergic	6206
3	GABAergic	4736
3	GABAergic	6228
3	GABAergic	55515
3	GABAergic	10857
3	GABAergic	55333
3	GABAergic	3054
3	GABAergic	5865
3	GABAergic	6134
3	GABAergic	6165
3	GABAergic	6168
3	GABAergic	10399
3	GABAergic	41
3	GABAergic	4043
3	GABAergic	57687
3	GABAergic	6748
3	GABAergic	6447
3	GABAergic	5464
3	GABAergic	29127
3	GABAergic	30820
3	GABAergic	80017
3	GABAergic	8829
3	GABAergic	8575
3	GABAergic	81563
3	GABAergic	1397
3	GABAergic	51762
3	GABAergic	84617
3	GABAergic	23037
3	GABAergic	6167
3	GABAergic	6156
3	GABAergic	5865
3	GABAergic	6165
3	GABAergic	4869
3	GABAergic	203068
3	GABAergic	6233
3	GABAergic	132204
3	GABAergic	10987
3	GABAergic	10549
3	GABAergic	64168
3	GABAergic	7857
3	GABAergic	10072
3	GABAergic	327
3	GABAergic	8996
3	GABAergic	57128
3	GABAergic	23234
3	GABAergic	9353
3	GABAergic	2897
3	GABAergic	6623
3	GABAergic	83473
3	GABAergic	221935
3	GABAergic	6776
3	GABAergic	1080
3	GABAergic	54976
3	GABAergic	23646
3	GABAergic	2027
3	GABAergic	6141
3	GABAergic	5577
3	GABAergic	8829
3	GABAergic	6451
3	GABAergic	81611
3	GABAergic	12
3	GABAergic	284106
3	GABAergic	399473
3	GABAergic	4043
3	GABAergic	7857
3	GABAergic	1069
3	GABAergic	6748
3	GABAergic	214
3	GABAergic	65244
3	GABAergic	3752
3	GABAergic	9353
3	GABAergic	6776
3	GABAergic	5746
3	GABAergic	22981
3	GABAergic	1080
1	glutamateric	4884
1	glutamateric	118812
1	glutamateric	5214
1	glutamateric	386617
1	glutamateric	5136
1	glutamateric	64087
1	glutamateric	6748
1	glutamateric	26031
1	glutamateric	4925
1	glutamateric	10916
1	glutamateric	51084
1	glutamateric	150
1	glutamateric	2674
1	glutamateric	57626
1	glutamateric	1080
1	glutamateric	56243
1	glutamateric	201161
1	glutamateric	7461
1	glutamateric	83605
1	glutamateric	2011
1	glutamateric	7881
1	glutamateric	9652
1	glutamateric	9610
1	glutamateric	286046
1	glutamateric	55697
1	glutamateric	9228
1	glutamateric	9733
1	glutamateric	84678
1	glutamateric	1523
1	glutamateric	1293
1	glutamateric	5795
1	glutamateric	79414
1	glutamateric	987
1	glutamateric	160418
1	glutamateric	8291
1	glutamateric	80816
1	glutamateric	23046
1	glutamateric	1291
1	glutamateric	6621
1	glutamateric	146705
1	glutamateric	114928
1	glutamateric	55515
1	glutamateric	10675
1	glutamateric	25814
1	glutamateric	5865
1	glutamateric	83988
1	glutamateric	5874
1	glutamateric	6447
1	glutamateric	3872
1	glutamateric	55515
1	glutamateric	6594
1	glutamateric	2893
1	glutamateric	23037
1	glutamateric	6233
1	glutamateric	64432
1	glutamateric	4043
1	glutamateric	51741
1	glutamateric	29953
1	glutamateric	23646
1	glutamateric	4062
1	glutamateric	55515
1	glutamateric	572
1	glutamateric	471
1	glutamateric	5798
1	glutamateric	5563
1	glutamateric	8938
1	glutamateric	2023
1	glutamateric	5865
1	glutamateric	7916
1	glutamateric	3149
1	glutamateric	51693
1	glutamateric	10961
1	glutamateric	4043
1	glutamateric	26580
1	glutamateric	7857
1	glutamateric	6748
1	glutamateric	124454
1	glutamateric	3912
1	glutamateric	6623
1	glutamateric	389840
1	glutamateric	64377
1	glutamateric	285315
1	glutamateric	767
1	glutamateric	56924
1	glutamateric	1004
1	glutamateric	5865
1	glutamateric	7857
1	glutamateric	94121
1	glutamateric	2157
1	glutamateric	83473
1	glutamateric	541468
1	glutamateric	5210
1	glutamateric	767
1	glutamateric	5923
1	glutamateric	6388
1	glutamateric	781
1	glutamateric	1191
1	glutamateric	387597
1	glutamateric	55631
1	glutamateric	2675
1	glutamateric	1397
1	glutamateric	54828
1	glutamateric	148281
1	glutamateric	3012
1	glutamateric	83988
1	glutamateric	961
1	glutamateric	5874
1	glutamateric	1114
1	glutamateric	793
1	glutamateric	7857
1	glutamateric	6526
1	glutamateric	157378
1	glutamateric	93986
1	glutamateric	133418
1	glutamateric	3912
1	glutamateric	2042
1	glutamateric	10769
1	glutamateric	64377
1	glutamateric	23646
1	glutamateric	2027
1	glutamateric	27439
1	glutamateric	4062
1	glutamateric	6388
1	glutamateric	10076
1	glutamateric	1191
1	glutamateric	6451
1	glutamateric	2011
1	glutamateric	399473
1	glutamateric	5865
1	glutamateric	23423
1	glutamateric	645
1	glutamateric	83988
1	glutamateric	7425
1	glutamateric	88
1	glutamateric	2539
1	glutamateric	10961
1	glutamateric	4043
1	glutamateric	7857
1	glutamateric	6748
1	glutamateric	3959
1	glutamateric	2786
1	glutamateric	1947
1	glutamateric	2042
1	glutamateric	54897
1	glutamateric	30844
1	glutamateric	29919
1	glutamateric	230
1	glutamateric	10295
1	glutamateric	90550
1	glutamateric	7223
1	glutamateric	55117
1	glutamateric	152330
1	glutamateric	7162
1	glutamateric	6638
1	glutamateric	94121
1	glutamateric	57626
1	glutamateric	11138
1	glutamateric	60312
1	glutamateric	4900
1	glutamateric	54331
1	glutamateric	6683
1	glutamateric	57496
1	glutamateric	2746
1	glutamateric	90249
1	glutamateric	7087
1	glutamateric	6861
1	glutamateric	2571
1	glutamateric	3241
1	glutamateric	4709
1	glutamateric	1397
1	glutamateric	5136
1	glutamateric	9369
1	glutamateric	3839
1	glutamateric	6173
1	glutamateric	9615
1	glutamateric	1537
1	glutamateric	5099
1	glutamateric	6165
1	glutamateric	26037
1	glutamateric	51693
1	glutamateric	2572
1	glutamateric	92344
1	glutamateric	7223
1	glutamateric	9931
1	glutamateric	144402
1	glutamateric	94121
1	glutamateric	2674
1	glutamateric	9615
1	glutamateric	93664
1	glutamateric	2274
1	glutamateric	463
1	glutamateric	9045
1	glutamateric	6228
1	glutamateric	10273
1	glutamateric	65992
1	glutamateric	57496
1	glutamateric	10857
1	glutamateric	6223
1	glutamateric	5865
1	glutamateric	6168
1	glutamateric	1608
1	glutamateric	7857
1	glutamateric	463
1	glutamateric	5138
1	glutamateric	6647
1	glutamateric	4869
1	glutamateric	8237
1	glutamateric	8864
1	glutamateric	6195
1	glutamateric	9255
1	glutamateric	5705
1	glutamateric	5865
1	glutamateric	7857
1	glutamateric	286
1	glutamateric	1650
1	glutamateric	11248
1	glutamateric	29919
1	glutamateric	10367
1	glutamateric	140465
1	glutamateric	271
1	glutamateric	5865
1	glutamateric	80279
1	glutamateric	57568
1	glutamateric	25940
1	glutamateric	6233
1	glutamateric	10961
1	glutamateric	57709
1	glutamateric	5649
1	glutamateric	6748
1	glutamateric	83473
1	glutamateric	57623
1	glutamateric	2903
1	glutamateric	6092
1	glutamateric	57521
1	glutamateric	80017
1	glutamateric	23171
1	glutamateric	6710
1	glutamateric	23281
1	glutamateric	10493
1	glutamateric	1329
1	glutamateric	23373
1	glutamateric	22866
1	glutamateric	26289
1	glutamateric	81876
1	glutamateric	271
1	glutamateric	2023
1	glutamateric	55697
1	glutamateric	90550
1	glutamateric	84630
1	glutamateric	10999
1	glutamateric	26037
1	glutamateric	27154
1	glutamateric	286410
1	glutamateric	2045
1	glutamateric	6324
1	glutamateric	1630
1	glutamateric	23151
1	glutamateric	23762
1	glutamateric	63982
1	glutamateric	2274
1	glutamateric	23102
1	glutamateric	9875
1	glutamateric	2903
1	glutamateric	4900
1	glutamateric	79791
1	glutamateric	58
1	glutamateric	5534
1	glutamateric	4884
1	glutamateric	5530
1	glutamateric	5579
1	glutamateric	11336
1	glutamateric	117177
1	glutamateric	10636
1	glutamateric	79012
1	glutamateric	57496
1	glutamateric	26019
1	glutamateric	4747
1	glutamateric	781
1	glutamateric	90249
1	glutamateric	8601
1	glutamateric	26958
1	glutamateric	3241
1	glutamateric	6262
1	glutamateric	1012
1	glutamateric	59353
1	glutamateric	1329
1	glutamateric	548596
1	glutamateric	7881
1	glutamateric	55361
1	glutamateric	2900
1	glutamateric	10458
1	glutamateric	1607
1	glutamateric	3737
1	glutamateric	230
1	glutamateric	7187
1	glutamateric	9615
1	glutamateric	64405
1	glutamateric	6843
1	glutamateric	9826
1	glutamateric	5575
1	glutamateric	22808
1	glutamateric	8506
1	glutamateric	56934
1	glutamateric	7070
1	glutamateric	1399
1	glutamateric	8443
1	glutamateric	4857
1	glutamateric	55607
1	glutamateric	3208
1	glutamateric	10645
1	glutamateric	7447
1	glutamateric	80212
1	glutamateric	5924
1	glutamateric	8448
1	glutamateric	87
1	glutamateric	1608
1	glutamateric	2026
1	glutamateric	57084
1	glutamateric	10072
1	glutamateric	5073
1	glutamateric	2590
1	glutamateric	79707
1	glutamateric	9759
1	glutamateric	1954
1	glutamateric	53822
1	glutamateric	8447
1	glutamateric	4625
1	glutamateric	54880
1	glutamateric	29855
1	glutamateric	1159
1	glutamateric	164592
1	glutamateric	54897
1	glutamateric	8912
1	glutamateric	51617
1	glutamateric	156
1	glutamateric	4900
1	glutamateric	4884
1	glutamateric	51571
1	glutamateric	6327
1	glutamateric	2890
1	glutamateric	2562
1	glutamateric	5530
1	glutamateric	23171
1	glutamateric	6854
1	glutamateric	25758
1	glutamateric	5594
1	glutamateric	10636
1	glutamateric	79012
1	glutamateric	377
1	glutamateric	5361
1	glutamateric	57496
1	glutamateric	6252
1	glutamateric	10243
1	glutamateric	781
1	glutamateric	8601
1	glutamateric	400745
1	glutamateric	23092
1	glutamateric	114569
1	glutamateric	1002
1	glutamateric	3241
1	glutamateric	6262
1	glutamateric	1012
1	glutamateric	348980
1	glutamateric	25791
1	glutamateric	59353
1	glutamateric	8675
1	glutamateric	9555
1	glutamateric	1607
1	glutamateric	3737
1	glutamateric	7453
1	glutamateric	230
1	glutamateric	8938
1	glutamateric	10982
1	glutamateric	9615
1	glutamateric	6843
1	glutamateric	9522
1	glutamateric	80331
1	glutamateric	10295
1	glutamateric	493
1	glutamateric	8078
1	glutamateric	8506
1	glutamateric	56934
1	glutamateric	7070
1	glutamateric	2891
1	glutamateric	55262
1	glutamateric	10645
1	glutamateric	23163
1	glutamateric	287
1	glutamateric	5924
1	glutamateric	10970
1	glutamateric	2026
1	glutamateric	5362
1	glutamateric	2915
1	glutamateric	8622
1	glutamateric	219
1	glutamateric	57084
1	glutamateric	57709
1	glutamateric	79568
1	glutamateric	116931
1	glutamateric	6331
1	glutamateric	1268
1	glutamateric	5663
1	glutamateric	26010
1	glutamateric	6196
1	glutamateric	1123
1	glutamateric	83851
1	glutamateric	78987
1	glutamateric	63982
1	glutamateric	8447
1	glutamateric	4625
1	glutamateric	94121
1	glutamateric	30820
1	glutamateric	83473
1	glutamateric	23353
1	glutamateric	675
1	glutamateric	27065
1	glutamateric	2287
1	glutamateric	201161
1	glutamateric	6854
1	glutamateric	1004
1	glutamateric	27092
1	glutamateric	405
1	glutamateric	57084
1	glutamateric	2317
1	glutamateric	8891
1	glutamateric	5550
1	glutamateric	84948
1	glutamateric	56341
1	glutamateric	79012
1	glutamateric	22895
1	glutamateric	23154
1	glutamateric	55512
1	glutamateric	115827
1	glutamateric	7881
1	glutamateric	9899
1	glutamateric	3708
1	glutamateric	6326
1	glutamateric	57084
1	glutamateric	793
1	glutamateric	22854
1	glutamateric	78987
1	glutamateric	5224
1	glutamateric	2027
1	glutamateric	6792
1	glutamateric	6506
1	glutamateric	27132
1	glutamateric	91404
1	glutamateric	9066
1	glutamateric	29934
1	glutamateric	56934
1	glutamateric	9229
1	glutamateric	26011
1	glutamateric	64168
1	glutamateric	8455
1	glutamateric	64921
1	glutamateric	22854
1	glutamateric	6638
1	glutamateric	8924
1	glutamateric	9475
1	glutamateric	5579
1	glutamateric	5153
1	glutamateric	25758
1	glutamateric	79012
1	glutamateric	132299
1	glutamateric	6857
1	glutamateric	10178
1	glutamateric	6263
1	glutamateric	56934
1	glutamateric	7070
1	glutamateric	2817
1	glutamateric	2912
1	glutamateric	146330
1	glutamateric	57084
1	glutamateric	5867
1	glutamateric	22990
1	glutamateric	55308
1	glutamateric	22854
1	glutamateric	392862
1	glutamateric	386617
1	glutamateric	9118
1	glutamateric	1131
1	glutamateric	56977
1	glutamateric	222236
1	glutamateric	10160
1	glutamateric	392617
1	glutamateric	382
1	glutamateric	790
1	glutamateric	118812
1	glutamateric	57530
1	glutamateric	29957
1	glutamateric	5591
1	glutamateric	57180
1	glutamateric	92255
1	glutamateric	23085
1	glutamateric	85397
1	glutamateric	9478
1	glutamateric	7916
1	glutamateric	143098
1	glutamateric	9897
1	glutamateric	7064
1	glutamateric	9943
1	glutamateric	607
1	glutamateric	93986
1	glutamateric	23762
1	glutamateric	57795
1	glutamateric	11214
1	glutamateric	1129
1	glutamateric	59269
1	glutamateric	54617
1	glutamateric	60312
1	glutamateric	966
1	glutamateric	285315
1	glutamateric	51617
1	glutamateric	1729
1	glutamateric	56243
1	glutamateric	10160
1	glutamateric	156
1	glutamateric	2903
1	glutamateric	25902
1	glutamateric	153090
1	glutamateric	10287
1	glutamateric	392862
1	glutamateric	57628
1	glutamateric	2185
1	glutamateric	8525
1	glutamateric	65078
1	glutamateric	11194
1	glutamateric	6092
1	glutamateric	57521
1	glutamateric	382
1	glutamateric	1740
1	glutamateric	22843
1	glutamateric	10900
1	glutamateric	6687
1	glutamateric	2319
1	glutamateric	9568
1	glutamateric	57670
1	glutamateric	27445
1	glutamateric	30844
1	glutamateric	154810
1	glutamateric	1384
1	glutamateric	6327
1	glutamateric	10815
1	glutamateric	85461
1	glutamateric	6187
1	glutamateric	8079
1	glutamateric	1845
1	glutamateric	6792
1	glutamateric	9898
1	glutamateric	6683
1	glutamateric	112476
1	glutamateric	5515
1	glutamateric	22924
1	glutamateric	5579
1	glutamateric	85358
1	glutamateric	11033
1	glutamateric	5153
1	glutamateric	57464
1	glutamateric	83699
1	glutamateric	134353
1	glutamateric	1809
1	glutamateric	117177
1	glutamateric	6456
1	glutamateric	8851
1	glutamateric	286
1	glutamateric	790
1	glutamateric	5536
1	glutamateric	9185
1	glutamateric	54704
1	glutamateric	84258
1	glutamateric	1821
1	glutamateric	9892
1	glutamateric	79012
1	glutamateric	5116
1	glutamateric	60626
1	glutamateric	5129
1	glutamateric	377
1	glutamateric	6334
1	glutamateric	9515
1	glutamateric	111
1	glutamateric	5361
1	glutamateric	8867
1	glutamateric	1173
1	glutamateric	23367
1	glutamateric	3927
1	glutamateric	57520
1	glutamateric	9699
1	glutamateric	1759
1	glutamateric	5912
1	glutamateric	535
1	glutamateric	2911
1	glutamateric	6000
1	glutamateric	22895
1	glutamateric	823
1	glutamateric	4747
1	glutamateric	6252
1	glutamateric	738
1	glutamateric	26000
1	glutamateric	57222
1	glutamateric	785
1	glutamateric	6506
1	glutamateric	2059
1	glutamateric	26999
1	glutamateric	90362
1	glutamateric	5144
1	glutamateric	7464
1	glutamateric	26012
1	glutamateric	9114
1	glutamateric	8601
1	glutamateric	7422
1	glutamateric	79877
1	glutamateric	29957
1	glutamateric	6546
1	glutamateric	794
1	glutamateric	6812
1	glutamateric	114569
1	glutamateric	5577
1	glutamateric	22920
1	glutamateric	23154
1	glutamateric	11059
1	glutamateric	1459
1	glutamateric	7533
1	glutamateric	3778
1	glutamateric	160
1	glutamateric	9829
1	glutamateric	116986
1	glutamateric	115703
1	glutamateric	6710
1	glutamateric	135112
1	glutamateric	10486
1	glutamateric	89941
1	glutamateric	387597
1	glutamateric	9118
1	glutamateric	8776
1	glutamateric	10097
1	glutamateric	4644
1	glutamateric	10368
1	glutamateric	5797
1	glutamateric	3745
1	glutamateric	142678
1	glutamateric	84687
1	glutamateric	114294
1	glutamateric	1454
1	glutamateric	5864
1	glutamateric	55512
1	glutamateric	7024
1	glutamateric	83605
1	glutamateric	5306
1	glutamateric	3786
1	glutamateric	29094
1	glutamateric	3751
1	glutamateric	11113
1	glutamateric	788
1	glutamateric	79567
1	glutamateric	81563
1	glutamateric	7345
1	glutamateric	10540
1	glutamateric	5339
1	glutamateric	2673
1	glutamateric	7881
1	glutamateric	54828
1	glutamateric	23731
1	glutamateric	54550
1	glutamateric	63908
1	glutamateric	27132
1	glutamateric	23504
1	glutamateric	128866
1	glutamateric	388695
1	glutamateric	2977
1	glutamateric	124044
1	glutamateric	3632
1	glutamateric	29993
1	glutamateric	5565
1	glutamateric	91404
1	glutamateric	84446
1	glutamateric	747
1	glutamateric	55729
1	glutamateric	6857
1	glutamateric	55690
1	glutamateric	10439
1	glutamateric	10178
1	glutamateric	91978
1	glutamateric	81565
1	glutamateric	7917
1	glutamateric	775
1	glutamateric	6293
1	glutamateric	22866
1	glutamateric	12
1	glutamateric	8541
1	glutamateric	84617
1	glutamateric	6867
1	glutamateric	5332
1	glutamateric	22995
1	glutamateric	23426
1	glutamateric	22839
1	glutamateric	3737
1	glutamateric	26289
1	glutamateric	817
1	glutamateric	25999
1	glutamateric	81876
1	glutamateric	5563
1	glutamateric	50807
1	glutamateric	55450
1	glutamateric	26036
1	glutamateric	4744
1	glutamateric	9605
1	glutamateric	84894
1	glutamateric	58512
1	glutamateric	148252
1	glutamateric	29801
1	glutamateric	9066
1	glutamateric	9899
1	glutamateric	6853
1	glutamateric	2782
1	glutamateric	9145
1	glutamateric	8514
1	glutamateric	92255
1	glutamateric	22864
1	glutamateric	5581
1	glutamateric	57554
1	glutamateric	27165
1	glutamateric	10982
1	glutamateric	23085
1	glutamateric	2043
1	glutamateric	2557
1	glutamateric	6263
1	glutamateric	136319
1	glutamateric	254531
1	glutamateric	11217
1	glutamateric	1917
1	glutamateric	6323
1	glutamateric	260425
1	glutamateric	5528
1	glutamateric	57605
1	glutamateric	2904
1	glutamateric	10094
1	glutamateric	1501
1	glutamateric	85397
1	glutamateric	9826
1	glutamateric	9758
1	glutamateric	129285
1	glutamateric	5532
1	glutamateric	1463
1	glutamateric	66004
1	glutamateric	80331
1	glutamateric	2281
1	glutamateric	55698
1	glutamateric	5799
1	glutamateric	9378
1	glutamateric	399473
1	glutamateric	7416
1	glutamateric	23165
1	glutamateric	63893
1	glutamateric	6709
1	glutamateric	145567
1	glutamateric	51286
1	glutamateric	29888
1	glutamateric	2983
1	glutamateric	10409
1	glutamateric	54994
1	glutamateric	8506
1	glutamateric	56934
1	glutamateric	23072
1	glutamateric	8745
1	glutamateric	7070
1	glutamateric	8936
1	glutamateric	9229
1	glutamateric	8480
1	glutamateric	4008
1	glutamateric	7164
1	glutamateric	23576
1	glutamateric	81553
1	glutamateric	90550
1	glutamateric	2554
1	glutamateric	6804
1	glutamateric	387104
1	glutamateric	2817
1	glutamateric	482
1	glutamateric	4208
1	glutamateric	285172
1	glutamateric	9821
1	glutamateric	3831
1	glutamateric	25921
1	glutamateric	84630
1	glutamateric	84966
1	glutamateric	57568
1	glutamateric	8502
1	glutamateric	90957
1	glutamateric	2550
1	glutamateric	10645
1	glutamateric	1496
1	glutamateric	7447
1	glutamateric	5582
1	glutamateric	23163
1	glutamateric	80212
1	glutamateric	401190
1	glutamateric	81855
1	glutamateric	7222
1	glutamateric	773
1	glutamateric	7425
1	glutamateric	6844
1	glutamateric	6833
1	glutamateric	5593
1	glutamateric	29942
1	glutamateric	2912
1	glutamateric	7532
1	glutamateric	10659
1	glutamateric	2561
1	glutamateric	56848
1	glutamateric	57497
1	glutamateric	4905
1	glutamateric	22891
1	glutamateric	340527
1	glutamateric	9644
1	glutamateric	10845
1	glutamateric	11151
1	glutamateric	5630
1	glutamateric	2902
1	glutamateric	3897
1	glutamateric	6326
1	glutamateric	8913
1	glutamateric	3983
1	glutamateric	10970
1	glutamateric	51560
1	glutamateric	1993
1	glutamateric	80207
1	glutamateric	5362
1	glutamateric	146330
1	glutamateric	5223
1	glutamateric	65059
1	glutamateric	2915
1	glutamateric	161725
1	glutamateric	54477
1	glutamateric	405
1	glutamateric	1400
1	glutamateric	1460
1	glutamateric	3739
1	glutamateric	83660
1	glutamateric	961
1	glutamateric	92840
1	glutamateric	2812
1	glutamateric	27154
1	glutamateric	57084
1	glutamateric	6620
1	glutamateric	55681
1	glutamateric	51133
1	glutamateric	23287
1	glutamateric	9321
1	glutamateric	64168
1	glutamateric	8452
1	glutamateric	1006
1	glutamateric	1007
1	glutamateric	54972
1	glutamateric	9685
1	glutamateric	3747
1	glutamateric	23028
1	glutamateric	80727
1	glutamateric	51592
1	glutamateric	10656
1	glutamateric	64089
1	glutamateric	6091
1	glutamateric	84678
1	glutamateric	793
1	glutamateric	64753
1	glutamateric	5580
1	glutamateric	1838
1	glutamateric	4363
1	glutamateric	1131
1	glutamateric	23623
1	glutamateric	10072
1	glutamateric	283871
1	glutamateric	1293
1	glutamateric	10125
1	glutamateric	7296
1	glutamateric	444
1	glutamateric	9931
1	glutamateric	114
1	glutamateric	2648
1	glutamateric	286410
1	glutamateric	10395
1	glutamateric	26093
1	glutamateric	43
1	glutamateric	1445
1	glutamateric	54622
1	glutamateric	104
1	glutamateric	6324
1	glutamateric	26100
1	glutamateric	5218
1	glutamateric	10447
1	glutamateric	26031
1	glutamateric	6697
1	glutamateric	3633
1	glutamateric	8975
1	glutamateric	2317
1	glutamateric	22870
1	glutamateric	200734
1	glutamateric	5073
1	glutamateric	1630
1	glutamateric	9470
1	glutamateric	4012
1	glutamateric	89795
1	glutamateric	93986
1	glutamateric	79718
1	glutamateric	1952
1	glutamateric	5793
1	glutamateric	54497
1	glutamateric	57718
1	glutamateric	5795
1	glutamateric	9806
1	glutamateric	58497
1	glutamateric	79585
1	glutamateric	2590
1	glutamateric	79414
1	glutamateric	112939
1	glutamateric	7074
1	glutamateric	987
1	glutamateric	9439
1	glutamateric	80028
1	glutamateric	64756
1	glutamateric	22865
1	glutamateric	114882
1	glutamateric	3268
1	glutamateric	9810
1	glutamateric	11196
1	glutamateric	57486
1	glutamateric	222236
1	glutamateric	23762
1	glutamateric	57795
1	glutamateric	23370
1	glutamateric	3267
1	glutamateric	5728
1	glutamateric	23385
1	glutamateric	7813
1	glutamateric	152579
1	glutamateric	22854
1	glutamateric	57120
1	glutamateric	57153
1	glutamateric	7535
1	glutamateric	90
1	glutamateric	10347
1	glutamateric	57092
1	glutamateric	53822
1	glutamateric	23013
1	glutamateric	5599
1	glutamateric	9397
1	glutamateric	55040
1	glutamateric	1129
1	glutamateric	59269
1	glutamateric	83394
1	glutamateric	6195
1	glutamateric	151963
1	glutamateric	55814
1	glutamateric	54875
1	glutamateric	1662
1	glutamateric	2046
1	glutamateric	284656
1	glutamateric	116151
1	glutamateric	54617
1	glutamateric	85379
1	glutamateric	56479
1	glutamateric	3801
1	glutamateric	389840
1	glutamateric	23007
1	glutamateric	132320
1	glutamateric	6621
1	glutamateric	55342
1	glutamateric	23102
1	glutamateric	84629
1	glutamateric	140803
1	glutamateric	8633
1	glutamateric	114786
1	glutamateric	57623
1	glutamateric	23090
1	glutamateric	10235
1	glutamateric	64377
1	glutamateric	5187
1	glutamateric	6405
1	glutamateric	27065
1	glutamateric	1951
1	glutamateric	79697
1	glutamateric	283373
1	glutamateric	60312
1	glutamateric	64748
1	glutamateric	6327
1	glutamateric	6792
1	glutamateric	6683
1	glutamateric	5579
1	glutamateric	6854
1	glutamateric	22895
1	glutamateric	22983
1	glutamateric	794
1	glutamateric	114569
1	glutamateric	11069
1	glutamateric	84687
1	glutamateric	1454
1	glutamateric	142
1	glutamateric	3984
1	glutamateric	22866
1	glutamateric	8506
1	glutamateric	7070
1	glutamateric	9162
1	glutamateric	7916
1	glutamateric	84557
1	glutamateric	773
1	glutamateric	10999
1	glutamateric	2912
1	glutamateric	9644
1	glutamateric	51133
1	glutamateric	64168
1	glutamateric	54972
1	glutamateric	80724
1	glutamateric	3633
1	glutamateric	22870
1	glutamateric	93986
1	glutamateric	9806
1	glutamateric	7919
1	glutamateric	200576
1	glutamateric	22854
1	glutamateric	90
1	glutamateric	23046
1	glutamateric	6195
1	glutamateric	171023
1	glutamateric	25962
1	glutamateric	64377
1	glutamateric	5187
1	glutamateric	60312
1	glutamateric	11122
1	glutamateric	3842
1	glutamateric	85461
1	glutamateric	5129
1	glutamateric	6334
1	glutamateric	6262
1	glutamateric	65082
1	glutamateric	81563
1	glutamateric	3737
1	glutamateric	5335
1	glutamateric	9145
1	glutamateric	8408
1	glutamateric	7070
1	glutamateric	2817
1	glutamateric	84630
1	glutamateric	773
1	glutamateric	81846
1	glutamateric	57410
1	glutamateric	116931
1	glutamateric	6505
1	glutamateric	56977
1	glutamateric	9662
1	glutamateric	53944
1	glutamateric	10615
1	glutamateric	8633
1	glutamateric	22981
1	glutamateric	112755
1	glutamateric	553115
1	glutamateric	140465
1	glutamateric	215
1	glutamateric	5528
1	glutamateric	56252
1	glutamateric	7143
1	glutamateric	81846
1	glutamateric	87178
1	glutamateric	9108
1	glutamateric	115992
1	glutamateric	2903
1	glutamateric	5095
1	glutamateric	6334
1	glutamateric	7204
1	glutamateric	26012
1	glutamateric	80347
1	glutamateric	478
1	glutamateric	6262
1	glutamateric	348980
1	glutamateric	10570
1	glutamateric	408
1	glutamateric	84894
1	glutamateric	7187
1	glutamateric	493
1	glutamateric	399473
1	glutamateric	8506
1	glutamateric	2554
1	glutamateric	5192
1	glutamateric	25921
1	glutamateric	645
1	glutamateric	55717
1	glutamateric	23505
1	glutamateric	116443
1	glutamateric	63897
1	glutamateric	2317
1	glutamateric	9662
1	glutamateric	85445
1	glutamateric	10102
1	glutamateric	3781
1	glutamateric	7837
1	glutamateric	6621
1	glutamateric	84524
1	glutamateric	9640
1	glutamateric	11122
1	glutamateric	2027
1	glutamateric	57670
1	glutamateric	6262
1	glutamateric	84687
1	glutamateric	10156
1	glutamateric	9478
1	glutamateric	65268
1	glutamateric	196403
1	glutamateric	5791
1	glutamateric	84966
1	glutamateric	7143
1	glutamateric	1460
1	glutamateric	23384
1	glutamateric	883
1	glutamateric	166378
1	glutamateric	5531
1	glutamateric	57486
1	glutamateric	23046
1	glutamateric	55814
1	glutamateric	3070
1	glutamateric	30811
1	glutamateric	8481
1	glutamateric	11138
1	glutamateric	7975
1	glutamateric	54566
1	glutamateric	2903
1	glutamateric	219287
1	glutamateric	2319
1	glutamateric	286
1	glutamateric	79012
1	glutamateric	9667
1	glutamateric	4685
1	glutamateric	775
1	glutamateric	7407
1	glutamateric	84866
1	glutamateric	6323
1	glutamateric	8506
1	glutamateric	4008
1	glutamateric	23098
1	glutamateric	23644
1	glutamateric	10973
1	glutamateric	1609
1	glutamateric	6324
1	glutamateric	9943
1	glutamateric	5269
1	glutamateric	9806
1	glutamateric	55814
1	glutamateric	140803
1	glutamateric	114786
1	glutamateric	2903
1	glutamateric	65078
1	glutamateric	4660
1	glutamateric	9568
1	glutamateric	84258
1	glutamateric	63929
1	glutamateric	6262
1	glutamateric	54505
1	glutamateric	5339
1	glutamateric	775
1	glutamateric	22995
1	glutamateric	6487
1	glutamateric	4796
1	glutamateric	27043
1	glutamateric	1523
1	glutamateric	23334
1	glutamateric	9943
1	glutamateric	57631
1	glutamateric	23762
1	glutamateric	11214
1	glutamateric	22854
1	glutamateric	229
1	glutamateric	83394
1	glutamateric	54875
1	glutamateric	2157
1	glutamateric	85379
1	glutamateric	125113
1	glutamateric	1080
