#flatfile
1	interneurons	125988
1	interneurons	51617
1	interneurons	23646
1	interneurons	3419
1	interneurons	27089
1	interneurons	51663
1	interneurons	369
1	interneurons	8661
1	interneurons	801
1	interneurons	9218
1	interneurons	10808
1	interneurons	9948
1	interneurons	4716
1	interneurons	3945
1	interneurons	509
1	interneurons	100287932
1	interneurons	10456
1	interneurons	7415
1	interneurons	114088
1	interneurons	5534
1	interneurons	22843
1	interneurons	51699
1	interneurons	6622
1	interneurons	5518
1	interneurons	1272
1	interneurons	2039
1	interneurons	6202
1	interneurons	6389
1	interneurons	55605
1	interneurons	1974
1	interneurons	9255
1	interneurons	682
1	interneurons	5923
1	interneurons	25824
1	interneurons	5037
1	interneurons	7311
1	interneurons	27445
1	interneurons	8618
1	interneurons	10815
1	interneurons	27101
1	interneurons	7277
1	interneurons	54331
1	interneurons	7385
1	interneurons	2890
1	interneurons	2562
1	interneurons	6122
1	interneurons	1845
1	interneurons	1073
1	interneurons	3420
1	interneurons	10079
1	interneurons	9475
1	interneurons	523
1	interneurons	6854
1	interneurons	11033
1	interneurons	4259
1	interneurons	3421
1	interneurons	29966
1	interneurons	22902
1	interneurons	351
1	interneurons	8851
1	interneurons	1471
1	interneurons	9185
1	interneurons	6138
1	interneurons	25994
1	interneurons	5594
1	interneurons	10476
1	interneurons	1808
1	interneurons	521
1	interneurons	2879
1	interneurons	6923
1	interneurons	9892
1	interneurons	10313
1	interneurons	6204
1	interneurons	1509
1	interneurons	6711
1	interneurons	26517
1	interneurons	59345
1	interneurons	22948
1	interneurons	4726
1	interneurons	4915
1	interneurons	377
1	interneurons	5910
1	interneurons	5230
1	interneurons	9515
1	interneurons	5604
1	interneurons	4694
1	interneurons	8867
1	interneurons	5901
1	interneurons	4705
1	interneurons	7343
1	interneurons	4191
1	interneurons	1915
1	interneurons	7905
1	interneurons	3800
1	interneurons	55856
1	interneurons	54205
1	interneurons	2770
1	interneurons	5694
1	interneurons	4897
1	interneurons	2778
1	interneurons	10627
1	interneurons	89796
1	interneurons	10521
1	interneurons	9377
1	interneurons	10857
1	interneurons	1759
1	interneurons	8774
1	interneurons	6500
1	interneurons	9908
1	interneurons	5905
1	interneurons	55611
1	interneurons	22895
1	interneurons	6252
1	interneurons	9737
1	interneurons	11258
1	interneurons	1213
1	interneurons	29
1	interneurons	8943
1	interneurons	785
1	interneurons	537
1	interneurons	54539
1	interneurons	2287
1	interneurons	26999
1	interneurons	26994
1	interneurons	2821
1	interneurons	9114
1	interneurons	81631
1	interneurons	2932
1	interneurons	1347
1	interneurons	51382
1	interneurons	7386
1	interneurons	522
1	interneurons	57551
1	interneurons	26115
1	interneurons	10923
1	interneurons	2596
1	interneurons	81533
1	interneurons	6812
1	interneurons	9900
1	interneurons	4710
1	interneurons	22920
1	interneurons	5214
1	interneurons	5019
1	interneurons	6301
1	interneurons	7280
1	interneurons	29789
1	interneurons	478
1	interneurons	23154
1	interneurons	6231
1	interneurons	10949
1	interneurons	7533
1	interneurons	9804
1	interneurons	10490
1	interneurons	4729
1	interneurons	534
1	interneurons	1191
1	interneurons	2597
1	interneurons	1938
1	interneurons	221981
1	interneurons	6733
1	interneurons	529
1	interneurons	3301
1	interneurons	23215
1	interneurons	113246
1	interneurons	2571
1	interneurons	1738
1	interneurons	4723
1	interneurons	10097
1	interneurons	64219
1	interneurons	5802
1	interneurons	4691
1	interneurons	2744
1	interneurons	3098
1	interneurons	54806
1	interneurons	8894
1	interneurons	5217
1	interneurons	5602
1	interneurons	10383
1	interneurons	115207
1	interneurons	4698
1	interneurons	1982
1	interneurons	10675
1	interneurons	3745
1	interneurons	57142
1	interneurons	23312
1	interneurons	4709
1	interneurons	6169
1	interneurons	5864
1	interneurons	6136
1	interneurons	38
1	interneurons	7529
1	interneurons	10440
1	interneurons	55364
1	interneurons	1742
1	interneurons	6205
1	interneurons	6143
1	interneurons	9201
1	interneurons	9551
1	interneurons	4731
1	interneurons	7534
1	interneurons	11343
1	interneurons	3183
1	interneurons	11345
1	interneurons	4718
1	interneurons	5066
1	interneurons	1152
1	interneurons	7345
1	interneurons	115827
1	interneurons	288
1	interneurons	5713
1	interneurons	548596
1	interneurons	23052
1	interneurons	3015
1	interneurons	55847
1	interneurons	11130
1	interneurons	5705
1	interneurons	4131
1	interneurons	63908
1	interneurons	6133
1	interneurons	4715
1	interneurons	27132
1	interneurons	4134
1	interneurons	3799
1	interneurons	2079
1	interneurons	8533
1	interneurons	357
1	interneurons	29767
1	interneurons	5798
1	interneurons	547
1	interneurons	4082
1	interneurons	291
1	interneurons	5567
1	interneurons	23673
1	interneurons	84896
1	interneurons	6857
1	interneurons	5315
1	interneurons	9379
1	interneurons	10439
1	interneurons	7419
1	interneurons	4711
1	interneurons	9369
1	interneurons	5686
1	interneurons	23321
1	interneurons	7167
1	interneurons	5693
1	interneurons	2743
1	interneurons	7531
1	interneurons	4282
1	interneurons	84293
1	interneurons	821
1	interneurons	92259
1	interneurons	11168
1	interneurons	5250
1	interneurons	83658
1	interneurons	4724
1	interneurons	5869
1	interneurons	998
1	interneurons	84833
1	interneurons	3312
1	interneurons	1653
1	interneurons	52
1	interneurons	6616
1	interneurons	140735
1	interneurons	7267
1	interneurons	10632
1	interneurons	528
1	interneurons	23365
1	interneurons	81892
1	interneurons	1499
1	interneurons	4714
1	interneurons	79641
1	interneurons	5813
1	interneurons	5048
1	interneurons	539
1	interneurons	22980
1	interneurons	55754
1	interneurons	481
1	interneurons	3181
1	interneurons	2775
1	interneurons	506
1	interneurons	7184
1	interneurons	2823
1	interneurons	6853
1	interneurons	7316
1	interneurons	25814
1	interneurons	2782
1	interneurons	9145
1	interneurons	23
1	interneurons	4684
1	interneurons	7388
1	interneurons	25830
1	interneurons	56853
1	interneurons	5581
1	interneurons	2170
1	interneurons	2557
1	interneurons	136319
1	interneurons	23395
1	interneurons	7295
1	interneurons	254863
1	interneurons	498
1	interneurons	6152
1	interneurons	1917
1	interneurons	6323
1	interneurons	84300
1	interneurons	3329
1	interneurons	10580
1	interneurons	22998
1	interneurons	10059
1	interneurons	10768
1	interneurons	93974
1	interneurons	9615
1	interneurons	2664
1	interneurons	2904
1	interneurons	26135
1	interneurons	5683
1	interneurons	9097
1	interneurons	5478
1	interneurons	7846
1	interneurons	10694
1	interneurons	51160
1	interneurons	1996
1	interneurons	491
1	interneurons	28958
1	interneurons	5532
1	interneurons	66004
1	interneurons	9522
1	interneurons	92737
1	interneurons	2805
1	interneurons	5799
1	interneurons	23710
1	interneurons	55967
1	interneurons	116841
1	interneurons	9378
1	interneurons	9524
1	interneurons	513
1	interneurons	26960
1	interneurons	57446
1	interneurons	23521
1	interneurons	10381
1	interneurons	7416
1	interneurons	4677
1	interneurons	23204
1	interneurons	6709
1	interneurons	1327
1	interneurons	9167
1	interneurons	2776
1	interneurons	79180
1	interneurons	1995
1	interneurons	5575
1	interneurons	51286
1	interneurons	10409
1	interneurons	11315
1	interneurons	11332
1	interneurons	5654
1	interneurons	47
1	interneurons	4830
1	interneurons	7070
1	interneurons	8668
1	interneurons	9229
1	interneurons	51079
1	interneurons	816
1	interneurons	3313
1	interneurons	5870
1	interneurons	7381
1	interneurons	81553
1	interneurons	5162
1	interneurons	2554
1	interneurons	4137
1	interneurons	5160
1	interneurons	23077
1	interneurons	10376
1	interneurons	2257
1	interneurons	488
1	interneurons	2785
1	interneurons	80232
1	interneurons	4728
1	interneurons	4637
1	interneurons	482
1	interneurons	7314
1	interneurons	4208
1	interneurons	285172
1	interneurons	6647
1	interneurons	4869
1	interneurons	71
1	interneurons	9782
1	interneurons	51144
1	interneurons	3831
1	interneurons	4190
1	interneurons	23229
1	interneurons	4297
1	interneurons	203068
1	interneurons	1072
1	interneurons	2550
1	interneurons	6390
1	interneurons	51062
1	interneurons	7447
1	interneurons	284361
1	interneurons	6529
1	interneurons	83988
1	interneurons	401190
1	interneurons	10159
1	interneurons	226
1	interneurons	23787
1	interneurons	51552
1	interneurons	7336
1	interneurons	8803
1	interneurons	4035
1	interneurons	6844
1	interneurons	4704
1	interneurons	10399
1	interneurons	3320
1	interneurons	4700
1	interneurons	4133
1	interneurons	23270
1	interneurons	10294
1	interneurons	4712
1	interneurons	5803
1	interneurons	334
1	interneurons	4697
1	interneurons	287
1	interneurons	664
1	interneurons	7532
1	interneurons	10659
1	interneurons	6855
1	interneurons	6135
1	interneurons	1620
1	interneurons	2561
1	interneurons	4673
1	interneurons	4076
1	interneurons	55737
1	interneurons	6002
1	interneurons	4905
1	interneurons	4719
1	interneurons	8663
1	interneurons	51075
1	interneurons	10576
1	interneurons	1340
1	interneurons	5814
1	interneurons	4702
1	interneurons	4695
1	interneurons	9296
1	interneurons	1608
1	interneurons	8604
1	interneurons	27020
1	interneurons	6326
1	interneurons	3281
1	interneurons	3983
1	interneurons	51560
1	interneurons	2026
1	interneurons	1993
1	interneurons	9223
1	interneurons	3192
1	interneurons	5862
1	interneurons	10814
1	interneurons	4676
1	interneurons	4701
1	interneurons	9550
1	interneurons	146330
1	interneurons	5223
1	interneurons	5270
1	interneurons	2915
1	interneurons	26052
1	interneurons	29796
1	interneurons	3309
1	interneurons	80725
1	interneurons	515
1	interneurons	1345
1	interneurons	1973
1	interneurons	526
1	interneurons	1174
1	interneurons	7001
1	interneurons	2806
1	interneurons	23162
1	interneurons	2812
1	interneurons	56255
1	interneurons	18
1	interneurons	1337
1	interneurons	126328
1	interneurons	4706
1	interneurons	4942
1	interneurons	132204
1	interneurons	10987
1	interneurons	3182
1	interneurons	23287
1	interneurons	1114
1	interneurons	26521
1	interneurons	64168
1	interneurons	23705
1	interneurons	10961
1	interneurons	2572
1	interneurons	23451
1	interneurons	5649
1	interneurons	10988
1	interneurons	10724
1	interneurons	80727
1	interneurons	7458
1	interneurons	5049
1	interneurons	4043
1	interneurons	7247
1	interneurons	84457
1	interneurons	5690
1	interneurons	8878
1	interneurons	5682
1	interneurons	5684
1	interneurons	5688
1	interneurons	5689
1	interneurons	5692
1	interneurons	26470
1	interneurons	3925
1	interneurons	8848
1	interneurons	93664
1	interneurons	793
1	interneurons	11075
1	interneurons	1268
1	interneurons	2029
1	interneurons	808
1	interneurons	7857
1	interneurons	89853
1	interneurons	50861
1	interneurons	2044
1	interneurons	54543
1	interneurons	23040
1	interneurons	56977
1	interneurons	3815
1	interneurons	55531
1	interneurons	285175
1	interneurons	56889
1	interneurons	94134
1	interneurons	4738
1	interneurons	5660
1	interneurons	1182
1	interneurons	9500
1	interneurons	6009
1	interneurons	10209
1	interneurons	57515
1	interneurons	6447
1	interneurons	6400
1	interneurons	3956
1	interneurons	322
1	interneurons	51573
1	interneurons	7411
1	interneurons	4696
1	interneurons	3716
1	interneurons	3643
1	interneurons	811
1	interneurons	79699
1	interneurons	1508
1	interneurons	11188
1	interneurons	1363
1	interneurons	10428
1	interneurons	9736
1	interneurons	2969
1	interneurons	402
1	interneurons	7102
1	interneurons	53826
1	interneurons	29978
1	interneurons	60592
1	interneurons	9861
1	interneurons	214
1	interneurons	10905
1	interneurons	5121
1	interneurons	6921
1	interneurons	28956
1	interneurons	3094
1	interneurons	5704
1	interneurons	5710
1	interneurons	64919
1	interneurons	5372
1	interneurons	8140
1	interneurons	11165
1	interneurons	4666
1	interneurons	3251
1	interneurons	340543
1	interneurons	3336
1	interneurons	8766
1	interneurons	514
1	interneurons	10690
1	interneurons	5178
1	interneurons	55342
1	interneurons	8577
1	interneurons	353274
1	interneurons	1159
1	interneurons	6990
1	interneurons	259282
1	interneurons	51255
1	interneurons	27065
2	pyramidal_SS	125988
2	pyramidal_SS	51617
2	pyramidal_SS	23646
2	pyramidal_SS	3419
2	pyramidal_SS	27089
2	pyramidal_SS	51663
2	pyramidal_SS	4900
2	pyramidal_SS	369
2	pyramidal_SS	801
2	pyramidal_SS	9324
2	pyramidal_SS	2185
2	pyramidal_SS	9218
2	pyramidal_SS	10808
2	pyramidal_SS	8525
2	pyramidal_SS	8655
2	pyramidal_SS	4716
2	pyramidal_SS	3945
2	pyramidal_SS	509
2	pyramidal_SS	100287932
2	pyramidal_SS	10456
2	pyramidal_SS	7415
2	pyramidal_SS	114088
2	pyramidal_SS	5534
2	pyramidal_SS	51699
2	pyramidal_SS	6622
2	pyramidal_SS	5518
2	pyramidal_SS	1272
2	pyramidal_SS	2039
2	pyramidal_SS	6202
2	pyramidal_SS	6389
2	pyramidal_SS	4884
2	pyramidal_SS	55605
2	pyramidal_SS	1974
2	pyramidal_SS	9255
2	pyramidal_SS	682
2	pyramidal_SS	25824
2	pyramidal_SS	5037
2	pyramidal_SS	7311
2	pyramidal_SS	1603
2	pyramidal_SS	27445
2	pyramidal_SS	1958
2	pyramidal_SS	8618
2	pyramidal_SS	9456
2	pyramidal_SS	10815
2	pyramidal_SS	27101
2	pyramidal_SS	7277
2	pyramidal_SS	5789
2	pyramidal_SS	54331
2	pyramidal_SS	7385
2	pyramidal_SS	2562
2	pyramidal_SS	5530
2	pyramidal_SS	6122
2	pyramidal_SS	1845
2	pyramidal_SS	3420
2	pyramidal_SS	10079
2	pyramidal_SS	6228
2	pyramidal_SS	815
2	pyramidal_SS	4831
2	pyramidal_SS	9475
2	pyramidal_SS	5579
2	pyramidal_SS	523
2	pyramidal_SS	6854
2	pyramidal_SS	11033
2	pyramidal_SS	4259
2	pyramidal_SS	3421
2	pyramidal_SS	29966
2	pyramidal_SS	22902
2	pyramidal_SS	6456
2	pyramidal_SS	8851
2	pyramidal_SS	50863
2	pyramidal_SS	9185
2	pyramidal_SS	6138
2	pyramidal_SS	25994
2	pyramidal_SS	5594
2	pyramidal_SS	10636
2	pyramidal_SS	10476
2	pyramidal_SS	521
2	pyramidal_SS	2879
2	pyramidal_SS	6923
2	pyramidal_SS	9892
2	pyramidal_SS	10313
2	pyramidal_SS	23236
2	pyramidal_SS	79012
2	pyramidal_SS	57144
2	pyramidal_SS	6711
2	pyramidal_SS	26517
2	pyramidal_SS	22948
2	pyramidal_SS	4726
2	pyramidal_SS	4915
2	pyramidal_SS	377
2	pyramidal_SS	5910
2	pyramidal_SS	6334
2	pyramidal_SS	5058
2	pyramidal_SS	5128
2	pyramidal_SS	5230
2	pyramidal_SS	9515
2	pyramidal_SS	5604
2	pyramidal_SS	8976
2	pyramidal_SS	4694
2	pyramidal_SS	8867
2	pyramidal_SS	5901
2	pyramidal_SS	4705
2	pyramidal_SS	7343
2	pyramidal_SS	4191
2	pyramidal_SS	7905
2	pyramidal_SS	3800
2	pyramidal_SS	55856
2	pyramidal_SS	54205
2	pyramidal_SS	2770
2	pyramidal_SS	5694
2	pyramidal_SS	140885
2	pyramidal_SS	4897
2	pyramidal_SS	2778
2	pyramidal_SS	10627
2	pyramidal_SS	9377
2	pyramidal_SS	10857
2	pyramidal_SS	51660
2	pyramidal_SS	1759
2	pyramidal_SS	8774
2	pyramidal_SS	6500
2	pyramidal_SS	9908
2	pyramidal_SS	5905
2	pyramidal_SS	55611
2	pyramidal_SS	22895
2	pyramidal_SS	2876
2	pyramidal_SS	58517
2	pyramidal_SS	6252
2	pyramidal_SS	9737
2	pyramidal_SS	11258
2	pyramidal_SS	1213
2	pyramidal_SS	29
2	pyramidal_SS	781
2	pyramidal_SS	8943
2	pyramidal_SS	785
2	pyramidal_SS	6506
2	pyramidal_SS	537
2	pyramidal_SS	54539
2	pyramidal_SS	2287
2	pyramidal_SS	26999
2	pyramidal_SS	26994
2	pyramidal_SS	2821
2	pyramidal_SS	9114
2	pyramidal_SS	81631
2	pyramidal_SS	2932
2	pyramidal_SS	1347
2	pyramidal_SS	51382
2	pyramidal_SS	7386
2	pyramidal_SS	522
2	pyramidal_SS	26115
2	pyramidal_SS	10923
2	pyramidal_SS	2596
2	pyramidal_SS	6546
2	pyramidal_SS	81533
2	pyramidal_SS	6812
2	pyramidal_SS	9900
2	pyramidal_SS	114569
2	pyramidal_SS	4710
2	pyramidal_SS	22920
2	pyramidal_SS	5214
2	pyramidal_SS	5019
2	pyramidal_SS	6301
2	pyramidal_SS	7280
2	pyramidal_SS	29789
2	pyramidal_SS	478
2	pyramidal_SS	23154
2	pyramidal_SS	10949
2	pyramidal_SS	7533
2	pyramidal_SS	3778
2	pyramidal_SS	9804
2	pyramidal_SS	546
2	pyramidal_SS	10490
2	pyramidal_SS	27243
2	pyramidal_SS	4729
2	pyramidal_SS	534
2	pyramidal_SS	1191
2	pyramidal_SS	2597
2	pyramidal_SS	221981
2	pyramidal_SS	6733
2	pyramidal_SS	529
2	pyramidal_SS	5764
2	pyramidal_SS	3301
2	pyramidal_SS	23215
2	pyramidal_SS	113246
2	pyramidal_SS	2913
2	pyramidal_SS	1738
2	pyramidal_SS	4974
2	pyramidal_SS	4723
2	pyramidal_SS	10016
2	pyramidal_SS	7178
2	pyramidal_SS	64219
2	pyramidal_SS	5802
2	pyramidal_SS	4691
2	pyramidal_SS	2744
2	pyramidal_SS	3098
2	pyramidal_SS	54806
2	pyramidal_SS	6262
2	pyramidal_SS	8894
2	pyramidal_SS	5217
2	pyramidal_SS	5602
2	pyramidal_SS	10383
2	pyramidal_SS	55700
2	pyramidal_SS	4698
2	pyramidal_SS	5138
2	pyramidal_SS	1982
2	pyramidal_SS	10675
2	pyramidal_SS	3745
2	pyramidal_SS	57142
2	pyramidal_SS	23312
2	pyramidal_SS	4916
2	pyramidal_SS	4709
2	pyramidal_SS	6169
2	pyramidal_SS	5864
2	pyramidal_SS	6136
2	pyramidal_SS	38
2	pyramidal_SS	7529
2	pyramidal_SS	375
2	pyramidal_SS	2892
2	pyramidal_SS	10440
2	pyramidal_SS	55364
2	pyramidal_SS	1742
2	pyramidal_SS	6205
2	pyramidal_SS	5702
2	pyramidal_SS	6143
2	pyramidal_SS	9201
2	pyramidal_SS	9551
2	pyramidal_SS	4731
2	pyramidal_SS	3751
2	pyramidal_SS	7534
2	pyramidal_SS	131118
2	pyramidal_SS	11343
2	pyramidal_SS	11345
2	pyramidal_SS	4718
2	pyramidal_SS	5066
2	pyramidal_SS	1152
2	pyramidal_SS	7345
2	pyramidal_SS	288
2	pyramidal_SS	1397
2	pyramidal_SS	5713
2	pyramidal_SS	548596
2	pyramidal_SS	3015
2	pyramidal_SS	5136
2	pyramidal_SS	3736
2	pyramidal_SS	55847
2	pyramidal_SS	11130
2	pyramidal_SS	5705
2	pyramidal_SS	4131
2	pyramidal_SS	132299
2	pyramidal_SS	63908
2	pyramidal_SS	6133
2	pyramidal_SS	4715
2	pyramidal_SS	10152
2	pyramidal_SS	2079
2	pyramidal_SS	8533
2	pyramidal_SS	29767
2	pyramidal_SS	5798
2	pyramidal_SS	547
2	pyramidal_SS	4082
2	pyramidal_SS	6727
2	pyramidal_SS	291
2	pyramidal_SS	5567
2	pyramidal_SS	6161
2	pyramidal_SS	23673
2	pyramidal_SS	84896
2	pyramidal_SS	6857
2	pyramidal_SS	3097
2	pyramidal_SS	10458
2	pyramidal_SS	5315
2	pyramidal_SS	9379
2	pyramidal_SS	10439
2	pyramidal_SS	7419
2	pyramidal_SS	4711
2	pyramidal_SS	9369
2	pyramidal_SS	5686
2	pyramidal_SS	7167
2	pyramidal_SS	5693
2	pyramidal_SS	22866
2	pyramidal_SS	2743
2	pyramidal_SS	7531
2	pyramidal_SS	4282
2	pyramidal_SS	92259
2	pyramidal_SS	11168
2	pyramidal_SS	5250
2	pyramidal_SS	83658
2	pyramidal_SS	4724
2	pyramidal_SS	259217
2	pyramidal_SS	5869
2	pyramidal_SS	8997
2	pyramidal_SS	998
2	pyramidal_SS	84833
2	pyramidal_SS	23518
2	pyramidal_SS	3312
2	pyramidal_SS	830
2	pyramidal_SS	1653
2	pyramidal_SS	52
2	pyramidal_SS	199731
2	pyramidal_SS	6616
2	pyramidal_SS	10396
2	pyramidal_SS	140735
2	pyramidal_SS	7267
2	pyramidal_SS	10632
2	pyramidal_SS	528
2	pyramidal_SS	23365
2	pyramidal_SS	81892
2	pyramidal_SS	55450
2	pyramidal_SS	1499
2	pyramidal_SS	4714
2	pyramidal_SS	79641
2	pyramidal_SS	84894
2	pyramidal_SS	5813
2	pyramidal_SS	5878
2	pyramidal_SS	5048
2	pyramidal_SS	539
2	pyramidal_SS	22980
2	pyramidal_SS	55754
2	pyramidal_SS	481
2	pyramidal_SS	9066
2	pyramidal_SS	2775
2	pyramidal_SS	506
2	pyramidal_SS	2823
2	pyramidal_SS	9899
2	pyramidal_SS	51440
2	pyramidal_SS	6853
2	pyramidal_SS	25814
2	pyramidal_SS	2782
2	pyramidal_SS	9145
2	pyramidal_SS	23
2	pyramidal_SS	7388
2	pyramidal_SS	25830
2	pyramidal_SS	56853
2	pyramidal_SS	5581
2	pyramidal_SS	2170
2	pyramidal_SS	2043
2	pyramidal_SS	2557
2	pyramidal_SS	136319
2	pyramidal_SS	23395
2	pyramidal_SS	7295
2	pyramidal_SS	254863
2	pyramidal_SS	498
2	pyramidal_SS	1917
2	pyramidal_SS	6323
2	pyramidal_SS	84300
2	pyramidal_SS	3329
2	pyramidal_SS	10059
2	pyramidal_SS	10768
2	pyramidal_SS	93974
2	pyramidal_SS	9615
2	pyramidal_SS	2664
2	pyramidal_SS	2904
2	pyramidal_SS	762
2	pyramidal_SS	26135
2	pyramidal_SS	5683
2	pyramidal_SS	9097
2	pyramidal_SS	5478
2	pyramidal_SS	7846
2	pyramidal_SS	10694
2	pyramidal_SS	51160
2	pyramidal_SS	1996
2	pyramidal_SS	491
2	pyramidal_SS	28958
2	pyramidal_SS	5532
2	pyramidal_SS	1463
2	pyramidal_SS	66004
2	pyramidal_SS	9522
2	pyramidal_SS	23345
2	pyramidal_SS	6167
2	pyramidal_SS	2805
2	pyramidal_SS	5799
2	pyramidal_SS	23710
2	pyramidal_SS	493
2	pyramidal_SS	55967
2	pyramidal_SS	116841
2	pyramidal_SS	118487
2	pyramidal_SS	9378
2	pyramidal_SS	9524
2	pyramidal_SS	513
2	pyramidal_SS	26960
2	pyramidal_SS	57446
2	pyramidal_SS	10381
2	pyramidal_SS	7416
2	pyramidal_SS	23362
2	pyramidal_SS	4677
2	pyramidal_SS	11333
2	pyramidal_SS	23237
2	pyramidal_SS	81
2	pyramidal_SS	6709
2	pyramidal_SS	1327
2	pyramidal_SS	9167
2	pyramidal_SS	2776
2	pyramidal_SS	79180
2	pyramidal_SS	5575
2	pyramidal_SS	51286
2	pyramidal_SS	10409
2	pyramidal_SS	11315
2	pyramidal_SS	11332
2	pyramidal_SS	3706
2	pyramidal_SS	4830
2	pyramidal_SS	490
2	pyramidal_SS	7070
2	pyramidal_SS	8936
2	pyramidal_SS	8668
2	pyramidal_SS	9229
2	pyramidal_SS	2891
2	pyramidal_SS	51079
2	pyramidal_SS	816
2	pyramidal_SS	3313
2	pyramidal_SS	5870
2	pyramidal_SS	7381
2	pyramidal_SS	81553
2	pyramidal_SS	6613
2	pyramidal_SS	6386
2	pyramidal_SS	5162
2	pyramidal_SS	2554
2	pyramidal_SS	4137
2	pyramidal_SS	55845
2	pyramidal_SS	9987
2	pyramidal_SS	5160
2	pyramidal_SS	23077
2	pyramidal_SS	8813
2	pyramidal_SS	83442
2	pyramidal_SS	10376
2	pyramidal_SS	2257
2	pyramidal_SS	3208
2	pyramidal_SS	488
2	pyramidal_SS	2785
2	pyramidal_SS	4728
2	pyramidal_SS	3708
2	pyramidal_SS	4637
2	pyramidal_SS	7314
2	pyramidal_SS	4208
2	pyramidal_SS	285172
2	pyramidal_SS	6647
2	pyramidal_SS	71
2	pyramidal_SS	9782
2	pyramidal_SS	3831
2	pyramidal_SS	4190
2	pyramidal_SS	23229
2	pyramidal_SS	203068
2	pyramidal_SS	1072
2	pyramidal_SS	2550
2	pyramidal_SS	10645
2	pyramidal_SS	6390
2	pyramidal_SS	51062
2	pyramidal_SS	3939
2	pyramidal_SS	7447
2	pyramidal_SS	284361
2	pyramidal_SS	10658
2	pyramidal_SS	10109
2	pyramidal_SS	7168
2	pyramidal_SS	83988
2	pyramidal_SS	401190
2	pyramidal_SS	10159
2	pyramidal_SS	226
2	pyramidal_SS	23787
2	pyramidal_SS	51552
2	pyramidal_SS	7336
2	pyramidal_SS	8803
2	pyramidal_SS	4035
2	pyramidal_SS	6844
2	pyramidal_SS	4704
2	pyramidal_SS	3320
2	pyramidal_SS	4700
2	pyramidal_SS	4133
2	pyramidal_SS	23270
2	pyramidal_SS	10294
2	pyramidal_SS	4712
2	pyramidal_SS	334
2	pyramidal_SS	4697
2	pyramidal_SS	287
2	pyramidal_SS	664
2	pyramidal_SS	7532
2	pyramidal_SS	10659
2	pyramidal_SS	6855
2	pyramidal_SS	1620
2	pyramidal_SS	2561
2	pyramidal_SS	4673
2	pyramidal_SS	4076
2	pyramidal_SS	55737
2	pyramidal_SS	81618
2	pyramidal_SS	4905
2	pyramidal_SS	4719
2	pyramidal_SS	8663
2	pyramidal_SS	23109
2	pyramidal_SS	51075
2	pyramidal_SS	10576
2	pyramidal_SS	4741
2	pyramidal_SS	22891
2	pyramidal_SS	1340
2	pyramidal_SS	5814
2	pyramidal_SS	4702
2	pyramidal_SS	1020
2	pyramidal_SS	4695
2	pyramidal_SS	9296
2	pyramidal_SS	8604
2	pyramidal_SS	27020
2	pyramidal_SS	6326
2	pyramidal_SS	3281
2	pyramidal_SS	3983
2	pyramidal_SS	10787
2	pyramidal_SS	51560
2	pyramidal_SS	2026
2	pyramidal_SS	1993
2	pyramidal_SS	9223
2	pyramidal_SS	5862
2	pyramidal_SS	10814
2	pyramidal_SS	4701
2	pyramidal_SS	9550
2	pyramidal_SS	146330
2	pyramidal_SS	5223
2	pyramidal_SS	2915
2	pyramidal_SS	2783
2	pyramidal_SS	26052
2	pyramidal_SS	23031
2	pyramidal_SS	29796
2	pyramidal_SS	80725
2	pyramidal_SS	515
2	pyramidal_SS	476
2	pyramidal_SS	1345
2	pyramidal_SS	1933
2	pyramidal_SS	526
2	pyramidal_SS	1174
2	pyramidal_SS	7001
2	pyramidal_SS	2806
2	pyramidal_SS	23162
2	pyramidal_SS	2812
2	pyramidal_SS	56255
2	pyramidal_SS	1337
2	pyramidal_SS	126328
2	pyramidal_SS	4706
2	pyramidal_SS	10987
2	pyramidal_SS	3182
2	pyramidal_SS	23287
2	pyramidal_SS	1114
2	pyramidal_SS	26521
2	pyramidal_SS	64168
2	pyramidal_SS	10961
2	pyramidal_SS	5101
2	pyramidal_SS	53335
2	pyramidal_SS	10724
2	pyramidal_SS	80727
2	pyramidal_SS	27430
2	pyramidal_SS	7458
2	pyramidal_SS	5049
2	pyramidal_SS	4043
2	pyramidal_SS	7247
2	pyramidal_SS	84457
2	pyramidal_SS	8878
2	pyramidal_SS	5682
2	pyramidal_SS	5684
2	pyramidal_SS	5688
2	pyramidal_SS	5689
2	pyramidal_SS	5692
2	pyramidal_SS	26470
2	pyramidal_SS	3925
2	pyramidal_SS	8848
2	pyramidal_SS	57181
2	pyramidal_SS	93664
2	pyramidal_SS	793
2	pyramidal_SS	11075
2	pyramidal_SS	2029
2	pyramidal_SS	808
2	pyramidal_SS	7857
2	pyramidal_SS	50861
2	pyramidal_SS	2044
2	pyramidal_SS	54543
2	pyramidal_SS	23040
2	pyramidal_SS	27075
2	pyramidal_SS	55531
2	pyramidal_SS	10125
2	pyramidal_SS	285175
2	pyramidal_SS	56889
2	pyramidal_SS	4738
2	pyramidal_SS	2045
2	pyramidal_SS	5660
2	pyramidal_SS	1182
2	pyramidal_SS	9500
2	pyramidal_SS	6009
2	pyramidal_SS	1123
2	pyramidal_SS	57515
2	pyramidal_SS	6447
2	pyramidal_SS	6400
2	pyramidal_SS	322
2	pyramidal_SS	51573
2	pyramidal_SS	23131
2	pyramidal_SS	4696
2	pyramidal_SS	3716
2	pyramidal_SS	1952
2	pyramidal_SS	6272
2	pyramidal_SS	4836
2	pyramidal_SS	79699
2	pyramidal_SS	6653
2	pyramidal_SS	11188
2	pyramidal_SS	1363
2	pyramidal_SS	10428
2	pyramidal_SS	9736
2	pyramidal_SS	2969
2	pyramidal_SS	7102
2	pyramidal_SS	51747
2	pyramidal_SS	5295
2	pyramidal_SS	60592
2	pyramidal_SS	9861
2	pyramidal_SS	214
2	pyramidal_SS	3646
2	pyramidal_SS	114876
2	pyramidal_SS	10905
2	pyramidal_SS	5121
2	pyramidal_SS	6921
2	pyramidal_SS	28956
2	pyramidal_SS	7163
2	pyramidal_SS	5204
2	pyramidal_SS	3094
2	pyramidal_SS	5704
2	pyramidal_SS	5710
2	pyramidal_SS	5372
2	pyramidal_SS	11165
2	pyramidal_SS	4666
2	pyramidal_SS	3251
2	pyramidal_SS	10776
2	pyramidal_SS	340543
2	pyramidal_SS	3336
2	pyramidal_SS	8766
2	pyramidal_SS	115557
2	pyramidal_SS	514
2	pyramidal_SS	10690
2	pyramidal_SS	5178
2	pyramidal_SS	10769
2	pyramidal_SS	55342
2	pyramidal_SS	353274
2	pyramidal_SS	3156
2	pyramidal_SS	1159
2	pyramidal_SS	6990
2	pyramidal_SS	259282
2	pyramidal_SS	27065
3	pyramidal_CA1	51617
3	pyramidal_CA1	23646
3	pyramidal_CA1	3419
3	pyramidal_CA1	51663
3	pyramidal_CA1	2316
3	pyramidal_CA1	4900
3	pyramidal_CA1	369
3	pyramidal_CA1	8661
3	pyramidal_CA1	801
3	pyramidal_CA1	9324
3	pyramidal_CA1	2185
3	pyramidal_CA1	9218
3	pyramidal_CA1	10808
3	pyramidal_CA1	8525
3	pyramidal_CA1	9948
3	pyramidal_CA1	8655
3	pyramidal_CA1	4716
3	pyramidal_CA1	100287932
3	pyramidal_CA1	114088
3	pyramidal_CA1	5534
3	pyramidal_CA1	22843
3	pyramidal_CA1	51699
3	pyramidal_CA1	6622
3	pyramidal_CA1	5518
3	pyramidal_CA1	1272
3	pyramidal_CA1	2039
3	pyramidal_CA1	6389
3	pyramidal_CA1	4884
3	pyramidal_CA1	55605
3	pyramidal_CA1	1974
3	pyramidal_CA1	9255
3	pyramidal_CA1	55704
3	pyramidal_CA1	23527
3	pyramidal_CA1	1428
3	pyramidal_CA1	274
3	pyramidal_CA1	5923
3	pyramidal_CA1	25824
3	pyramidal_CA1	5037
3	pyramidal_CA1	27445
3	pyramidal_CA1	1958
3	pyramidal_CA1	8618
3	pyramidal_CA1	9456
3	pyramidal_CA1	10815
3	pyramidal_CA1	27101
3	pyramidal_CA1	7277
3	pyramidal_CA1	54331
3	pyramidal_CA1	7385
3	pyramidal_CA1	2890
3	pyramidal_CA1	2562
3	pyramidal_CA1	5530
3	pyramidal_CA1	6122
3	pyramidal_CA1	3420
3	pyramidal_CA1	10079
3	pyramidal_CA1	10092
3	pyramidal_CA1	815
3	pyramidal_CA1	9475
3	pyramidal_CA1	5579
3	pyramidal_CA1	523
3	pyramidal_CA1	6854
3	pyramidal_CA1	11033
3	pyramidal_CA1	4259
3	pyramidal_CA1	3421
3	pyramidal_CA1	29966
3	pyramidal_CA1	22902
3	pyramidal_CA1	351
3	pyramidal_CA1	6456
3	pyramidal_CA1	8851
3	pyramidal_CA1	50863
3	pyramidal_CA1	9185
3	pyramidal_CA1	5594
3	pyramidal_CA1	10636
3	pyramidal_CA1	1808
3	pyramidal_CA1	521
3	pyramidal_CA1	6923
3	pyramidal_CA1	9892
3	pyramidal_CA1	10313
3	pyramidal_CA1	23236
3	pyramidal_CA1	79012
3	pyramidal_CA1	6711
3	pyramidal_CA1	26517
3	pyramidal_CA1	22948
3	pyramidal_CA1	10552
3	pyramidal_CA1	57003
3	pyramidal_CA1	4915
3	pyramidal_CA1	377
3	pyramidal_CA1	5910
3	pyramidal_CA1	6334
3	pyramidal_CA1	5058
3	pyramidal_CA1	5128
3	pyramidal_CA1	5230
3	pyramidal_CA1	9515
3	pyramidal_CA1	5604
3	pyramidal_CA1	8976
3	pyramidal_CA1	4694
3	pyramidal_CA1	8867
3	pyramidal_CA1	5901
3	pyramidal_CA1	4705
3	pyramidal_CA1	7343
3	pyramidal_CA1	4191
3	pyramidal_CA1	7905
3	pyramidal_CA1	3800
3	pyramidal_CA1	55856
3	pyramidal_CA1	54205
3	pyramidal_CA1	2770
3	pyramidal_CA1	140885
3	pyramidal_CA1	4897
3	pyramidal_CA1	2778
3	pyramidal_CA1	10627
3	pyramidal_CA1	89796
3	pyramidal_CA1	9377
3	pyramidal_CA1	10857
3	pyramidal_CA1	1759
3	pyramidal_CA1	8774
3	pyramidal_CA1	6500
3	pyramidal_CA1	9908
3	pyramidal_CA1	5905
3	pyramidal_CA1	55611
3	pyramidal_CA1	58517
3	pyramidal_CA1	6252
3	pyramidal_CA1	9737
3	pyramidal_CA1	11258
3	pyramidal_CA1	1213
3	pyramidal_CA1	29
3	pyramidal_CA1	781
3	pyramidal_CA1	8943
3	pyramidal_CA1	537
3	pyramidal_CA1	2287
3	pyramidal_CA1	26999
3	pyramidal_CA1	23348
3	pyramidal_CA1	26994
3	pyramidal_CA1	2821
3	pyramidal_CA1	9114
3	pyramidal_CA1	2932
3	pyramidal_CA1	51382
3	pyramidal_CA1	7386
3	pyramidal_CA1	57551
3	pyramidal_CA1	26115
3	pyramidal_CA1	10923
3	pyramidal_CA1	2596
3	pyramidal_CA1	6546
3	pyramidal_CA1	81533
3	pyramidal_CA1	51555
3	pyramidal_CA1	6812
3	pyramidal_CA1	9900
3	pyramidal_CA1	114569
3	pyramidal_CA1	22920
3	pyramidal_CA1	5214
3	pyramidal_CA1	5019
3	pyramidal_CA1	7280
3	pyramidal_CA1	29789
3	pyramidal_CA1	478
3	pyramidal_CA1	23154
3	pyramidal_CA1	10949
3	pyramidal_CA1	7533
3	pyramidal_CA1	3778
3	pyramidal_CA1	8829
3	pyramidal_CA1	9804
3	pyramidal_CA1	546
3	pyramidal_CA1	10490
3	pyramidal_CA1	4729
3	pyramidal_CA1	534
3	pyramidal_CA1	2597
3	pyramidal_CA1	6733
3	pyramidal_CA1	529
3	pyramidal_CA1	8404
3	pyramidal_CA1	3301
3	pyramidal_CA1	113246
3	pyramidal_CA1	1738
3	pyramidal_CA1	4723
3	pyramidal_CA1	10097
3	pyramidal_CA1	64219
3	pyramidal_CA1	5802
3	pyramidal_CA1	4691
3	pyramidal_CA1	2744
3	pyramidal_CA1	3098
3	pyramidal_CA1	54806
3	pyramidal_CA1	6262
3	pyramidal_CA1	2555
3	pyramidal_CA1	5217
3	pyramidal_CA1	5602
3	pyramidal_CA1	10383
3	pyramidal_CA1	115207
3	pyramidal_CA1	4698
3	pyramidal_CA1	5138
3	pyramidal_CA1	3745
3	pyramidal_CA1	57142
3	pyramidal_CA1	23312
3	pyramidal_CA1	4916
3	pyramidal_CA1	4709
3	pyramidal_CA1	5864
3	pyramidal_CA1	38
3	pyramidal_CA1	7529
3	pyramidal_CA1	375
3	pyramidal_CA1	2892
3	pyramidal_CA1	55364
3	pyramidal_CA1	1742
3	pyramidal_CA1	5702
3	pyramidal_CA1	9201
3	pyramidal_CA1	4731
3	pyramidal_CA1	3751
3	pyramidal_CA1	7534
3	pyramidal_CA1	83992
3	pyramidal_CA1	5066
3	pyramidal_CA1	7345
3	pyramidal_CA1	115827
3	pyramidal_CA1	288
3	pyramidal_CA1	1397
3	pyramidal_CA1	5713
3	pyramidal_CA1	548596
3	pyramidal_CA1	5136
3	pyramidal_CA1	11130
3	pyramidal_CA1	5705
3	pyramidal_CA1	4131
3	pyramidal_CA1	132299
3	pyramidal_CA1	63908
3	pyramidal_CA1	27132
3	pyramidal_CA1	4134
3	pyramidal_CA1	10152
3	pyramidal_CA1	3799
3	pyramidal_CA1	29767
3	pyramidal_CA1	5798
3	pyramidal_CA1	547
3	pyramidal_CA1	291
3	pyramidal_CA1	23673
3	pyramidal_CA1	84896
3	pyramidal_CA1	6857
3	pyramidal_CA1	3097
3	pyramidal_CA1	10458
3	pyramidal_CA1	5315
3	pyramidal_CA1	9379
3	pyramidal_CA1	10439
3	pyramidal_CA1	7419
3	pyramidal_CA1	4711
3	pyramidal_CA1	9369
3	pyramidal_CA1	5686
3	pyramidal_CA1	4130
3	pyramidal_CA1	23321
3	pyramidal_CA1	7167
3	pyramidal_CA1	5693
3	pyramidal_CA1	22866
3	pyramidal_CA1	2743
3	pyramidal_CA1	7531
3	pyramidal_CA1	84293
3	pyramidal_CA1	821
3	pyramidal_CA1	11168
3	pyramidal_CA1	5250
3	pyramidal_CA1	83658
3	pyramidal_CA1	259217
3	pyramidal_CA1	8997
3	pyramidal_CA1	84833
3	pyramidal_CA1	55082
3	pyramidal_CA1	23518
3	pyramidal_CA1	3312
3	pyramidal_CA1	830
3	pyramidal_CA1	52
3	pyramidal_CA1	6616
3	pyramidal_CA1	140735
3	pyramidal_CA1	7267
3	pyramidal_CA1	10890
3	pyramidal_CA1	528
3	pyramidal_CA1	55450
3	pyramidal_CA1	1499
3	pyramidal_CA1	4714
3	pyramidal_CA1	79641
3	pyramidal_CA1	84894
3	pyramidal_CA1	5813
3	pyramidal_CA1	5048
3	pyramidal_CA1	22980
3	pyramidal_CA1	2280
3	pyramidal_CA1	55754
3	pyramidal_CA1	481
3	pyramidal_CA1	9066
3	pyramidal_CA1	2775
3	pyramidal_CA1	60
3	pyramidal_CA1	506
3	pyramidal_CA1	2823
3	pyramidal_CA1	9899
3	pyramidal_CA1	51440
3	pyramidal_CA1	6853
3	pyramidal_CA1	25814
3	pyramidal_CA1	2782
3	pyramidal_CA1	9145
3	pyramidal_CA1	23
3	pyramidal_CA1	4684
3	pyramidal_CA1	25830
3	pyramidal_CA1	56853
3	pyramidal_CA1	5581
3	pyramidal_CA1	2170
3	pyramidal_CA1	2043
3	pyramidal_CA1	2557
3	pyramidal_CA1	6263
3	pyramidal_CA1	136319
3	pyramidal_CA1	498
3	pyramidal_CA1	9362
3	pyramidal_CA1	1917
3	pyramidal_CA1	6323
3	pyramidal_CA1	84300
3	pyramidal_CA1	3329
3	pyramidal_CA1	10580
3	pyramidal_CA1	10059
3	pyramidal_CA1	10768
3	pyramidal_CA1	93974
3	pyramidal_CA1	9615
3	pyramidal_CA1	2664
3	pyramidal_CA1	2904
3	pyramidal_CA1	23499
3	pyramidal_CA1	26135
3	pyramidal_CA1	375790
3	pyramidal_CA1	9097
3	pyramidal_CA1	10694
3	pyramidal_CA1	1996
3	pyramidal_CA1	491
3	pyramidal_CA1	4659
3	pyramidal_CA1	28958
3	pyramidal_CA1	5532
3	pyramidal_CA1	1463
3	pyramidal_CA1	66004
3	pyramidal_CA1	9522
3	pyramidal_CA1	23345
3	pyramidal_CA1	92737
3	pyramidal_CA1	7466
3	pyramidal_CA1	2805
3	pyramidal_CA1	5799
3	pyramidal_CA1	23710
3	pyramidal_CA1	493
3	pyramidal_CA1	56899
3	pyramidal_CA1	55967
3	pyramidal_CA1	116841
3	pyramidal_CA1	5621
3	pyramidal_CA1	9378
3	pyramidal_CA1	513
3	pyramidal_CA1	26960
3	pyramidal_CA1	57446
3	pyramidal_CA1	10381
3	pyramidal_CA1	7416
3	pyramidal_CA1	23362
3	pyramidal_CA1	4677
3	pyramidal_CA1	11333
3	pyramidal_CA1	23204
3	pyramidal_CA1	23237
3	pyramidal_CA1	6709
3	pyramidal_CA1	9167
3	pyramidal_CA1	2776
3	pyramidal_CA1	5575
3	pyramidal_CA1	51286
3	pyramidal_CA1	10409
3	pyramidal_CA1	11332
3	pyramidal_CA1	3706
3	pyramidal_CA1	4830
3	pyramidal_CA1	490
3	pyramidal_CA1	7070
3	pyramidal_CA1	8936
3	pyramidal_CA1	9229
3	pyramidal_CA1	2891
3	pyramidal_CA1	5879
3	pyramidal_CA1	644150
3	pyramidal_CA1	51079
3	pyramidal_CA1	816
3	pyramidal_CA1	3313
3	pyramidal_CA1	5870
3	pyramidal_CA1	7381
3	pyramidal_CA1	10006
3	pyramidal_CA1	81553
3	pyramidal_CA1	6613
3	pyramidal_CA1	6386
3	pyramidal_CA1	5162
3	pyramidal_CA1	2554
3	pyramidal_CA1	4137
3	pyramidal_CA1	55845
3	pyramidal_CA1	9987
3	pyramidal_CA1	5160
3	pyramidal_CA1	23077
3	pyramidal_CA1	8813
3	pyramidal_CA1	83442
3	pyramidal_CA1	10376
3	pyramidal_CA1	2257
3	pyramidal_CA1	3208
3	pyramidal_CA1	488
3	pyramidal_CA1	2785
3	pyramidal_CA1	80232
3	pyramidal_CA1	3708
3	pyramidal_CA1	7314
3	pyramidal_CA1	285172
3	pyramidal_CA1	6647
3	pyramidal_CA1	71
3	pyramidal_CA1	9782
3	pyramidal_CA1	3831
3	pyramidal_CA1	4190
3	pyramidal_CA1	23229
3	pyramidal_CA1	4297
3	pyramidal_CA1	203068
3	pyramidal_CA1	2550
3	pyramidal_CA1	10645
3	pyramidal_CA1	51062
3	pyramidal_CA1	3939
3	pyramidal_CA1	7447
3	pyramidal_CA1	284361
3	pyramidal_CA1	10658
3	pyramidal_CA1	54873
3	pyramidal_CA1	10109
3	pyramidal_CA1	7168
3	pyramidal_CA1	401190
3	pyramidal_CA1	10159
3	pyramidal_CA1	226
3	pyramidal_CA1	23787
3	pyramidal_CA1	51552
3	pyramidal_CA1	7336
3	pyramidal_CA1	8803
3	pyramidal_CA1	4035
3	pyramidal_CA1	6844
3	pyramidal_CA1	4704
3	pyramidal_CA1	3320
3	pyramidal_CA1	4133
3	pyramidal_CA1	23270
3	pyramidal_CA1	10294
3	pyramidal_CA1	4712
3	pyramidal_CA1	4697
3	pyramidal_CA1	287
3	pyramidal_CA1	7532
3	pyramidal_CA1	10659
3	pyramidal_CA1	6855
3	pyramidal_CA1	10096
3	pyramidal_CA1	1620
3	pyramidal_CA1	2561
3	pyramidal_CA1	4673
3	pyramidal_CA1	4076
3	pyramidal_CA1	81618
3	pyramidal_CA1	4905
3	pyramidal_CA1	4719
3	pyramidal_CA1	8663
3	pyramidal_CA1	23109
3	pyramidal_CA1	51075
3	pyramidal_CA1	10576
3	pyramidal_CA1	4741
3	pyramidal_CA1	22891
3	pyramidal_CA1	5814
3	pyramidal_CA1	4702
3	pyramidal_CA1	1020
3	pyramidal_CA1	9296
3	pyramidal_CA1	1608
3	pyramidal_CA1	8604
3	pyramidal_CA1	27020
3	pyramidal_CA1	6326
3	pyramidal_CA1	10787
3	pyramidal_CA1	51560
3	pyramidal_CA1	2026
3	pyramidal_CA1	3192
3	pyramidal_CA1	5862
3	pyramidal_CA1	10814
3	pyramidal_CA1	146330
3	pyramidal_CA1	5223
3	pyramidal_CA1	2915
3	pyramidal_CA1	2783
3	pyramidal_CA1	10788
3	pyramidal_CA1	23031
3	pyramidal_CA1	9445
3	pyramidal_CA1	5216
3	pyramidal_CA1	526
3	pyramidal_CA1	1174
3	pyramidal_CA1	7001
3	pyramidal_CA1	2806
3	pyramidal_CA1	777
3	pyramidal_CA1	23162
3	pyramidal_CA1	2812
3	pyramidal_CA1	56255
3	pyramidal_CA1	126328
3	pyramidal_CA1	4706
3	pyramidal_CA1	3182
3	pyramidal_CA1	6432
3	pyramidal_CA1	23287
3	pyramidal_CA1	1114
3	pyramidal_CA1	26521
3	pyramidal_CA1	23705
3	pyramidal_CA1	10961
3	pyramidal_CA1	23451
3	pyramidal_CA1	53335
3	pyramidal_CA1	10724
3	pyramidal_CA1	27430
3	pyramidal_CA1	7458
3	pyramidal_CA1	5049
3	pyramidal_CA1	4043
3	pyramidal_CA1	7247
3	pyramidal_CA1	8878
3	pyramidal_CA1	5682
3	pyramidal_CA1	5684
3	pyramidal_CA1	5692
3	pyramidal_CA1	26470
3	pyramidal_CA1	8848
3	pyramidal_CA1	57181
3	pyramidal_CA1	93664
3	pyramidal_CA1	793
3	pyramidal_CA1	11075
3	pyramidal_CA1	1268
3	pyramidal_CA1	2029
3	pyramidal_CA1	808
3	pyramidal_CA1	7857
3	pyramidal_CA1	50861
3	pyramidal_CA1	2044
3	pyramidal_CA1	23040
3	pyramidal_CA1	27075
3	pyramidal_CA1	3815
3	pyramidal_CA1	55531
3	pyramidal_CA1	10125
3	pyramidal_CA1	27032
3	pyramidal_CA1	285175
3	pyramidal_CA1	94134
3	pyramidal_CA1	2045
3	pyramidal_CA1	5660
3	pyramidal_CA1	1182
3	pyramidal_CA1	9500
3	pyramidal_CA1	6009
3	pyramidal_CA1	9584
3	pyramidal_CA1	10209
3	pyramidal_CA1	1123
3	pyramidal_CA1	57515
3	pyramidal_CA1	6447
3	pyramidal_CA1	6400
3	pyramidal_CA1	322
3	pyramidal_CA1	51573
3	pyramidal_CA1	9839
3	pyramidal_CA1	58508
3	pyramidal_CA1	51631
3	pyramidal_CA1	23131
3	pyramidal_CA1	3716
3	pyramidal_CA1	811
3	pyramidal_CA1	23524
3	pyramidal_CA1	57187
3	pyramidal_CA1	1952
3	pyramidal_CA1	6272
3	pyramidal_CA1	4836
3	pyramidal_CA1	79699
3	pyramidal_CA1	5358
3	pyramidal_CA1	6653
3	pyramidal_CA1	11188
3	pyramidal_CA1	1363
3	pyramidal_CA1	10428
3	pyramidal_CA1	9736
3	pyramidal_CA1	79443
3	pyramidal_CA1	2969
3	pyramidal_CA1	7102
3	pyramidal_CA1	53826
3	pyramidal_CA1	51747
3	pyramidal_CA1	29978
3	pyramidal_CA1	60592
3	pyramidal_CA1	9861
3	pyramidal_CA1	214
3	pyramidal_CA1	3646
3	pyramidal_CA1	10905
3	pyramidal_CA1	6921
3	pyramidal_CA1	5704
3	pyramidal_CA1	64919
3	pyramidal_CA1	11165
3	pyramidal_CA1	3251
3	pyramidal_CA1	144402
3	pyramidal_CA1	7114
3	pyramidal_CA1	340543
3	pyramidal_CA1	3336
3	pyramidal_CA1	8766
3	pyramidal_CA1	115557
3	pyramidal_CA1	10690
3	pyramidal_CA1	5178
3	pyramidal_CA1	10769
3	pyramidal_CA1	55342
3	pyramidal_CA1	353274
3	pyramidal_CA1	1159
3	pyramidal_CA1	4856
3	pyramidal_CA1	6990
3	pyramidal_CA1	259282
3	pyramidal_CA1	27065
4	oligodendrocytes	125988
4	oligodendrocytes	347
4	oligodendrocytes	51090
4	oligodendrocytes	93643
4	oligodendrocytes	10972
4	oligodendrocytes	9324
4	oligodendrocytes	8682
4	oligodendrocytes	58533
4	oligodendrocytes	6814
4	oligodendrocytes	4099
4	oligodendrocytes	477
4	oligodendrocytes	4642
4	oligodendrocytes	22933
4	oligodendrocytes	5327
4	oligodendrocytes	23208
4	oligodendrocytes	509
4	oligodendrocytes	3074
4	oligodendrocytes	10456
4	oligodendrocytes	7415
4	oligodendrocytes	6132
4	oligodendrocytes	11135
4	oligodendrocytes	51699
4	oligodendrocytes	11076
4	oligodendrocytes	10382
4	oligodendrocytes	55914
4	oligodendrocytes	3020
4	oligodendrocytes	4756
4	oligodendrocytes	59338
4	oligodendrocytes	6206
4	oligodendrocytes	9255
4	oligodendrocytes	6229
4	oligodendrocytes	23527
4	oligodendrocytes	2184
4	oligodendrocytes	274
4	oligodendrocytes	6227
4	oligodendrocytes	23241
4	oligodendrocytes	1603
4	oligodendrocytes	6747
4	oligodendrocytes	3028
4	oligodendrocytes	5789
4	oligodendrocytes	5757
4	oligodendrocytes	4155
4	oligodendrocytes	1845
4	oligodendrocytes	1073
4	oligodendrocytes	10079
4	oligodendrocytes	2194
4	oligodendrocytes	6228
4	oligodendrocytes	3190
4	oligodendrocytes	9444
4	oligodendrocytes	4831
4	oligodendrocytes	6900
4	oligodendrocytes	93377
4	oligodendrocytes	11033
4	oligodendrocytes	29968
4	oligodendrocytes	4646
4	oligodendrocytes	26227
4	oligodendrocytes	351
4	oligodendrocytes	8537
4	oligodendrocytes	51056
4	oligodendrocytes	6181
4	oligodendrocytes	5962
4	oligodendrocytes	847
4	oligodendrocytes	25994
4	oligodendrocytes	10476
4	oligodendrocytes	1808
4	oligodendrocytes	2879
4	oligodendrocytes	6923
4	oligodendrocytes	57144
4	oligodendrocytes	55970
4	oligodendrocytes	6204
4	oligodendrocytes	1509
4	oligodendrocytes	26517
4	oligodendrocytes	59345
4	oligodendrocytes	22948
4	oligodendrocytes	10552
4	oligodendrocytes	4726
4	oligodendrocytes	57003
4	oligodendrocytes	65992
4	oligodendrocytes	6193
4	oligodendrocytes	6142
4	oligodendrocytes	2949
4	oligodendrocytes	3303
4	oligodendrocytes	58473
4	oligodendrocytes	6194
4	oligodendrocytes	1915
4	oligodendrocytes	2770
4	oligodendrocytes	5694
4	oligodendrocytes	51065
4	oligodendrocytes	10521
4	oligodendrocytes	51660
4	oligodendrocytes	6224
4	oligodendrocytes	2876
4	oligodendrocytes	22905
4	oligodendrocytes	57471
4	oligodendrocytes	308
4	oligodendrocytes	537
4	oligodendrocytes	54539
4	oligodendrocytes	6234
4	oligodendrocytes	55619
4	oligodendrocytes	2197
4	oligodendrocytes	81631
4	oligodendrocytes	1347
4	oligodendrocytes	7422
4	oligodendrocytes	522
4	oligodendrocytes	6342
4	oligodendrocytes	7111
4	oligodendrocytes	2950
4	oligodendrocytes	51555
4	oligodendrocytes	9900
4	oligodendrocytes	11034
4	oligodendrocytes	4710
4	oligodendrocytes	4904
4	oligodendrocytes	56851
4	oligodendrocytes	6301
4	oligodendrocytes	10397
4	oligodendrocytes	6231
4	oligodendrocytes	23187
4	oligodendrocytes	6093
4	oligodendrocytes	27243
4	oligodendrocytes	3921
4	oligodendrocytes	1938
4	oligodendrocytes	221981
4	oligodendrocytes	5860
4	oligodendrocytes	11224
4	oligodendrocytes	5764
4	oligodendrocytes	3301
4	oligodendrocytes	6888
4	oligodendrocytes	6222
4	oligodendrocytes	2913
4	oligodendrocytes	54443
4	oligodendrocytes	391
4	oligodendrocytes	387
4	oligodendrocytes	4974
4	oligodendrocytes	10016
4	oligodendrocytes	7178
4	oligodendrocytes	6208
4	oligodendrocytes	2181
4	oligodendrocytes	6558
4	oligodendrocytes	8894
4	oligodendrocytes	1267
4	oligodendrocytes	23313
4	oligodendrocytes	55700
4	oligodendrocytes	1982
4	oligodendrocytes	57142
4	oligodendrocytes	2771
4	oligodendrocytes	6169
4	oligodendrocytes	5479
4	oligodendrocytes	6189
4	oligodendrocytes	10440
4	oligodendrocytes	23095
4	oligodendrocytes	6203
4	oligodendrocytes	6205
4	oligodendrocytes	5702
4	oligodendrocytes	3033
4	oligodendrocytes	6143
4	oligodendrocytes	4731
4	oligodendrocytes	6396
4	oligodendrocytes	131118
4	oligodendrocytes	9341
4	oligodendrocytes	3183
4	oligodendrocytes	11345
4	oligodendrocytes	4718
4	oligodendrocytes	1152
4	oligodendrocytes	288
4	oligodendrocytes	23052
4	oligodendrocytes	27131
4	oligodendrocytes	3736
4	oligodendrocytes	3766
4	oligodendrocytes	55847
4	oligodendrocytes	6133
4	oligodendrocytes	4715
4	oligodendrocytes	80150
4	oligodendrocytes	2079
4	oligodendrocytes	8533
4	oligodendrocytes	357
4	oligodendrocytes	6238
4	oligodendrocytes	547
4	oligodendrocytes	5052
4	oligodendrocytes	6727
4	oligodendrocytes	26051
4	oligodendrocytes	5567
4	oligodendrocytes	6161
4	oligodendrocytes	10247
4	oligodendrocytes	23673
4	oligodendrocytes	84896
4	oligodendrocytes	5686
4	oligodendrocytes	4130
4	oligodendrocytes	4282
4	oligodendrocytes	821
4	oligodendrocytes	92259
4	oligodendrocytes	9479
4	oligodendrocytes	83658
4	oligodendrocytes	4724
4	oligodendrocytes	23114
4	oligodendrocytes	5869
4	oligodendrocytes	998
4	oligodendrocytes	5354
4	oligodendrocytes	9738
4	oligodendrocytes	1653
4	oligodendrocytes	6507
4	oligodendrocytes	199731
4	oligodendrocytes	10396
4	oligodendrocytes	6285
4	oligodendrocytes	10890
4	oligodendrocytes	10632
4	oligodendrocytes	81892
4	oligodendrocytes	3163
4	oligodendrocytes	5828
4	oligodendrocytes	90701
4	oligodendrocytes	5878
4	oligodendrocytes	2280
4	oligodendrocytes	3181
4	oligodendrocytes	23500
4	oligodendrocytes	5825
4	oligodendrocytes	60
4	oligodendrocytes	6230
4	oligodendrocytes	7184
4	oligodendrocytes	7316
4	oligodendrocytes	81628
4	oligodendrocytes	9638
4	oligodendrocytes	1655
4	oligodendrocytes	2224
4	oligodendrocytes	23
4	oligodendrocytes	9588
4	oligodendrocytes	5906
4	oligodendrocytes	4684
4	oligodendrocytes	7388
4	oligodendrocytes	6217
4	oligodendrocytes	23395
4	oligodendrocytes	254863
4	oligodendrocytes	6152
4	oligodendrocytes	2824
4	oligodendrocytes	6284
4	oligodendrocytes	4336
4	oligodendrocytes	22998
4	oligodendrocytes	4340
4	oligodendrocytes	5683
4	oligodendrocytes	1266
4	oligodendrocytes	5478
4	oligodendrocytes	23136
4	oligodendrocytes	7846
4	oligodendrocytes	51160
4	oligodendrocytes	6513
4	oligodendrocytes	10250
4	oligodendrocytes	56899
4	oligodendrocytes	118487
4	oligodendrocytes	9524
4	oligodendrocytes	9349
4	oligodendrocytes	23521
4	oligodendrocytes	63827
4	oligodendrocytes	23204
4	oligodendrocytes	23237
4	oligodendrocytes	2752
4	oligodendrocytes	23243
4	oligodendrocytes	81
4	oligodendrocytes	1327
4	oligodendrocytes	1995
4	oligodendrocytes	6129
4	oligodendrocytes	2934
4	oligodendrocytes	11315
4	oligodendrocytes	11332
4	oligodendrocytes	47
4	oligodendrocytes	9414
4	oligodendrocytes	133121
4	oligodendrocytes	1465
4	oligodendrocytes	8668
4	oligodendrocytes	5305
4	oligodendrocytes	928
4	oligodendrocytes	5879
4	oligodendrocytes	1936
4	oligodendrocytes	23589
4	oligodendrocytes	56895
4	oligodendrocytes	4137
4	oligodendrocytes	2047
4	oligodendrocytes	55845
4	oligodendrocytes	9987
4	oligodendrocytes	8813
4	oligodendrocytes	83442
4	oligodendrocytes	79789
4	oligodendrocytes	4728
4	oligodendrocytes	6165
4	oligodendrocytes	4637
4	oligodendrocytes	7314
4	oligodendrocytes	760
4	oligodendrocytes	1781
4	oligodendrocytes	4869
4	oligodendrocytes	51144
4	oligodendrocytes	54927
4	oligodendrocytes	6207
4	oligodendrocytes	6168
4	oligodendrocytes	1072
4	oligodendrocytes	2171
4	oligodendrocytes	6390
4	oligodendrocytes	7360
4	oligodendrocytes	140576
4	oligodendrocytes	284361
4	oligodendrocytes	51097
4	oligodendrocytes	5142
4	oligodendrocytes	83988
4	oligodendrocytes	713
4	oligodendrocytes	10159
4	oligodendrocytes	57580
4	oligodendrocytes	1892
4	oligodendrocytes	9625
4	oligodendrocytes	65125
4	oligodendrocytes	6678
4	oligodendrocytes	10399
4	oligodendrocytes	3320
4	oligodendrocytes	6188
4	oligodendrocytes	334
4	oligodendrocytes	6176
4	oligodendrocytes	664
4	oligodendrocytes	6135
4	oligodendrocytes	6233
4	oligodendrocytes	55737
4	oligodendrocytes	8663
4	oligodendrocytes	10576
4	oligodendrocytes	22891
4	oligodendrocytes	1340
4	oligodendrocytes	1410
4	oligodendrocytes	1020
4	oligodendrocytes	4695
4	oligodendrocytes	8604
4	oligodendrocytes	103910
4	oligodendrocytes	2495
4	oligodendrocytes	3281
4	oligodendrocytes	51024
4	oligodendrocytes	9223
4	oligodendrocytes	10971
4	oligodendrocytes	4676
4	oligodendrocytes	4701
4	oligodendrocytes	9550
4	oligodendrocytes	6124
4	oligodendrocytes	2783
4	oligodendrocytes	26052
4	oligodendrocytes	23031
4	oligodendrocytes	3309
4	oligodendrocytes	80725
4	oligodendrocytes	515
4	oligodendrocytes	476
4	oligodendrocytes	55198
4	oligodendrocytes	1622
4	oligodendrocytes	1345
4	oligodendrocytes	1933
4	oligodendrocytes	427
4	oligodendrocytes	1973
4	oligodendrocytes	9445
4	oligodendrocytes	388
4	oligodendrocytes	51031
4	oligodendrocytes	10455
4	oligodendrocytes	5034
4	oligodendrocytes	1337
4	oligodendrocytes	10987
4	oligodendrocytes	6428
4	oligodendrocytes	6432
4	oligodendrocytes	1891
4	oligodendrocytes	7018
4	oligodendrocytes	10961
4	oligodendrocytes	5101
4	oligodendrocytes	1362
4	oligodendrocytes	10988
4	oligodendrocytes	6434
4	oligodendrocytes	7458
4	oligodendrocytes	5049
4	oligodendrocytes	84457
4	oligodendrocytes	10979
4	oligodendrocytes	5690
4	oligodendrocytes	5684
4	oligodendrocytes	5688
4	oligodendrocytes	5689
4	oligodendrocytes	26470
4	oligodendrocytes	51100
4	oligodendrocytes	3925
4	oligodendrocytes	2009
4	oligodendrocytes	5833
4	oligodendrocytes	23671
4	oligodendrocytes	23048
4	oligodendrocytes	2263
4	oligodendrocytes	6566
4	oligodendrocytes	89853
4	oligodendrocytes	7276
4	oligodendrocytes	6271
4	oligodendrocytes	4240
4	oligodendrocytes	56977
4	oligodendrocytes	3417
4	oligodendrocytes	56889
4	oligodendrocytes	3157
4	oligodendrocytes	5168
4	oligodendrocytes	1182
4	oligodendrocytes	3688
4	oligodendrocytes	23258
4	oligodendrocytes	9584
4	oligodendrocytes	39
4	oligodendrocytes	10209
4	oligodendrocytes	57407
4	oligodendrocytes	322
4	oligodendrocytes	51573
4	oligodendrocytes	9839
4	oligodendrocytes	7411
4	oligodendrocytes	23131
4	oligodendrocytes	4696
4	oligodendrocytes	1503
4	oligodendrocytes	85458
4	oligodendrocytes	57187
4	oligodendrocytes	6272
4	oligodendrocytes	340371
4	oligodendrocytes	3556
4	oligodendrocytes	11031
4	oligodendrocytes	3146
4	oligodendrocytes	402
4	oligodendrocytes	128
4	oligodendrocytes	85442
4	oligodendrocytes	975
4	oligodendrocytes	9861
4	oligodendrocytes	1436
4	oligodendrocytes	3646
4	oligodendrocytes	114876
4	oligodendrocytes	51635
4	oligodendrocytes	1476
4	oligodendrocytes	51125
4	oligodendrocytes	4144
4	oligodendrocytes	6921
4	oligodendrocytes	28956
4	oligodendrocytes	7163
4	oligodendrocytes	5204
4	oligodendrocytes	3094
4	oligodendrocytes	5704
4	oligodendrocytes	5710
4	oligodendrocytes	20
4	oligodendrocytes	10100
4	oligodendrocytes	3916
4	oligodendrocytes	51014
4	oligodendrocytes	10134
4	oligodendrocytes	8842
4	oligodendrocytes	63027
4	oligodendrocytes	25932
4	oligodendrocytes	57060
4	oligodendrocytes	5372
4	oligodendrocytes	56616
4	oligodendrocytes	6170
4	oligodendrocytes	483
4	oligodendrocytes	3920
4	oligodendrocytes	23446
4	oligodendrocytes	11165
4	oligodendrocytes	5445
4	oligodendrocytes	83700
4	oligodendrocytes	5730
4	oligodendrocytes	23041
4	oligodendrocytes	4666
4	oligodendrocytes	80303
4	oligodendrocytes	1595
4	oligodendrocytes	9367
4	oligodendrocytes	3040
4	oligodendrocytes	7114
4	oligodendrocytes	10776
4	oligodendrocytes	23181
4	oligodendrocytes	2512
4	oligodendrocytes	2946
4	oligodendrocytes	3336
4	oligodendrocytes	514
4	oligodendrocytes	5787
4	oligodendrocytes	8577
4	oligodendrocytes	3156
4	oligodendrocytes	3021
4	oligodendrocytes	51255
5	microglia	58533
5	microglia	6814
5	microglia	477
5	microglia	3074
5	microglia	6132
5	microglia	55914
5	microglia	3020
5	microglia	6202
5	microglia	6206
5	microglia	6229
5	microglia	274
5	microglia	6227
5	microglia	1958
5	microglia	5757
5	microglia	6228
5	microglia	9444
5	microglia	6181
5	microglia	1471
5	microglia	847
5	microglia	6204
5	microglia	1509
5	microglia	6193
5	microglia	6142
5	microglia	3303
5	microglia	6194
5	microglia	1915
5	microglia	140885
5	microglia	51065
5	microglia	6224
5	microglia	2876
5	microglia	1213
5	microglia	308
5	microglia	6234
5	microglia	2197
5	microglia	7422
5	microglia	6342
5	microglia	871
5	microglia	4904
5	microglia	6231
5	microglia	8829
5	microglia	6093
5	microglia	3921
5	microglia	1938
5	microglia	11224
5	microglia	6222
5	microglia	23215
5	microglia	391
5	microglia	387
5	microglia	7178
5	microglia	10097
5	microglia	6208
5	microglia	115207
5	microglia	2771
5	microglia	6169
5	microglia	6136
5	microglia	38
5	microglia	5479
5	microglia	6189
5	microglia	11170
5	microglia	6203
5	microglia	6205
5	microglia	348
5	microglia	9341
5	microglia	27131
5	microglia	6133
5	microglia	8826
5	microglia	7431
5	microglia	6238
5	microglia	5052
5	microglia	4082
5	microglia	5567
5	microglia	6161
5	microglia	821
5	microglia	998
5	microglia	55082
5	microglia	830
5	microglia	6507
5	microglia	8671
5	microglia	5878
5	microglia	23205
5	microglia	60
5	microglia	6230
5	microglia	7184
5	microglia	7316
5	microglia	81628
5	microglia	1655
5	microglia	2697
5	microglia	26986
5	microglia	6217
5	microglia	23395
5	microglia	254863
5	microglia	6152
5	microglia	6284
5	microglia	762
5	microglia	6167
5	microglia	118487
5	microglia	9349
5	microglia	23521
5	microglia	2752
5	microglia	79180
5	microglia	6129
5	microglia	5305
5	microglia	5879
5	microglia	10006
5	microglia	1936
5	microglia	6386
5	microglia	80232
5	microglia	6165
5	microglia	4208
5	microglia	71
5	microglia	6207
5	microglia	6168
5	microglia	10109
5	microglia	713
5	microglia	57580
5	microglia	65125
5	microglia	4035
5	microglia	6520
5	microglia	6678
5	microglia	3304
5	microglia	10399
5	microglia	6188
5	microglia	6176
5	microglia	6135
5	microglia	6233
5	microglia	1901
5	microglia	103910
5	microglia	2495
5	microglia	9550
5	microglia	6124
5	microglia	3309
5	microglia	10398
5	microglia	55198
5	microglia	1933
5	microglia	427
5	microglia	9445
5	microglia	5216
5	microglia	388
5	microglia	10455
5	microglia	5034
5	microglia	4942
5	microglia	712
5	microglia	6432
5	microglia	7018
5	microglia	10961
5	microglia	6434
5	microglia	80727
5	microglia	22985
5	microglia	2335
5	microglia	51100
5	microglia	2321
5	microglia	7276
5	microglia	6271
5	microglia	19
5	microglia	56889
5	microglia	5660
5	microglia	3688
5	microglia	9584
5	microglia	3956
5	microglia	51631
5	microglia	3716
5	microglia	3643
5	microglia	811
5	microglia	23524
5	microglia	1508
5	microglia	11031
5	microglia	5295
5	microglia	1436
5	microglia	1476
5	microglia	4144
5	microglia	3916
5	microglia	6170
5	microglia	483
5	microglia	8140
5	microglia	3920
5	microglia	5445
5	microglia	4666
5	microglia	3251
5	microglia	2944
5	microglia	3040
5	microglia	7114
5	microglia	2512
5	microglia	5787
5	microglia	3021
6	endothelial-mural	2316
6	endothelial-mural	10972
6	endothelial-mural	477
6	endothelial-mural	5327
6	endothelial-mural	6132
6	endothelial-mural	11135
6	endothelial-mural	3020
6	endothelial-mural	6202
6	endothelial-mural	6206
6	endothelial-mural	6229
6	endothelial-mural	682
6	endothelial-mural	6227
6	endothelial-mural	1958
6	endothelial-mural	5757
6	endothelial-mural	6228
6	endothelial-mural	9444
6	endothelial-mural	4831
6	endothelial-mural	29966
6	endothelial-mural	4646
6	endothelial-mural	6181
6	endothelial-mural	1471
6	endothelial-mural	6138
6	endothelial-mural	6204
6	endothelial-mural	6711
6	endothelial-mural	59345
6	endothelial-mural	59
6	endothelial-mural	6193
6	endothelial-mural	6142
6	endothelial-mural	3303
6	endothelial-mural	6194
6	endothelial-mural	1915
6	endothelial-mural	51065
6	endothelial-mural	10627
6	endothelial-mural	6224
6	endothelial-mural	2876
6	endothelial-mural	58517
6	endothelial-mural	308
6	endothelial-mural	23348
6	endothelial-mural	6234
6	endothelial-mural	2197
6	endothelial-mural	7422
6	endothelial-mural	871
6	endothelial-mural	4904
6	endothelial-mural	10397
6	endothelial-mural	6231
6	endothelial-mural	10949
6	endothelial-mural	8829
6	endothelial-mural	6093
6	endothelial-mural	546
6	endothelial-mural	3921
6	endothelial-mural	1938
6	endothelial-mural	11224
6	endothelial-mural	5764
6	endothelial-mural	8404
6	endothelial-mural	6222
6	endothelial-mural	23215
6	endothelial-mural	113246
6	endothelial-mural	387
6	endothelial-mural	7178
6	endothelial-mural	6208
6	endothelial-mural	115207
6	endothelial-mural	5138
6	endothelial-mural	2771
6	endothelial-mural	6169
6	endothelial-mural	6136
6	endothelial-mural	5479
6	endothelial-mural	6189
6	endothelial-mural	11170
6	endothelial-mural	6203
6	endothelial-mural	6205
6	endothelial-mural	3033
6	endothelial-mural	6143
6	endothelial-mural	9341
6	endothelial-mural	11343
6	endothelial-mural	1397
6	endothelial-mural	3015
6	endothelial-mural	6133
6	endothelial-mural	3799
6	endothelial-mural	8826
6	endothelial-mural	7431
6	endothelial-mural	6238
6	endothelial-mural	5052
6	endothelial-mural	6161
6	endothelial-mural	55082
6	endothelial-mural	23365
6	endothelial-mural	1499
6	endothelial-mural	60
6	endothelial-mural	6230
6	endothelial-mural	7316
6	endothelial-mural	1655
6	endothelial-mural	2697
6	endothelial-mural	26986
6	endothelial-mural	6217
6	endothelial-mural	23395
6	endothelial-mural	7295
6	endothelial-mural	6152
6	endothelial-mural	10580
6	endothelial-mural	6284
6	endothelial-mural	22998
6	endothelial-mural	762
6	endothelial-mural	23499
6	endothelial-mural	375790
6	endothelial-mural	1266
6	endothelial-mural	6513
6	endothelial-mural	4659
6	endothelial-mural	6167
6	endothelial-mural	9349
6	endothelial-mural	23521
6	endothelial-mural	2752
6	endothelial-mural	81
6	endothelial-mural	6709
6	endothelial-mural	6129
6	endothelial-mural	9414
6	endothelial-mural	1936
6	endothelial-mural	6613
6	endothelial-mural	6386
6	endothelial-mural	6165
6	endothelial-mural	4637
6	endothelial-mural	4208
6	endothelial-mural	71
6	endothelial-mural	6207
6	endothelial-mural	203068
6	endothelial-mural	6168
6	endothelial-mural	54873
6	endothelial-mural	7168
6	endothelial-mural	65125
6	endothelial-mural	6520
6	endothelial-mural	6678
6	endothelial-mural	3304
6	endothelial-mural	10399
6	endothelial-mural	6188
6	endothelial-mural	334
6	endothelial-mural	6176
6	endothelial-mural	6135
6	endothelial-mural	6233
6	endothelial-mural	6002
6	endothelial-mural	1901
6	endothelial-mural	103910
6	endothelial-mural	3983
6	endothelial-mural	6124
6	endothelial-mural	5270
6	endothelial-mural	10398
6	endothelial-mural	1933
6	endothelial-mural	388
6	endothelial-mural	10455
6	endothelial-mural	5034
6	endothelial-mural	6428
6	endothelial-mural	284119
6	endothelial-mural	6432
6	endothelial-mural	1891
6	endothelial-mural	1362
6	endothelial-mural	6434
6	endothelial-mural	22985
6	endothelial-mural	10979
6	endothelial-mural	2335
6	endothelial-mural	51100
6	endothelial-mural	8848
6	endothelial-mural	57181
6	endothelial-mural	6566
6	endothelial-mural	2321
6	endothelial-mural	6876
6	endothelial-mural	27075
6	endothelial-mural	4240
6	endothelial-mural	19
6	endothelial-mural	3688
6	endothelial-mural	9584
6	endothelial-mural	51631
6	endothelial-mural	3643
6	endothelial-mural	23524
6	endothelial-mural	57187
6	endothelial-mural	5358
6	endothelial-mural	9736
6	endothelial-mural	79443
6	endothelial-mural	3146
6	endothelial-mural	51747
6	endothelial-mural	1476
6	endothelial-mural	5204
6	endothelial-mural	8842
6	endothelial-mural	25932
6	endothelial-mural	6170
6	endothelial-mural	8140
6	endothelial-mural	5445
6	endothelial-mural	4666
6	endothelial-mural	10991
6	endothelial-mural	3251
6	endothelial-mural	2944
6	endothelial-mural	3040
6	endothelial-mural	7114
6	endothelial-mural	2512
6	endothelial-mural	2946
6	endothelial-mural	8766
6	endothelial-mural	10769
6	endothelial-mural	5787
6	endothelial-mural	3021
7	astrocytes_ependymal	10972
7	astrocytes_ependymal	9324
7	astrocytes_ependymal	8682
7	astrocytes_ependymal	477
7	astrocytes_ependymal	3945
7	astrocytes_ependymal	509
7	astrocytes_ependymal	3074
7	astrocytes_ependymal	114088
7	astrocytes_ependymal	55914
7	astrocytes_ependymal	4756
7	astrocytes_ependymal	55704
7	astrocytes_ependymal	6747
7	astrocytes_ependymal	3028
7	astrocytes_ependymal	2194
7	astrocytes_ependymal	9444
7	astrocytes_ependymal	29968
7	astrocytes_ependymal	4646
7	astrocytes_ependymal	26227
7	astrocytes_ependymal	51056
7	astrocytes_ependymal	1471
7	astrocytes_ependymal	5962
7	astrocytes_ependymal	847
7	astrocytes_ependymal	50863
7	astrocytes_ependymal	55970
7	astrocytes_ependymal	1509
7	astrocytes_ependymal	4915
7	astrocytes_ependymal	2949
7	astrocytes_ependymal	58473
7	astrocytes_ependymal	140885
7	astrocytes_ependymal	4897
7	astrocytes_ependymal	10521
7	astrocytes_ependymal	51660
7	astrocytes_ependymal	2746
7	astrocytes_ependymal	29
7	astrocytes_ependymal	6506
7	astrocytes_ependymal	308
7	astrocytes_ependymal	7422
7	astrocytes_ependymal	522
7	astrocytes_ependymal	6342
7	astrocytes_ependymal	871
7	astrocytes_ependymal	5019
7	astrocytes_ependymal	6093
7	astrocytes_ependymal	1191
7	astrocytes_ependymal	5764
7	astrocytes_ependymal	8404
7	astrocytes_ependymal	2913
7	astrocytes_ependymal	387
7	astrocytes_ependymal	4974
7	astrocytes_ependymal	2181
7	astrocytes_ependymal	10383
7	astrocytes_ependymal	10675
7	astrocytes_ependymal	2771
7	astrocytes_ependymal	5479
7	astrocytes_ependymal	11170
7	astrocytes_ependymal	3033
7	astrocytes_ependymal	9201
7	astrocytes_ependymal	348
7	astrocytes_ependymal	11343
7	astrocytes_ependymal	1152
7	astrocytes_ependymal	1397
7	astrocytes_ependymal	27131
7	astrocytes_ependymal	3766
7	astrocytes_ependymal	80150
7	astrocytes_ependymal	7431
7	astrocytes_ependymal	6238
7	astrocytes_ependymal	5052
7	astrocytes_ependymal	4082
7	astrocytes_ependymal	10247
7	astrocytes_ependymal	9379
7	astrocytes_ependymal	84293
7	astrocytes_ependymal	821
7	astrocytes_ependymal	5250
7	astrocytes_ependymal	55082
7	astrocytes_ependymal	6507
7	astrocytes_ependymal	199731
7	astrocytes_ependymal	6285
7	astrocytes_ependymal	8671
7	astrocytes_ependymal	23365
7	astrocytes_ependymal	5828
7	astrocytes_ependymal	230
7	astrocytes_ependymal	539
7	astrocytes_ependymal	23500
7	astrocytes_ependymal	23205
7	astrocytes_ependymal	5825
7	astrocytes_ependymal	2775
7	astrocytes_ependymal	2823
7	astrocytes_ependymal	7316
7	astrocytes_ependymal	81628
7	astrocytes_ependymal	361
7	astrocytes_ependymal	2697
7	astrocytes_ependymal	9588
7	astrocytes_ependymal	4684
7	astrocytes_ependymal	7388
7	astrocytes_ependymal	23395
7	astrocytes_ependymal	2824
7	astrocytes_ependymal	10580
7	astrocytes_ependymal	6284
7	astrocytes_ependymal	22998
7	astrocytes_ependymal	10768
7	astrocytes_ependymal	23499
7	astrocytes_ependymal	1266
7	astrocytes_ependymal	6513
7	astrocytes_ependymal	1463
7	astrocytes_ependymal	92737
7	astrocytes_ependymal	55967
7	astrocytes_ependymal	5621
7	astrocytes_ependymal	9378
7	astrocytes_ependymal	63827
7	astrocytes_ependymal	2752
7	astrocytes_ependymal	79180
7	astrocytes_ependymal	5654
7	astrocytes_ependymal	9414
7	astrocytes_ependymal	1465
7	astrocytes_ependymal	928
7	astrocytes_ependymal	1936
7	astrocytes_ependymal	5160
7	astrocytes_ependymal	79789
7	astrocytes_ependymal	482
7	astrocytes_ependymal	760
7	astrocytes_ependymal	51144
7	astrocytes_ependymal	54927
7	astrocytes_ependymal	2550
7	astrocytes_ependymal	2171
7	astrocytes_ependymal	7360
7	astrocytes_ependymal	140576
7	astrocytes_ependymal	2173
7	astrocytes_ependymal	6529
7	astrocytes_ependymal	57580
7	astrocytes_ependymal	1892
7	astrocytes_ependymal	4035
7	astrocytes_ependymal	6520
7	astrocytes_ependymal	6678
7	astrocytes_ependymal	5803
7	astrocytes_ependymal	334
7	astrocytes_ependymal	287
7	astrocytes_ependymal	6135
7	astrocytes_ependymal	81618
7	astrocytes_ependymal	6002
7	astrocytes_ependymal	1901
7	astrocytes_ependymal	57447
7	astrocytes_ependymal	23209
7	astrocytes_ependymal	5270
7	astrocytes_ependymal	29796
7	astrocytes_ependymal	23305
7	astrocytes_ependymal	10398
7	astrocytes_ependymal	55198
7	astrocytes_ependymal	1622
7	astrocytes_ependymal	427
7	astrocytes_ependymal	9445
7	astrocytes_ependymal	7001
7	astrocytes_ependymal	10455
7	astrocytes_ependymal	5034
7	astrocytes_ependymal	18
7	astrocytes_ependymal	4942
7	astrocytes_ependymal	1891
7	astrocytes_ependymal	23705
7	astrocytes_ependymal	80727
7	astrocytes_ependymal	22985
7	astrocytes_ependymal	84457
7	astrocytes_ependymal	10979
7	astrocytes_ependymal	23048
7	astrocytes_ependymal	2263
7	astrocytes_ependymal	6566
7	astrocytes_ependymal	6271
7	astrocytes_ependymal	4240
7	astrocytes_ependymal	19
7	astrocytes_ependymal	3417
7	astrocytes_ependymal	3157
7	astrocytes_ependymal	5660
7	astrocytes_ependymal	39
7	astrocytes_ependymal	3956
7	astrocytes_ependymal	58508
7	astrocytes_ependymal	51631
7	astrocytes_ependymal	23524
7	astrocytes_ependymal	1508
7	astrocytes_ependymal	11031
7	astrocytes_ependymal	1363
7	astrocytes_ependymal	7102
7	astrocytes_ependymal	53826
7	astrocytes_ependymal	128
7	astrocytes_ependymal	5295
7	astrocytes_ependymal	975
7	astrocytes_ependymal	51635
7	astrocytes_ependymal	3916
7	astrocytes_ependymal	51014
7	astrocytes_ependymal	8842
7	astrocytes_ependymal	63027
7	astrocytes_ependymal	5372
7	astrocytes_ependymal	8140
7	astrocytes_ependymal	3920
7	astrocytes_ependymal	5445
7	astrocytes_ependymal	5348
7	astrocytes_ependymal	10991
7	astrocytes_ependymal	1595
7	astrocytes_ependymal	2944
7	astrocytes_ependymal	9367
7	astrocytes_ependymal	2261
7	astrocytes_ependymal	10690
7	astrocytes_ependymal	3156
7	astrocytes_ependymal	51663
7	astrocytes_ependymal	2316
7	astrocytes_ependymal	9324
7	astrocytes_ependymal	477
7	astrocytes_ependymal	10808
7	astrocytes_ependymal	9948
7	astrocytes_ependymal	5327
7	astrocytes_ependymal	3074
7	astrocytes_ependymal	6202
7	astrocytes_ependymal	682
7	astrocytes_ependymal	55704
7	astrocytes_ependymal	5037
7	astrocytes_ependymal	1958
7	astrocytes_ependymal	6747
7	astrocytes_ependymal	5757
7	astrocytes_ependymal	9444
7	astrocytes_ependymal	29968
7	astrocytes_ependymal	4646
7	astrocytes_ependymal	26227
7	astrocytes_ependymal	6181
7	astrocytes_ependymal	1471
7	astrocytes_ependymal	5962
7	astrocytes_ependymal	847
7	astrocytes_ependymal	1509
7	astrocytes_ependymal	4915
7	astrocytes_ependymal	59
7	astrocytes_ependymal	3303
7	astrocytes_ependymal	58473
7	astrocytes_ependymal	7343
7	astrocytes_ependymal	2778
7	astrocytes_ependymal	51065
7	astrocytes_ependymal	2746
7	astrocytes_ependymal	58517
7	astrocytes_ependymal	6506
7	astrocytes_ependymal	308
7	astrocytes_ependymal	7422
7	astrocytes_ependymal	7111
7	astrocytes_ependymal	871
7	astrocytes_ependymal	5214
7	astrocytes_ependymal	5019
7	astrocytes_ependymal	10949
7	astrocytes_ependymal	23187
7	astrocytes_ependymal	1191
7	astrocytes_ependymal	8404
7	astrocytes_ependymal	2571
7	astrocytes_ependymal	10016
7	astrocytes_ependymal	2181
7	astrocytes_ependymal	23313
7	astrocytes_ependymal	10383
7	astrocytes_ependymal	1982
7	astrocytes_ependymal	10675
7	astrocytes_ependymal	2771
7	astrocytes_ependymal	38
7	astrocytes_ependymal	11170
7	astrocytes_ependymal	3033
7	astrocytes_ependymal	348
7	astrocytes_ependymal	1152
7	astrocytes_ependymal	1397
7	astrocytes_ependymal	27131
7	astrocytes_ependymal	3766
7	astrocytes_ependymal	80150
7	astrocytes_ependymal	2079
7	astrocytes_ependymal	8826
7	astrocytes_ependymal	7431
7	astrocytes_ependymal	6238
7	astrocytes_ependymal	5052
7	astrocytes_ependymal	4082
7	astrocytes_ependymal	84293
7	astrocytes_ependymal	55082
7	astrocytes_ependymal	6507
7	astrocytes_ependymal	52
7	astrocytes_ependymal	6285
7	astrocytes_ependymal	140735
7	astrocytes_ependymal	8671
7	astrocytes_ependymal	23365
7	astrocytes_ependymal	1499
7	astrocytes_ependymal	230
7	astrocytes_ependymal	5878
7	astrocytes_ependymal	22980
7	astrocytes_ependymal	3181
7	astrocytes_ependymal	23500
7	astrocytes_ependymal	23205
7	astrocytes_ependymal	5825
7	astrocytes_ependymal	7316
7	astrocytes_ependymal	81628
7	astrocytes_ependymal	361
7	astrocytes_ependymal	2697
7	astrocytes_ependymal	9588
7	astrocytes_ependymal	6217
7	astrocytes_ependymal	136319
7	astrocytes_ependymal	23395
7	astrocytes_ependymal	7295
7	astrocytes_ependymal	10580
7	astrocytes_ependymal	23499
7	astrocytes_ependymal	1266
7	astrocytes_ependymal	7846
7	astrocytes_ependymal	6513
7	astrocytes_ependymal	23345
7	astrocytes_ependymal	92737
7	astrocytes_ependymal	10250
7	astrocytes_ependymal	493
7	astrocytes_ependymal	5621
7	astrocytes_ependymal	23521
7	astrocytes_ependymal	63827
7	astrocytes_ependymal	2752
7	astrocytes_ependymal	6129
7	astrocytes_ependymal	2934
7	astrocytes_ependymal	5654
7	astrocytes_ependymal	9414
7	astrocytes_ependymal	928
7	astrocytes_ependymal	1936
7	astrocytes_ependymal	23589
7	astrocytes_ependymal	10376
7	astrocytes_ependymal	488
7	astrocytes_ependymal	79789
7	astrocytes_ependymal	482
7	astrocytes_ependymal	6647
7	astrocytes_ependymal	7360
7	astrocytes_ependymal	2173
7	astrocytes_ependymal	6529
7	astrocytes_ependymal	54873
7	astrocytes_ependymal	1892
7	astrocytes_ependymal	65125
7	astrocytes_ependymal	4035
7	astrocytes_ependymal	6520
7	astrocytes_ependymal	6678
7	astrocytes_ependymal	10399
7	astrocytes_ependymal	3320
7	astrocytes_ependymal	5803
7	astrocytes_ependymal	81618
7	astrocytes_ependymal	6002
7	astrocytes_ependymal	8663
7	astrocytes_ependymal	1901
7	astrocytes_ependymal	103910
7	astrocytes_ependymal	3983
7	astrocytes_ependymal	9223
7	astrocytes_ependymal	57447
7	astrocytes_ependymal	23209
7	astrocytes_ependymal	5270
7	astrocytes_ependymal	2783
7	astrocytes_ependymal	10788
7	astrocytes_ependymal	3309
7	astrocytes_ependymal	23305
7	astrocytes_ependymal	10398
7	astrocytes_ependymal	55198
7	astrocytes_ependymal	1622
7	astrocytes_ependymal	427
7	astrocytes_ependymal	388
7	astrocytes_ependymal	51031
7	astrocytes_ependymal	10455
7	astrocytes_ependymal	777
7	astrocytes_ependymal	18
7	astrocytes_ependymal	4942
7	astrocytes_ependymal	284119
7	astrocytes_ependymal	1891
7	astrocytes_ependymal	23705
7	astrocytes_ependymal	2572
7	astrocytes_ependymal	1362
7	astrocytes_ependymal	5649
7	astrocytes_ependymal	10988
7	astrocytes_ependymal	80727
7	astrocytes_ependymal	22985
7	astrocytes_ependymal	10979
7	astrocytes_ependymal	2335
7	astrocytes_ependymal	8878
7	astrocytes_ependymal	51100
7	astrocytes_ependymal	6566
7	astrocytes_ependymal	54543
7	astrocytes_ependymal	7276
7	astrocytes_ependymal	6271
7	astrocytes_ependymal	4240
7	astrocytes_ependymal	19
7	astrocytes_ependymal	56977
7	astrocytes_ependymal	5660
7	astrocytes_ependymal	10209
7	astrocytes_ependymal	3956
7	astrocytes_ependymal	51631
7	astrocytes_ependymal	3643
7	astrocytes_ependymal	811
7	astrocytes_ependymal	23524
7	astrocytes_ependymal	57187
7	astrocytes_ependymal	340371
7	astrocytes_ependymal	1508
7	astrocytes_ependymal	11031
7	astrocytes_ependymal	1363
7	astrocytes_ependymal	85442
7	astrocytes_ependymal	975
7	astrocytes_ependymal	51635
7	astrocytes_ependymal	5121
7	astrocytes_ependymal	8842
7	astrocytes_ependymal	63027
7	astrocytes_ependymal	25932
7	astrocytes_ependymal	3920
7	astrocytes_ependymal	5445
7	astrocytes_ependymal	5348
7	astrocytes_ependymal	10991
7	astrocytes_ependymal	2944
7	astrocytes_ependymal	2512
7	astrocytes_ependymal	2261
7	astrocytes_ependymal	10690
7	astrocytes_ependymal	55342
7	astrocytes_ependymal	3021
7	astrocytes_ependymal	259282
6	endothelial-mural	2316
6	endothelial-mural	477
6	endothelial-mural	9948
6	endothelial-mural	4642
6	endothelial-mural	6132
6	endothelial-mural	3020
6	endothelial-mural	6206
6	endothelial-mural	6229
6	endothelial-mural	6227
6	endothelial-mural	7311
6	endothelial-mural	1958
6	endothelial-mural	5757
6	endothelial-mural	1845
6	endothelial-mural	6228
6	endothelial-mural	4831
6	endothelial-mural	9475
6	endothelial-mural	6181
6	endothelial-mural	1471
6	endothelial-mural	6138
6	endothelial-mural	55970
6	endothelial-mural	6204
6	endothelial-mural	59345
6	endothelial-mural	59
6	endothelial-mural	6142
6	endothelial-mural	3303
6	endothelial-mural	6194
6	endothelial-mural	1915
6	endothelial-mural	51065
6	endothelial-mural	6224
6	endothelial-mural	2876
6	endothelial-mural	58517
6	endothelial-mural	29
6	endothelial-mural	8943
6	endothelial-mural	6506
6	endothelial-mural	308
6	endothelial-mural	6234
6	endothelial-mural	2197
6	endothelial-mural	7422
6	endothelial-mural	871
6	endothelial-mural	11034
6	endothelial-mural	8829
6	endothelial-mural	6093
6	endothelial-mural	546
6	endothelial-mural	3921
6	endothelial-mural	1938
6	endothelial-mural	11224
6	endothelial-mural	8404
6	endothelial-mural	6222
6	endothelial-mural	23215
6	endothelial-mural	387
6	endothelial-mural	6208
6	endothelial-mural	3098
6	endothelial-mural	6262
6	endothelial-mural	6558
6	endothelial-mural	2771
6	endothelial-mural	6136
6	endothelial-mural	6189
6	endothelial-mural	11170
6	endothelial-mural	6203
6	endothelial-mural	3033
6	endothelial-mural	348
6	endothelial-mural	11343
6	endothelial-mural	1397
6	endothelial-mural	6133
6	endothelial-mural	3799
6	endothelial-mural	8826
6	endothelial-mural	7431
6	endothelial-mural	6238
6	endothelial-mural	5052
6	endothelial-mural	6161
6	endothelial-mural	55082
6	endothelial-mural	8671
6	endothelial-mural	23365
6	endothelial-mural	23500
6	endothelial-mural	60
6	endothelial-mural	6230
6	endothelial-mural	1655
6	endothelial-mural	2697
6	endothelial-mural	7388
6	endothelial-mural	26986
6	endothelial-mural	6217
6	endothelial-mural	23395
6	endothelial-mural	7295
6	endothelial-mural	6152
6	endothelial-mural	6323
6	endothelial-mural	10580
6	endothelial-mural	93974
6	endothelial-mural	762
6	endothelial-mural	23499
6	endothelial-mural	375790
6	endothelial-mural	1266
6	endothelial-mural	6513
6	endothelial-mural	4659
6	endothelial-mural	23345
6	endothelial-mural	6167
6	endothelial-mural	10250
6	endothelial-mural	493
6	endothelial-mural	9349
6	endothelial-mural	23521
6	endothelial-mural	81
6	endothelial-mural	6129
6	endothelial-mural	2934
6	endothelial-mural	5654
6	endothelial-mural	1465
6	endothelial-mural	928
6	endothelial-mural	51079
6	endothelial-mural	1936
6	endothelial-mural	6165
6	endothelial-mural	3708
6	endothelial-mural	4637
6	endothelial-mural	482
6	endothelial-mural	4208
6	endothelial-mural	4869
6	endothelial-mural	6207
6	endothelial-mural	4297
6	endothelial-mural	6168
6	endothelial-mural	5142
6	endothelial-mural	7168
6	endothelial-mural	401190
6	endothelial-mural	6678
6	endothelial-mural	3304
6	endothelial-mural	6188
6	endothelial-mural	6176
6	endothelial-mural	6135
6	endothelial-mural	1410
6	endothelial-mural	1901
6	endothelial-mural	103910
6	endothelial-mural	3983
6	endothelial-mural	57447
6	endothelial-mural	6124
6	endothelial-mural	5270
6	endothelial-mural	10398
6	endothelial-mural	427
6	endothelial-mural	5216
6	endothelial-mural	10455
6	endothelial-mural	777
6	endothelial-mural	5034
6	endothelial-mural	4942
6	endothelial-mural	6428
6	endothelial-mural	284119
6	endothelial-mural	1891
6	endothelial-mural	10988
6	endothelial-mural	6434
6	endothelial-mural	22985
6	endothelial-mural	10979
6	endothelial-mural	2335
6	endothelial-mural	8848
6	endothelial-mural	2321
6	endothelial-mural	6876
6	endothelial-mural	4240
6	endothelial-mural	3688
6	endothelial-mural	9584
6	endothelial-mural	10209
6	endothelial-mural	3956
6	endothelial-mural	51631
6	endothelial-mural	23131
6	endothelial-mural	3643
6	endothelial-mural	23524
6	endothelial-mural	57187
6	endothelial-mural	5358
6	endothelial-mural	9736
6	endothelial-mural	79443
6	endothelial-mural	51747
6	endothelial-mural	10905
6	endothelial-mural	8842
6	endothelial-mural	25932
6	endothelial-mural	6170
6	endothelial-mural	8140
6	endothelial-mural	83700
6	endothelial-mural	5348
6	endothelial-mural	4666
6	endothelial-mural	2944
6	endothelial-mural	3040
6	endothelial-mural	5787
6	endothelial-mural	3021
6	endothelial-mural	259282
