#faltfile
GO:1905030	voltage-gated_ion_channel_activity_invol...	10021
GO:1905030	voltage-gated_ion_channel_activity_invol...	348980
GO:1905030	voltage-gated_ion_channel_activity_invol...	57657
GO:1905030	voltage-gated_ion_channel_activity_invol...	610
GO:1905030	voltage-gated_ion_channel_activity_invol...	6323
GO:1905030	voltage-gated_ion_channel_activity_invol...	6324
GO:1905030	voltage-gated_ion_channel_activity_invol...	6326
GO:1905030	voltage-gated_ion_channel_activity_invol...	6327
GO:1905030	voltage-gated_ion_channel_activity_invol...	6328
GO:1905030	voltage-gated_ion_channel_activity_invol...	6329
GO:1905030	voltage-gated_ion_channel_activity_invol...	6331
GO:1905030	voltage-gated_ion_channel_activity_invol...	6334
GO:1905030	voltage-gated_ion_channel_activity_invol...	8911
GO:1905030	voltage-gated_ion_channel_activity_invol...	8912
GO:1905030	voltage-gated_ion_channel_activity_invol...	8913
GO:0004930	G-protein_coupled_receptor_activity	10314
GO:0004930	G-protein_coupled_receptor_activity	1128
GO:0004930	G-protein_coupled_receptor_activity	1129
GO:0004930	G-protein_coupled_receptor_activity	1131
GO:0004930	G-protein_coupled_receptor_activity	117
GO:0004930	G-protein_coupled_receptor_activity	1268
GO:0004930	G-protein_coupled_receptor_activity	150
GO:0004930	G-protein_coupled_receptor_activity	1901
GO:0004930	G-protein_coupled_receptor_activity	1951
GO:0004930	G-protein_coupled_receptor_activity	1952
GO:0004930	G-protein_coupled_receptor_activity	2150
GO:0004930	G-protein_coupled_receptor_activity	22859
GO:0004930	G-protein_coupled_receptor_activity	23266
GO:0004930	G-protein_coupled_receptor_activity	2550
GO:0004930	G-protein_coupled_receptor_activity	25960
GO:0004930	G-protein_coupled_receptor_activity	2780
GO:0004930	G-protein_coupled_receptor_activity	2840
GO:0004930	G-protein_coupled_receptor_activity	2899
GO:0004930	G-protein_coupled_receptor_activity	2911
GO:0004930	G-protein_coupled_receptor_activity	2912
GO:0004930	G-protein_coupled_receptor_activity	2913
GO:0004930	G-protein_coupled_receptor_activity	2915
GO:0004930	G-protein_coupled_receptor_activity	2917
GO:0004930	G-protein_coupled_receptor_activity	3269
GO:0004930	G-protein_coupled_receptor_activity	3482
GO:0004930	G-protein_coupled_receptor_activity	4157
GO:0004930	G-protein_coupled_receptor_activity	4881
GO:0004930	G-protein_coupled_receptor_activity	51222
GO:0004930	G-protein_coupled_receptor_activity	56848
GO:0004930	G-protein_coupled_receptor_activity	57337
GO:0004930	G-protein_coupled_receptor_activity	5746
GO:0004930	G-protein_coupled_receptor_activity	575
GO:0004930	G-protein_coupled_receptor_activity	576
GO:0004930	G-protein_coupled_receptor_activity	577
GO:0004930	G-protein_coupled_receptor_activity	64805
GO:0004930	G-protein_coupled_receptor_activity	9294
GO:0004930	G-protein_coupled_receptor_activity	9568
GO:0004930	G-protein_coupled_receptor_activity	9620
GO:0001664	G-protein_coupled_receptor_binding	10015
GO:0001664	G-protein_coupled_receptor_binding	10273
GO:0001664	G-protein_coupled_receptor_binding	10672
GO:0001664	G-protein_coupled_receptor_binding	116985
GO:0001664	G-protein_coupled_receptor_binding	150
GO:0001664	G-protein_coupled_receptor_binding	156
GO:0001664	G-protein_coupled_receptor_binding	1759
GO:0001664	G-protein_coupled_receptor_binding	1785
GO:0001664	G-protein_coupled_receptor_binding	1855
GO:0001664	G-protein_coupled_receptor_binding	1856
GO:0001664	G-protein_coupled_receptor_binding	1857
GO:0001664	G-protein_coupled_receptor_binding	1901
GO:0001664	G-protein_coupled_receptor_binding	2316
GO:0001664	G-protein_coupled_receptor_binding	23322
GO:0001664	G-protein_coupled_receptor_binding	23365
GO:0001664	G-protein_coupled_receptor_binding	2534
GO:0001664	G-protein_coupled_receptor_binding	26052
GO:0001664	G-protein_coupled_receptor_binding	2767
GO:0001664	G-protein_coupled_receptor_binding	2768
GO:0001664	G-protein_coupled_receptor_binding	2770
GO:0001664	G-protein_coupled_receptor_binding	2771
GO:0001664	G-protein_coupled_receptor_binding	2773
GO:0001664	G-protein_coupled_receptor_binding	2774
GO:0001664	G-protein_coupled_receptor_binding	2775
GO:0001664	G-protein_coupled_receptor_binding	2776
GO:0001664	G-protein_coupled_receptor_binding	2778
GO:0001664	G-protein_coupled_receptor_binding	2780
GO:0001664	G-protein_coupled_receptor_binding	2781
GO:0001664	G-protein_coupled_receptor_binding	2782
GO:0001664	G-protein_coupled_receptor_binding	2785
GO:0001664	G-protein_coupled_receptor_binding	2899
GO:0001664	G-protein_coupled_receptor_binding	3301
GO:0001664	G-protein_coupled_receptor_binding	3303
GO:0001664	G-protein_coupled_receptor_binding	3304
GO:0001664	G-protein_coupled_receptor_binding	3312
GO:0001664	G-protein_coupled_receptor_binding	346562
GO:0001664	G-protein_coupled_receptor_binding	3691
GO:0001664	G-protein_coupled_receptor_binding	3716
GO:0001664	G-protein_coupled_receptor_binding	4040
GO:0001664	G-protein_coupled_receptor_binding	408
GO:0001664	G-protein_coupled_receptor_binding	4734
GO:0001664	G-protein_coupled_receptor_binding	478
GO:0001664	G-protein_coupled_receptor_binding	488
GO:0001664	G-protein_coupled_receptor_binding	5064
GO:0001664	G-protein_coupled_receptor_binding	50944
GO:0001664	G-protein_coupled_receptor_binding	5144
GO:0001664	G-protein_coupled_receptor_binding	5245
GO:0001664	G-protein_coupled_receptor_binding	54550
GO:0001664	G-protein_coupled_receptor_binding	55737
GO:0001664	G-protein_coupled_receptor_binding	5621
GO:0001664	G-protein_coupled_receptor_binding	5660
GO:0001664	G-protein_coupled_receptor_binding	5705
GO:0001664	G-protein_coupled_receptor_binding	57402
GO:0001664	G-protein_coupled_receptor_binding	5781
GO:0001664	G-protein_coupled_receptor_binding	5898
GO:0001664	G-protein_coupled_receptor_binding	636
GO:0001664	G-protein_coupled_receptor_binding	6386
GO:0001664	G-protein_coupled_receptor_binding	65055
GO:0001664	G-protein_coupled_receptor_binding	6774
GO:0001664	G-protein_coupled_receptor_binding	708
GO:0001664	G-protein_coupled_receptor_binding	718
GO:0001664	G-protein_coupled_receptor_binding	727
GO:0001664	G-protein_coupled_receptor_binding	7345
GO:0001664	G-protein_coupled_receptor_binding	83737
GO:0001664	G-protein_coupled_receptor_binding	84152
GO:0001664	G-protein_coupled_receptor_binding	8565
GO:0001664	G-protein_coupled_receptor_binding	9294
GO:0001664	G-protein_coupled_receptor_binding	9368
GO:0001664	G-protein_coupled_receptor_binding	9454
GO:0001664	G-protein_coupled_receptor_binding	9455
GO:0001664	G-protein_coupled_receptor_binding	9456
GO:0001664	G-protein_coupled_receptor_binding	9463
GO:0001664	G-protein_coupled_receptor_binding	9630
GO:0001664	G-protein_coupled_receptor_binding	9693
GO:0001664	G-protein_coupled_receptor_binding	9826
GO:0001664	G-protein_coupled_receptor_binding	9863
GO:0031683	G-protein_beta/gamma-subunit_complex_bin...	10672
GO:0031683	G-protein_beta/gamma-subunit_complex_bin...	1069
GO:0031683	G-protein_beta/gamma-subunit_complex_bin...	2767
GO:0031683	G-protein_beta/gamma-subunit_complex_bin...	2768
GO:0031683	G-protein_beta/gamma-subunit_complex_bin...	2770
GO:0031683	G-protein_beta/gamma-subunit_complex_bin...	2771
GO:0031683	G-protein_beta/gamma-subunit_complex_bin...	2773
GO:0031683	G-protein_beta/gamma-subunit_complex_bin...	2774
GO:0031683	G-protein_beta/gamma-subunit_complex_bin...	2775
GO:0031683	G-protein_beta/gamma-subunit_complex_bin...	2776
GO:0031683	G-protein_beta/gamma-subunit_complex_bin...	2778
GO:0031683	G-protein_beta/gamma-subunit_complex_bin...	2780
GO:0031683	G-protein_beta/gamma-subunit_complex_bin...	2781
GO:0031683	G-protein_beta/gamma-subunit_complex_bin...	346562
GO:0031683	G-protein_beta/gamma-subunit_complex_bin...	9630
GO:0031821	G-protein_coupled_serotonin_receptor_bin...	2767
GO:0031821	G-protein_coupled_serotonin_receptor_bin...	2770
GO:0031821	G-protein_coupled_serotonin_receptor_bin...	2773
GO:0031821	G-protein_coupled_serotonin_receptor_bin...	2775
GO:0031821	G-protein_coupled_serotonin_receptor_bin...	2776
GO:0031821	G-protein_coupled_serotonin_receptor_bin...	2781
GO:0004930	G-protein_coupled_receptor_activity	10314
GO:0004930	G-protein_coupled_receptor_activity	1128
GO:0004930	G-protein_coupled_receptor_activity	1129
GO:0004930	G-protein_coupled_receptor_activity	1131
GO:0004930	G-protein_coupled_receptor_activity	117
GO:0004930	G-protein_coupled_receptor_activity	1268
GO:0004930	G-protein_coupled_receptor_activity	150
GO:0004930	G-protein_coupled_receptor_activity	1901
GO:0004930	G-protein_coupled_receptor_activity	1951
GO:0004930	G-protein_coupled_receptor_activity	1952
GO:0004930	G-protein_coupled_receptor_activity	2150
GO:0004930	G-protein_coupled_receptor_activity	22859
GO:0004930	G-protein_coupled_receptor_activity	23266
GO:0004930	G-protein_coupled_receptor_activity	2550
GO:0004930	G-protein_coupled_receptor_activity	25960
GO:0004930	G-protein_coupled_receptor_activity	2780
GO:0004930	G-protein_coupled_receptor_activity	2840
GO:0004930	G-protein_coupled_receptor_activity	2899
GO:0004930	G-protein_coupled_receptor_activity	2911
GO:0004930	G-protein_coupled_receptor_activity	2912
GO:0004930	G-protein_coupled_receptor_activity	2913
GO:0004930	G-protein_coupled_receptor_activity	2915
GO:0004930	G-protein_coupled_receptor_activity	2917
GO:0004930	G-protein_coupled_receptor_activity	3269
GO:0004930	G-protein_coupled_receptor_activity	3482
GO:0004930	G-protein_coupled_receptor_activity	4157
GO:0004930	G-protein_coupled_receptor_activity	4881
GO:0004930	G-protein_coupled_receptor_activity	51222
GO:0004930	G-protein_coupled_receptor_activity	56848
GO:0004930	G-protein_coupled_receptor_activity	57337
GO:0004930	G-protein_coupled_receptor_activity	5746
GO:0004930	G-protein_coupled_receptor_activity	575
GO:0004930	G-protein_coupled_receptor_activity	576
GO:0004930	G-protein_coupled_receptor_activity	577
GO:0004930	G-protein_coupled_receptor_activity	64805
GO:0004930	G-protein_coupled_receptor_activity	9294
GO:0004930	G-protein_coupled_receptor_activity	9568
GO:0004930	G-protein_coupled_receptor_activity	9620
GO:0030552	cAMP_binding	10021
GO:0030552	cAMP_binding	10411
GO:0030552	cAMP_binding	11069
GO:0030552	cAMP_binding	348980
GO:0030552	cAMP_binding	5138
GO:0030552	cAMP_binding	5141
GO:0030552	cAMP_binding	5142
GO:0030552	cAMP_binding	5144
GO:0030552	cAMP_binding	5573
GO:0030552	cAMP_binding	5575
GO:0030552	cAMP_binding	5576
GO:0030552	cAMP_binding	5577
GO:0030552	cAMP_binding	57657
GO:0030552	cAMP_binding	610
GO:0030552	cAMP_binding	9693
GO:0051427	hormone_receptor_binding	10499
GO:0051427	hormone_receptor_binding	10579
GO:0051427	hormone_receptor_binding	10634
GO:0051427	hormone_receptor_binding	10891
GO:0051427	hormone_receptor_binding	10900
GO:0051427	hormone_receptor_binding	11315
GO:0051427	hormone_receptor_binding	11331
GO:0051427	hormone_receptor_binding	135112
GO:0051427	hormone_receptor_binding	142
GO:0051427	hormone_receptor_binding	1488
GO:0051427	hormone_receptor_binding	1499
GO:0051427	hormone_receptor_binding	1655
GO:0051427	hormone_receptor_binding	171023
GO:0051427	hormone_receptor_binding	2033
GO:0051427	hormone_receptor_binding	221037
GO:0051427	hormone_receptor_binding	2274
GO:0051427	hormone_receptor_binding	2288
GO:0051427	hormone_receptor_binding	22938
GO:0051427	hormone_receptor_binding	23019
GO:0051427	hormone_receptor_binding	23028
GO:0051427	hormone_receptor_binding	23426
GO:0051427	hormone_receptor_binding	23636
GO:0051427	hormone_receptor_binding	2521
GO:0051427	hormone_receptor_binding	2534
GO:0051427	hormone_receptor_binding	25879
GO:0051427	hormone_receptor_binding	2775
GO:0051427	hormone_receptor_binding	2778
GO:0051427	hormone_receptor_binding	3159
GO:0051427	hormone_receptor_binding	3716
GO:0051427	hormone_receptor_binding	408
GO:0051427	hormone_receptor_binding	5481
GO:0051427	hormone_receptor_binding	54828
GO:0051427	hormone_receptor_binding	55128
GO:0051427	hormone_receptor_binding	5579
GO:0051427	hormone_receptor_binding	55818
GO:0051427	hormone_receptor_binding	5585
GO:0051427	hormone_receptor_binding	5705
GO:0051427	hormone_receptor_binding	5781
GO:0051427	hormone_receptor_binding	5901
GO:0051427	hormone_receptor_binding	64210
GO:0051427	hormone_receptor_binding	64324
GO:0051427	hormone_receptor_binding	6597
GO:0051427	hormone_receptor_binding	6604
GO:0051427	hormone_receptor_binding	6714
GO:0051427	hormone_receptor_binding	672
GO:0051427	hormone_receptor_binding	6772
GO:0051427	hormone_receptor_binding	6774
GO:0051427	hormone_receptor_binding	6801
GO:0051427	hormone_receptor_binding	7533
GO:0051427	hormone_receptor_binding	81
GO:0051427	hormone_receptor_binding	811
GO:0051427	hormone_receptor_binding	8202
GO:0051427	hormone_receptor_binding	8204
GO:0051427	hormone_receptor_binding	9320
GO:0051427	hormone_receptor_binding	9324
GO:0051427	hormone_receptor_binding	93986
GO:0051427	hormone_receptor_binding	9611
GO:0051427	hormone_receptor_binding	9967
GO:0051427	hormone_receptor_binding	9968
GO:0051427	hormone_receptor_binding	9969
GO:0050780	dopamine_receptor_binding	10672
GO:0050780	dopamine_receptor_binding	1759
GO:0050780	dopamine_receptor_binding	1785
GO:0050780	dopamine_receptor_binding	2768
GO:0050780	dopamine_receptor_binding	2778
GO:0050780	dopamine_receptor_binding	478
GO:0050780	dopamine_receptor_binding	5064
GO:0050780	dopamine_receptor_binding	55737
GO:0050780	dopamine_receptor_binding	5781
GO:0050780	dopamine_receptor_binding	84152
GO:0050780	dopamine_receptor_binding	9368
GO:0031821	G-protein_coupled_serotonin_receptor_bin...	2767
GO:0031821	G-protein_coupled_serotonin_receptor_bin...	2770
GO:0031821	G-protein_coupled_serotonin_receptor_bin...	2773
GO:0031821	G-protein_coupled_serotonin_receptor_bin...	2775
GO:0031821	G-protein_coupled_serotonin_receptor_bin...	2776
GO:0031821	G-protein_coupled_serotonin_receptor_bin...	2781
GO:0043539	protein_serine/threonine_kinase_activato...	1654
GO:0043539	protein_serine/threonine_kinase_activato...	51719
GO:0043539	protein_serine/threonine_kinase_activato...	5604
GO:0043539	protein_serine/threonine_kinase_activato...	5605
GO:0043539	protein_serine/threonine_kinase_activato...	57679
GO:0043539	protein_serine/threonine_kinase_activato...	64223
GO:0043539	protein_serine/threonine_kinase_activato...	801
GO:0043539	protein_serine/threonine_kinase_activato...	808
GO:0043539	protein_serine/threonine_kinase_activato...	8826
GO:0043539	protein_serine/threonine_kinase_activato...	8851
GO:0030291	protein_serine/threonine_kinase_inhibito...	161742
GO:0030291	protein_serine/threonine_kinase_inhibito...	200734
GO:0030291	protein_serine/threonine_kinase_inhibito...	2810
GO:0030291	protein_serine/threonine_kinase_inhibito...	3315
GO:0030291	protein_serine/threonine_kinase_inhibito...	51422
GO:0030291	protein_serine/threonine_kinase_inhibito...	5573
GO:0030291	protein_serine/threonine_kinase_inhibito...	5575
GO:0030291	protein_serine/threonine_kinase_inhibito...	5576
GO:0030291	protein_serine/threonine_kinase_inhibito...	5577
GO:0030291	protein_serine/threonine_kinase_inhibito...	57521
GO:0030291	protein_serine/threonine_kinase_inhibito...	65125
GO:0030291	protein_serine/threonine_kinase_inhibito...	7532
GO:0030291	protein_serine/threonine_kinase_inhibito...	84152
GO:0030291	protein_serine/threonine_kinase_inhibito...	9555
GO:0099604	ligand-gated_calcium_channel_activity	2281
GO:0099604	ligand-gated_calcium_channel_activity	22821
GO:0099604	ligand-gated_calcium_channel_activity	2902
GO:0099604	ligand-gated_calcium_channel_activity	2903
GO:0099604	ligand-gated_calcium_channel_activity	2904
GO:0099604	ligand-gated_calcium_channel_activity	2905
GO:0099604	ligand-gated_calcium_channel_activity	2906
GO:0099604	ligand-gated_calcium_channel_activity	3708
GO:0099604	ligand-gated_calcium_channel_activity	3709
GO:0099604	ligand-gated_calcium_channel_activity	3710
GO:0099604	ligand-gated_calcium_channel_activity	57338
GO:0099604	ligand-gated_calcium_channel_activity	6261
GO:0099604	ligand-gated_calcium_channel_activity	6262
GO:0099604	ligand-gated_calcium_channel_activity	6263
GO:0005245	voltage-gated_calcium_channel_activity	10368
GO:0005245	voltage-gated_calcium_channel_activity	10369
GO:0005245	voltage-gated_calcium_channel_activity	11141
GO:0005245	voltage-gated_calcium_channel_activity	27092
GO:0005245	voltage-gated_calcium_channel_activity	3685
GO:0005245	voltage-gated_calcium_channel_activity	6261
GO:0005245	voltage-gated_calcium_channel_activity	773
GO:0005245	voltage-gated_calcium_channel_activity	774
GO:0005245	voltage-gated_calcium_channel_activity	775
GO:0005245	voltage-gated_calcium_channel_activity	777
GO:0005245	voltage-gated_calcium_channel_activity	779
GO:0005245	voltage-gated_calcium_channel_activity	781
GO:0005245	voltage-gated_calcium_channel_activity	782
GO:0005245	voltage-gated_calcium_channel_activity	784
GO:0005245	voltage-gated_calcium_channel_activity	785
GO:0005245	voltage-gated_calcium_channel_activity	8911
GO:0005245	voltage-gated_calcium_channel_activity	8912
GO:0005245	voltage-gated_calcium_channel_activity	8913
GO:0005245	voltage-gated_calcium_channel_activity	9254
GO:0004722	protein_serine/threonine_phosphatase_act...	151742
GO:0004722	protein_serine/threonine_phosphatase_act...	1846
GO:0004722	protein_serine/threonine_phosphatase_act...	192111
GO:0004722	protein_serine/threonine_phosphatase_act...	22843
GO:0004722	protein_serine/threonine_phosphatase_act...	27068
GO:0004722	protein_serine/threonine_phosphatase_act...	4621
GO:0004722	protein_serine/threonine_phosphatase_act...	4624
GO:0004722	protein_serine/threonine_phosphatase_act...	4626
GO:0004722	protein_serine/threonine_phosphatase_act...	54205
GO:0004722	protein_serine/threonine_phosphatase_act...	54704
GO:0004722	protein_serine/threonine_phosphatase_act...	5499
GO:0004722	protein_serine/threonine_phosphatase_act...	5500
GO:0004722	protein_serine/threonine_phosphatase_act...	5501
GO:0004722	protein_serine/threonine_phosphatase_act...	5516
GO:0004722	protein_serine/threonine_phosphatase_act...	5518
GO:0004722	protein_serine/threonine_phosphatase_act...	5520
GO:0004722	protein_serine/threonine_phosphatase_act...	5522
GO:0004722	protein_serine/threonine_phosphatase_act...	5528
GO:0004722	protein_serine/threonine_phosphatase_act...	5530
GO:0004722	protein_serine/threonine_phosphatase_act...	5531
GO:0004722	protein_serine/threonine_phosphatase_act...	5532
GO:0004722	protein_serine/threonine_phosphatase_act...	5534
GO:0004722	protein_serine/threonine_phosphatase_act...	5536
GO:0004722	protein_serine/threonine_phosphatase_act...	5537
GO:0004722	protein_serine/threonine_phosphatase_act...	55844
GO:0004722	protein_serine/threonine_phosphatase_act...	5728
GO:0004722	protein_serine/threonine_phosphatase_act...	57460
GO:0004722	protein_serine/threonine_phosphatase_act...	64419
GO:0004722	protein_serine/threonine_phosphatase_act...	79871
GO:0004722	protein_serine/threonine_phosphatase_act...	818
GO:0004722	protein_serine/threonine_phosphatase_act...	8897
GO:0004722	protein_serine/threonine_phosphatase_act...	9110
GO:0004722	protein_serine/threonine_phosphatase_act...	92609
GO:0004722	protein_serine/threonine_phosphatase_act...	9647
GO:0004674	protein_serine/threonine_kinase_activity	10188
GO:0004674	protein_serine/threonine_kinase_activity	1020
GO:0004674	protein_serine/threonine_kinase_activity	1021
GO:0004674	protein_serine/threonine_kinase_activity	1025
GO:0004674	protein_serine/threonine_kinase_activity	10290
GO:0004674	protein_serine/threonine_kinase_activity	10295
GO:0004674	protein_serine/threonine_kinase_activity	10645
GO:0004674	protein_serine/threonine_kinase_activity	10769
GO:0004674	protein_serine/threonine_kinase_activity	11011
GO:0004674	protein_serine/threonine_kinase_activity	11113
GO:0004674	protein_serine/threonine_kinase_activity	11214
GO:0004674	protein_serine/threonine_kinase_activity	1147
GO:0004674	protein_serine/threonine_kinase_activity	120892
GO:0004674	protein_serine/threonine_kinase_activity	140469
GO:0004674	protein_serine/threonine_kinase_activity	140803
GO:0004674	protein_serine/threonine_kinase_activity	1452
GO:0004674	protein_serine/threonine_kinase_activity	1453
GO:0004674	protein_serine/threonine_kinase_activity	1454
GO:0004674	protein_serine/threonine_kinase_activity	1455
GO:0004674	protein_serine/threonine_kinase_activity	1456
GO:0004674	protein_serine/threonine_kinase_activity	1457
GO:0004674	protein_serine/threonine_kinase_activity	1459
GO:0004674	protein_serine/threonine_kinase_activity	1460
GO:0004674	protein_serine/threonine_kinase_activity	146057
GO:0004674	protein_serine/threonine_kinase_activity	147746
GO:0004674	protein_serine/threonine_kinase_activity	156
GO:0004674	protein_serine/threonine_kinase_activity	1612
GO:0004674	protein_serine/threonine_kinase_activity	1613
GO:0004674	protein_serine/threonine_kinase_activity	166614
GO:0004674	protein_serine/threonine_kinase_activity	1859
GO:0004674	protein_serine/threonine_kinase_activity	1956
GO:0004674	protein_serine/threonine_kinase_activity	2011
GO:0004674	protein_serine/threonine_kinase_activity	207
GO:0004674	protein_serine/threonine_kinase_activity	208
GO:0004674	protein_serine/threonine_kinase_activity	2081
GO:0004674	protein_serine/threonine_kinase_activity	2185
GO:0004674	protein_serine/threonine_kinase_activity	225689
GO:0004674	protein_serine/threonine_kinase_activity	22848
GO:0004674	protein_serine/threonine_kinase_activity	22853
GO:0004674	protein_serine/threonine_kinase_activity	22983
GO:0004674	protein_serine/threonine_kinase_activity	23012
GO:0004674	protein_serine/threonine_kinase_activity	23031
GO:0004674	protein_serine/threonine_kinase_activity	23043
GO:0004674	protein_serine/threonine_kinase_activity	23049
GO:0004674	protein_serine/threonine_kinase_activity	23387
GO:0004674	protein_serine/threonine_kinase_activity	2475
GO:0004674	protein_serine/threonine_kinase_activity	2580
GO:0004674	protein_serine/threonine_kinase_activity	25989
GO:0004674	protein_serine/threonine_kinase_activity	26750
GO:0004674	protein_serine/threonine_kinase_activity	27148
GO:0004674	protein_serine/threonine_kinase_activity	27347
GO:0004674	protein_serine/threonine_kinase_activity	282974
GO:0004674	protein_serine/threonine_kinase_activity	283455
GO:0004674	protein_serine/threonine_kinase_activity	2869
GO:0004674	protein_serine/threonine_kinase_activity	2870
GO:0004674	protein_serine/threonine_kinase_activity	29110
GO:0004674	protein_serine/threonine_kinase_activity	2931
GO:0004674	protein_serine/threonine_kinase_activity	2932
GO:0004674	protein_serine/threonine_kinase_activity	29941
GO:0004674	protein_serine/threonine_kinase_activity	29959
GO:0004674	protein_serine/threonine_kinase_activity	30811
GO:0004674	protein_serine/threonine_kinase_activity	30849
GO:0004674	protein_serine/threonine_kinase_activity	340371
GO:0004674	protein_serine/threonine_kinase_activity	344387
GO:0004674	protein_serine/threonine_kinase_activity	3611
GO:0004674	protein_serine/threonine_kinase_activity	369
GO:0004674	protein_serine/threonine_kinase_activity	3706
GO:0004674	protein_serine/threonine_kinase_activity	389840
GO:0004674	protein_serine/threonine_kinase_activity	3984
GO:0004674	protein_serine/threonine_kinase_activity	4139
GO:0004674	protein_serine/threonine_kinase_activity	4140
GO:0004674	protein_serine/threonine_kinase_activity	4214
GO:0004674	protein_serine/threonine_kinase_activity	4215
GO:0004674	protein_serine/threonine_kinase_activity	4216
GO:0004674	protein_serine/threonine_kinase_activity	4217
GO:0004674	protein_serine/threonine_kinase_activity	4294
GO:0004674	protein_serine/threonine_kinase_activity	4638
GO:0004674	protein_serine/threonine_kinase_activity	472
GO:0004674	protein_serine/threonine_kinase_activity	4750
GO:0004674	protein_serine/threonine_kinase_activity	4831
GO:0004674	protein_serine/threonine_kinase_activity	50488
GO:0004674	protein_serine/threonine_kinase_activity	5058
GO:0004674	protein_serine/threonine_kinase_activity	5062
GO:0004674	protein_serine/threonine_kinase_activity	5063
GO:0004674	protein_serine/threonine_kinase_activity	5127
GO:0004674	protein_serine/threonine_kinase_activity	51347
GO:0004674	protein_serine/threonine_kinase_activity	51422
GO:0004674	protein_serine/threonine_kinase_activity	5165
GO:0004674	protein_serine/threonine_kinase_activity	5170
GO:0004674	protein_serine/threonine_kinase_activity	51701
GO:0004674	protein_serine/threonine_kinase_activity	51719
GO:0004674	protein_serine/threonine_kinase_activity	51755
GO:0004674	protein_serine/threonine_kinase_activity	5218
GO:0004674	protein_serine/threonine_kinase_activity	5290
GO:0004674	protein_serine/threonine_kinase_activity	5294
GO:0004674	protein_serine/threonine_kinase_activity	53904
GO:0004674	protein_serine/threonine_kinase_activity	53944
GO:0004674	protein_serine/threonine_kinase_activity	545
GO:0004674	protein_serine/threonine_kinase_activity	54822
GO:0004674	protein_serine/threonine_kinase_activity	54861
GO:0004674	protein_serine/threonine_kinase_activity	5531
GO:0004674	protein_serine/threonine_kinase_activity	55561
GO:0004674	protein_serine/threonine_kinase_activity	55589
GO:0004674	protein_serine/threonine_kinase_activity	5562
GO:0004674	protein_serine/threonine_kinase_activity	5563
GO:0004674	protein_serine/threonine_kinase_activity	5565
GO:0004674	protein_serine/threonine_kinase_activity	5566
GO:0004674	protein_serine/threonine_kinase_activity	5567
GO:0004674	protein_serine/threonine_kinase_activity	5571
GO:0004674	protein_serine/threonine_kinase_activity	5578
GO:0004674	protein_serine/threonine_kinase_activity	5579
GO:0004674	protein_serine/threonine_kinase_activity	5580
GO:0004674	protein_serine/threonine_kinase_activity	5581
GO:0004674	protein_serine/threonine_kinase_activity	5582
GO:0004674	protein_serine/threonine_kinase_activity	5584
GO:0004674	protein_serine/threonine_kinase_activity	5585
GO:0004674	protein_serine/threonine_kinase_activity	5586
GO:0004674	protein_serine/threonine_kinase_activity	5587
GO:0004674	protein_serine/threonine_kinase_activity	5588
GO:0004674	protein_serine/threonine_kinase_activity	5590
GO:0004674	protein_serine/threonine_kinase_activity	5591
GO:0004674	protein_serine/threonine_kinase_activity	5593
GO:0004674	protein_serine/threonine_kinase_activity	5594
GO:0004674	protein_serine/threonine_kinase_activity	5595
GO:0004674	protein_serine/threonine_kinase_activity	5599
GO:0004674	protein_serine/threonine_kinase_activity	5600
GO:0004674	protein_serine/threonine_kinase_activity	5601
GO:0004674	protein_serine/threonine_kinase_activity	5602
GO:0004674	protein_serine/threonine_kinase_activity	5603
GO:0004674	protein_serine/threonine_kinase_activity	5604
GO:0004674	protein_serine/threonine_kinase_activity	5605
GO:0004674	protein_serine/threonine_kinase_activity	5606
GO:0004674	protein_serine/threonine_kinase_activity	5609
GO:0004674	protein_serine/threonine_kinase_activity	5610
GO:0004674	protein_serine/threonine_kinase_activity	5613
GO:0004674	protein_serine/threonine_kinase_activity	56164
GO:0004674	protein_serine/threonine_kinase_activity	56924
GO:0004674	protein_serine/threonine_kinase_activity	57118
GO:0004674	protein_serine/threonine_kinase_activity	57143
GO:0004674	protein_serine/threonine_kinase_activity	57144
GO:0004674	protein_serine/threonine_kinase_activity	57551
GO:0004674	protein_serine/threonine_kinase_activity	57787
GO:0004674	protein_serine/threonine_kinase_activity	5879
GO:0004674	protein_serine/threonine_kinase_activity	5894
GO:0004674	protein_serine/threonine_kinase_activity	6011
GO:0004674	protein_serine/threonine_kinase_activity	6093
GO:0004674	protein_serine/threonine_kinase_activity	613
GO:0004674	protein_serine/threonine_kinase_activity	6195
GO:0004674	protein_serine/threonine_kinase_activity	6196
GO:0004674	protein_serine/threonine_kinase_activity	6197
GO:0004674	protein_serine/threonine_kinase_activity	6198
GO:0004674	protein_serine/threonine_kinase_activity	6300
GO:0004674	protein_serine/threonine_kinase_activity	6416
GO:0004674	protein_serine/threonine_kinase_activity	65125
GO:0004674	protein_serine/threonine_kinase_activity	65266
GO:0004674	protein_serine/threonine_kinase_activity	65267
GO:0004674	protein_serine/threonine_kinase_activity	65268
GO:0004674	protein_serine/threonine_kinase_activity	657
GO:0004674	protein_serine/threonine_kinase_activity	673
GO:0004674	protein_serine/threonine_kinase_activity	6733
GO:0004674	protein_serine/threonine_kinase_activity	6792
GO:0004674	protein_serine/threonine_kinase_activity	6793
GO:0004674	protein_serine/threonine_kinase_activity	6794
GO:0004674	protein_serine/threonine_kinase_activity	6872
GO:0004674	protein_serine/threonine_kinase_activity	6885
GO:0004674	protein_serine/threonine_kinase_activity	7204
GO:0004674	protein_serine/threonine_kinase_activity	7786
GO:0004674	protein_serine/threonine_kinase_activity	79012
GO:0004674	protein_serine/threonine_kinase_activity	79705
GO:0004674	protein_serine/threonine_kinase_activity	80216
GO:0004674	protein_serine/threonine_kinase_activity	814
GO:0004674	protein_serine/threonine_kinase_activity	815
GO:0004674	protein_serine/threonine_kinase_activity	816
GO:0004674	protein_serine/threonine_kinase_activity	817
GO:0004674	protein_serine/threonine_kinase_activity	818
GO:0004674	protein_serine/threonine_kinase_activity	8317
GO:0004674	protein_serine/threonine_kinase_activity	84033
GO:0004674	protein_serine/threonine_kinase_activity	8408
GO:0004674	protein_serine/threonine_kinase_activity	8425
GO:0004674	protein_serine/threonine_kinase_activity	84254
GO:0004674	protein_serine/threonine_kinase_activity	8428
GO:0004674	protein_serine/threonine_kinase_activity	84446
GO:0004674	protein_serine/threonine_kinase_activity	84451
GO:0004674	protein_serine/threonine_kinase_activity	84630
GO:0004674	protein_serine/threonine_kinase_activity	8476
GO:0004674	protein_serine/threonine_kinase_activity	8491
GO:0004674	protein_serine/threonine_kinase_activity	8536
GO:0004674	protein_serine/threonine_kinase_activity	8573
GO:0004674	protein_serine/threonine_kinase_activity	8621
GO:0004674	protein_serine/threonine_kinase_activity	8767
GO:0004674	protein_serine/threonine_kinase_activity	8780
GO:0004674	protein_serine/threonine_kinase_activity	8878
GO:0004674	protein_serine/threonine_kinase_activity	8895
GO:0004674	protein_serine/threonine_kinase_activity	8986
GO:0004674	protein_serine/threonine_kinase_activity	8997
GO:0004674	protein_serine/threonine_kinase_activity	8999
GO:0004674	protein_serine/threonine_kinase_activity	90
GO:0004674	protein_serine/threonine_kinase_activity	9024
GO:0004674	protein_serine/threonine_kinase_activity	9064
GO:0004674	protein_serine/threonine_kinase_activity	91
GO:0004674	protein_serine/threonine_kinase_activity	91754
GO:0004674	protein_serine/threonine_kinase_activity	9201
GO:0004674	protein_serine/threonine_kinase_activity	9344
GO:0004674	protein_serine/threonine_kinase_activity	9448
GO:0004674	protein_serine/threonine_kinase_activity	9475
GO:0004674	protein_serine/threonine_kinase_activity	9578
GO:0004674	protein_serine/threonine_kinase_activity	9625
GO:0004674	protein_serine/threonine_kinase_activity	9706
GO:0004674	protein_serine/threonine_kinase_activity	9748
GO:0004674	protein_serine/threonine_kinase_activity	9891
GO:0004674	protein_serine/threonine_kinase_activity	9943
GO:0004674	protein_serine/threonine_kinase_activity	998
GO:0004712	protein_serine/threonine/tyrosine_kinase...	10188
GO:0004712	protein_serine/threonine/tyrosine_kinase...	120892
GO:0004712	protein_serine/threonine/tyrosine_kinase...	1859
GO:0004712	protein_serine/threonine/tyrosine_kinase...	207
GO:0004712	protein_serine/threonine/tyrosine_kinase...	5063
GO:0004712	protein_serine/threonine/tyrosine_kinase...	5563
GO:0004712	protein_serine/threonine/tyrosine_kinase...	5566
GO:0004712	protein_serine/threonine/tyrosine_kinase...	5582
GO:0004712	protein_serine/threonine/tyrosine_kinase...	5594
GO:0004712	protein_serine/threonine/tyrosine_kinase...	5595
GO:0004712	protein_serine/threonine/tyrosine_kinase...	5602
GO:0004712	protein_serine/threonine/tyrosine_kinase...	5604
GO:0004712	protein_serine/threonine/tyrosine_kinase...	5605
GO:0004712	protein_serine/threonine/tyrosine_kinase...	5606
GO:0004712	protein_serine/threonine/tyrosine_kinase...	5609
GO:0004712	protein_serine/threonine/tyrosine_kinase...	5649
GO:0004712	protein_serine/threonine/tyrosine_kinase...	6195
GO:0004712	protein_serine/threonine/tyrosine_kinase...	6196
GO:0004712	protein_serine/threonine/tyrosine_kinase...	6198
GO:0004712	protein_serine/threonine/tyrosine_kinase...	6416
GO:0032794	GTPase_activating_protein_binding	10636
GO:0032794	GTPase_activating_protein_binding	203068
GO:0032794	GTPase_activating_protein_binding	207
GO:0032794	GTPase_activating_protein_binding	26130
GO:0032794	GTPase_activating_protein_binding	2770
GO:0032794	GTPase_activating_protein_binding	2773
GO:0032794	GTPase_activating_protein_binding	2775
GO:0032794	GTPase_activating_protein_binding	5300
GO:0032794	GTPase_activating_protein_binding	5333
GO:0032794	GTPase_activating_protein_binding	5364
GO:0032794	GTPase_activating_protein_binding	7248
GO:0032794	GTPase_activating_protein_binding	752
GO:0032794	GTPase_activating_protein_binding	91010
GO:0071889	14-3-3_protein_binding	10971
GO:0071889	14-3-3_protein_binding	153090
GO:0071889	14-3-3_protein_binding	171024
GO:0071889	14-3-3_protein_binding	207
GO:0071889	14-3-3_protein_binding	23303
GO:0071889	14-3-3_protein_binding	4659
GO:0071889	14-3-3_protein_binding	4750
GO:0071889	14-3-3_protein_binding	5581
GO:0071889	14-3-3_protein_binding	5590
GO:0071889	14-3-3_protein_binding	572
GO:0071889	14-3-3_protein_binding	57521
GO:0071889	14-3-3_protein_binding	6733
GO:0071889	14-3-3_protein_binding	79567
GO:0005524	ATP_binding	10056
GO:0005524	ATP_binding	10058
GO:0005524	ATP_binding	10061
GO:0005524	ATP_binding	10079
GO:0005524	ATP_binding	10096
GO:0005524	ATP_binding	10097
GO:0005524	ATP_binding	10111
GO:0005524	ATP_binding	10120
GO:0005524	ATP_binding	10121
GO:0005524	ATP_binding	10131
GO:0005524	ATP_binding	10146
GO:0005524	ATP_binding	10188
GO:0005524	ATP_binding	1020
GO:0005524	ATP_binding	1021
GO:0005524	ATP_binding	10243
GO:0005524	ATP_binding	1025
GO:0005524	ATP_binding	10290
GO:0005524	ATP_binding	10294
GO:0005524	ATP_binding	10295
GO:0005524	ATP_binding	10347
GO:0005524	ATP_binding	10396
GO:0005524	ATP_binding	10469
GO:0005524	ATP_binding	10521
GO:0005524	ATP_binding	10525
GO:0005524	ATP_binding	10574
GO:0005524	ATP_binding	10575
GO:0005524	ATP_binding	10576
GO:0005524	ATP_binding	10592
GO:0005524	ATP_binding	10606
GO:0005524	ATP_binding	1062
GO:0005524	ATP_binding	10645
GO:0005524	ATP_binding	10654
GO:0005524	ATP_binding	10693
GO:0005524	ATP_binding	10694
GO:0005524	ATP_binding	10730
GO:0005524	ATP_binding	10749
GO:0005524	ATP_binding	10769
GO:0005524	ATP_binding	108
GO:0005524	ATP_binding	1080
GO:0005524	ATP_binding	10808
GO:0005524	ATP_binding	10845
GO:0005524	ATP_binding	10856
GO:0005524	ATP_binding	10938
GO:0005524	ATP_binding	10939
GO:0005524	ATP_binding	10973
GO:0005524	ATP_binding	11004
GO:0005524	ATP_binding	11011
GO:0005524	ATP_binding	1105
GO:0005524	ATP_binding	1108
GO:0005524	ATP_binding	111
GO:0005524	ATP_binding	11113
GO:0005524	ATP_binding	11127
GO:0005524	ATP_binding	11194
GO:0005524	ATP_binding	112
GO:0005524	ATP_binding	11344
GO:0005524	ATP_binding	113510
GO:0005524	ATP_binding	114
GO:0005524	ATP_binding	1147
GO:0005524	ATP_binding	115
GO:0005524	ATP_binding	1152
GO:0005524	ATP_binding	1159
GO:0005524	ATP_binding	1160
GO:0005524	ATP_binding	116835
GO:0005524	ATP_binding	1182
GO:0005524	ATP_binding	1185
GO:0005524	ATP_binding	1186
GO:0005524	ATP_binding	120892
GO:0005524	ATP_binding	122402
GO:0005524	ATP_binding	123283
GO:0005524	ATP_binding	124454
GO:0005524	ATP_binding	126206
GO:0005524	ATP_binding	133686
GO:0005524	ATP_binding	140469
GO:0005524	ATP_binding	140803
GO:0005524	ATP_binding	1436
GO:0005524	ATP_binding	1445
GO:0005524	ATP_binding	1452
GO:0005524	ATP_binding	1453
GO:0005524	ATP_binding	1454
GO:0005524	ATP_binding	1455
GO:0005524	ATP_binding	1456
GO:0005524	ATP_binding	1457
GO:0005524	ATP_binding	1459
GO:0005524	ATP_binding	146057
GO:0005524	ATP_binding	146754
GO:0005524	ATP_binding	147746
GO:0005524	ATP_binding	1503
GO:0005524	ATP_binding	154664
GO:0005524	ATP_binding	156
GO:0005524	ATP_binding	157285
GO:0005524	ATP_binding	16
GO:0005524	ATP_binding	1607
GO:0005524	ATP_binding	1608
GO:0005524	ATP_binding	1609
GO:0005524	ATP_binding	1612
GO:0005524	ATP_binding	1613
GO:0005524	ATP_binding	1615
GO:0005524	ATP_binding	1653
GO:0005524	ATP_binding	1654
GO:0005524	ATP_binding	1655
GO:0005524	ATP_binding	1656
GO:0005524	ATP_binding	1660
GO:0005524	ATP_binding	1662
GO:0005524	ATP_binding	166378
GO:0005524	ATP_binding	1665
GO:0005524	ATP_binding	166614
GO:0005524	ATP_binding	1763
GO:0005524	ATP_binding	1767
GO:0005524	ATP_binding	1778
GO:0005524	ATP_binding	1783
GO:0005524	ATP_binding	1859
GO:0005524	ATP_binding	19
GO:0005524	ATP_binding	1956
GO:0005524	ATP_binding	1969
GO:0005524	ATP_binding	1973
GO:0005524	ATP_binding	197322
GO:0005524	ATP_binding	1974
GO:0005524	ATP_binding	1981
GO:0005524	ATP_binding	20
GO:0005524	ATP_binding	200576
GO:0005524	ATP_binding	2011
GO:0005524	ATP_binding	203
GO:0005524	ATP_binding	2038
GO:0005524	ATP_binding	2042
GO:0005524	ATP_binding	2043
GO:0005524	ATP_binding	2044
GO:0005524	ATP_binding	2045
GO:0005524	ATP_binding	2046
GO:0005524	ATP_binding	2047
GO:0005524	ATP_binding	2048
GO:0005524	ATP_binding	2049
GO:0005524	ATP_binding	205
GO:0005524	ATP_binding	2050
GO:0005524	ATP_binding	2051
GO:0005524	ATP_binding	2058
GO:0005524	ATP_binding	2066
GO:0005524	ATP_binding	207
GO:0005524	ATP_binding	208
GO:0005524	ATP_binding	2081
GO:0005524	ATP_binding	21
GO:0005524	ATP_binding	215
GO:0005524	ATP_binding	2180
GO:0005524	ATP_binding	2181
GO:0005524	ATP_binding	2182
GO:0005524	ATP_binding	2185
GO:0005524	ATP_binding	2193
GO:0005524	ATP_binding	22
GO:0005524	ATP_binding	2242
GO:0005524	ATP_binding	225
GO:0005524	ATP_binding	225689
GO:0005524	ATP_binding	2261
GO:0005524	ATP_binding	2263
GO:0005524	ATP_binding	2268
GO:0005524	ATP_binding	22824
GO:0005524	ATP_binding	22836
GO:0005524	ATP_binding	22848
GO:0005524	ATP_binding	22853
GO:0005524	ATP_binding	2288
GO:0005524	ATP_binding	22907
GO:0005524	ATP_binding	22948
GO:0005524	ATP_binding	22983
GO:0005524	ATP_binding	23
GO:0005524	ATP_binding	23012
GO:0005524	ATP_binding	23020
GO:0005524	ATP_binding	23026
GO:0005524	ATP_binding	23031
GO:0005524	ATP_binding	23043
GO:0005524	ATP_binding	23046
GO:0005524	ATP_binding	23047
GO:0005524	ATP_binding	23049
GO:0005524	ATP_binding	23075
GO:0005524	ATP_binding	23078
GO:0005524	ATP_binding	23095
GO:0005524	ATP_binding	23113
GO:0005524	ATP_binding	23137
GO:0005524	ATP_binding	23170
GO:0005524	ATP_binding	23195
GO:0005524	ATP_binding	23205
GO:0005524	ATP_binding	2321
GO:0005524	ATP_binding	2324
GO:0005524	ATP_binding	23250
GO:0005524	ATP_binding	23303
GO:0005524	ATP_binding	23305
GO:0005524	ATP_binding	23347
GO:0005524	ATP_binding	23387
GO:0005524	ATP_binding	23395
GO:0005524	ATP_binding	23396
GO:0005524	ATP_binding	23405
GO:0005524	ATP_binding	23438
GO:0005524	ATP_binding	23460
GO:0005524	ATP_binding	24137
GO:0005524	ATP_binding	2475
GO:0005524	ATP_binding	25
GO:0005524	ATP_binding	2534
GO:0005524	ATP_binding	2547
GO:0005524	ATP_binding	256356
GO:0005524	ATP_binding	257218
GO:0005524	ATP_binding	2580
GO:0005524	ATP_binding	2584
GO:0005524	ATP_binding	25902
GO:0005524	ATP_binding	259217
GO:0005524	ATP_binding	25989
GO:0005524	ATP_binding	260425
GO:0005524	ATP_binding	26140
GO:0005524	ATP_binding	26153
GO:0005524	ATP_binding	26154
GO:0005524	ATP_binding	2617
GO:0005524	ATP_binding	2618
GO:0005524	ATP_binding	26289
GO:0005524	ATP_binding	26750
GO:0005524	ATP_binding	26873
GO:0005524	ATP_binding	26973
GO:0005524	ATP_binding	27
GO:0005524	ATP_binding	27032
GO:0005524	ATP_binding	2710
GO:0005524	ATP_binding	27127
GO:0005524	ATP_binding	27148
GO:0005524	ATP_binding	27183
GO:0005524	ATP_binding	27347
GO:0005524	ATP_binding	2746
GO:0005524	ATP_binding	2752
GO:0005524	ATP_binding	282974
GO:0005524	ATP_binding	283455
GO:0005524	ATP_binding	284434
GO:0005524	ATP_binding	284656
GO:0005524	ATP_binding	286410
GO:0005524	ATP_binding	2869
GO:0005524	ATP_binding	2870
GO:0005524	ATP_binding	29028
GO:0005524	ATP_binding	29110
GO:0005524	ATP_binding	2931
GO:0005524	ATP_binding	2932
GO:0005524	ATP_binding	29789
GO:0005524	ATP_binding	2987
GO:0005524	ATP_binding	29922
GO:0005524	ATP_binding	29941
GO:0005524	ATP_binding	29959
GO:0005524	ATP_binding	3000
GO:0005524	ATP_binding	3008
GO:0005524	ATP_binding	3035
GO:0005524	ATP_binding	3055
GO:0005524	ATP_binding	3070
GO:0005524	ATP_binding	30811
GO:0005524	ATP_binding	30844
GO:0005524	ATP_binding	30845
GO:0005524	ATP_binding	30846
GO:0005524	ATP_binding	30849
GO:0005524	ATP_binding	3098
GO:0005524	ATP_binding	3099
GO:0005524	ATP_binding	31
GO:0005524	ATP_binding	3141
GO:0005524	ATP_binding	317
GO:0005524	ATP_binding	3192
GO:0005524	ATP_binding	326625
GO:0005524	ATP_binding	3301
GO:0005524	ATP_binding	3303
GO:0005524	ATP_binding	3304
GO:0005524	ATP_binding	3305
GO:0005524	ATP_binding	3306
GO:0005524	ATP_binding	3308
GO:0005524	ATP_binding	3309
GO:0005524	ATP_binding	3310
GO:0005524	ATP_binding	3312
GO:0005524	ATP_binding	3313
GO:0005524	ATP_binding	3320
GO:0005524	ATP_binding	3324
GO:0005524	ATP_binding	3326
GO:0005524	ATP_binding	3329
GO:0005524	ATP_binding	3336
GO:0005524	ATP_binding	3376
GO:0005524	ATP_binding	338322
GO:0005524	ATP_binding	340371
GO:0005524	ATP_binding	3416
GO:0005524	ATP_binding	3421
GO:0005524	ATP_binding	344387
GO:0005524	ATP_binding	345651
GO:0005524	ATP_binding	3508
GO:0005524	ATP_binding	3608
GO:0005524	ATP_binding	3611
GO:0005524	ATP_binding	3643
GO:0005524	ATP_binding	3645
GO:0005524	ATP_binding	369
GO:0005524	ATP_binding	3706
GO:0005524	ATP_binding	3716
GO:0005524	ATP_binding	3718
GO:0005524	ATP_binding	3735
GO:0005524	ATP_binding	374654
GO:0005524	ATP_binding	3758
GO:0005524	ATP_binding	3766
GO:0005524	ATP_binding	3791
GO:0005524	ATP_binding	3796
GO:0005524	ATP_binding	3797
GO:0005524	ATP_binding	3798
GO:0005524	ATP_binding	3799
GO:0005524	ATP_binding	3800
GO:0005524	ATP_binding	3801
GO:0005524	ATP_binding	3815
GO:0005524	ATP_binding	3832
GO:0005524	ATP_binding	389840
GO:0005524	ATP_binding	391634
GO:0005524	ATP_binding	3981
GO:0005524	ATP_binding	3984
GO:0005524	ATP_binding	399687
GO:0005524	ATP_binding	4067
GO:0005524	ATP_binding	4139
GO:0005524	ATP_binding	4140
GO:0005524	ATP_binding	4141
GO:0005524	ATP_binding	4144
GO:0005524	ATP_binding	4145
GO:0005524	ATP_binding	4172
GO:0005524	ATP_binding	4175
GO:0005524	ATP_binding	4214
GO:0005524	ATP_binding	4215
GO:0005524	ATP_binding	4216
GO:0005524	ATP_binding	4217
GO:0005524	ATP_binding	4261
GO:0005524	ATP_binding	4294
GO:0005524	ATP_binding	4363
GO:0005524	ATP_binding	439
GO:0005524	ATP_binding	440
GO:0005524	ATP_binding	440915
GO:0005524	ATP_binding	4430
GO:0005524	ATP_binding	4437
GO:0005524	ATP_binding	4438
GO:0005524	ATP_binding	445
GO:0005524	ATP_binding	4522
GO:0005524	ATP_binding	4542
GO:0005524	ATP_binding	4619
GO:0005524	ATP_binding	4621
GO:0005524	ATP_binding	4622
GO:0005524	ATP_binding	4624
GO:0005524	ATP_binding	4625
GO:0005524	ATP_binding	4626
GO:0005524	ATP_binding	4627
GO:0005524	ATP_binding	4628
GO:0005524	ATP_binding	4629
GO:0005524	ATP_binding	4638
GO:0005524	ATP_binding	4641
GO:0005524	ATP_binding	4642
GO:0005524	ATP_binding	4643
GO:0005524	ATP_binding	4644
GO:0005524	ATP_binding	4645
GO:0005524	ATP_binding	4646
GO:0005524	ATP_binding	4647
GO:0005524	ATP_binding	4649
GO:0005524	ATP_binding	4650
GO:0005524	ATP_binding	4651
GO:0005524	ATP_binding	4671
GO:0005524	ATP_binding	4677
GO:0005524	ATP_binding	47
GO:0005524	ATP_binding	472
GO:0005524	ATP_binding	4750
GO:0005524	ATP_binding	476
GO:0005524	ATP_binding	477
GO:0005524	ATP_binding	478
GO:0005524	ATP_binding	479
GO:0005524	ATP_binding	480
GO:0005524	ATP_binding	481
GO:0005524	ATP_binding	4830
GO:0005524	ATP_binding	4831
GO:0005524	ATP_binding	4832
GO:0005524	ATP_binding	487
GO:0005524	ATP_binding	488
GO:0005524	ATP_binding	4881
GO:0005524	ATP_binding	4882
GO:0005524	ATP_binding	489
GO:0005524	ATP_binding	490
GO:0005524	ATP_binding	4905
GO:0005524	ATP_binding	491
GO:0005524	ATP_binding	4915
GO:0005524	ATP_binding	4916
GO:0005524	ATP_binding	492
GO:0005524	ATP_binding	493
GO:0005524	ATP_binding	4940
GO:0005524	ATP_binding	495
GO:0005524	ATP_binding	498
GO:0005524	ATP_binding	4998
GO:0005524	ATP_binding	5027
GO:0005524	ATP_binding	5037
GO:0005524	ATP_binding	50488
GO:0005524	ATP_binding	5058
GO:0005524	ATP_binding	506
GO:0005524	ATP_binding	5062
GO:0005524	ATP_binding	5063
GO:0005524	ATP_binding	50640
GO:0005524	ATP_binding	50808
GO:0005524	ATP_binding	5091
GO:0005524	ATP_binding	5095
GO:0005524	ATP_binding	5096
GO:0005524	ATP_binding	51067
GO:0005524	ATP_binding	51079
GO:0005524	ATP_binding	51143
GO:0005524	ATP_binding	51168
GO:0005524	ATP_binding	5127
GO:0005524	ATP_binding	5128
GO:0005524	ATP_binding	5129
GO:0005524	ATP_binding	513
GO:0005524	ATP_binding	51347
GO:0005524	ATP_binding	51422
GO:0005524	ATP_binding	51493
GO:0005524	ATP_binding	51520
GO:0005524	ATP_binding	5156
GO:0005524	ATP_binding	5163
GO:0005524	ATP_binding	5164
GO:0005524	ATP_binding	5165
GO:0005524	ATP_binding	5170
GO:0005524	ATP_binding	51701
GO:0005524	ATP_binding	51727
GO:0005524	ATP_binding	51755
GO:0005524	ATP_binding	51761
GO:0005524	ATP_binding	5205
GO:0005524	ATP_binding	5208
GO:0005524	ATP_binding	5210
GO:0005524	ATP_binding	5211
GO:0005524	ATP_binding	5213
GO:0005524	ATP_binding	5214
GO:0005524	ATP_binding	5218
GO:0005524	ATP_binding	523
GO:0005524	ATP_binding	5230
GO:0005524	ATP_binding	525
GO:0005524	ATP_binding	526
GO:0005524	ATP_binding	5286
GO:0005524	ATP_binding	5289
GO:0005524	ATP_binding	5290
GO:0005524	ATP_binding	5291
GO:0005524	ATP_binding	5294
GO:0005524	ATP_binding	5297
GO:0005524	ATP_binding	5305
GO:0005524	ATP_binding	5313
GO:0005524	ATP_binding	5315
GO:0005524	ATP_binding	537
GO:0005524	ATP_binding	53904
GO:0005524	ATP_binding	53944
GO:0005524	ATP_binding	540
GO:0005524	ATP_binding	545
GO:0005524	ATP_binding	54505
GO:0005524	ATP_binding	546
GO:0005524	ATP_binding	54617
GO:0005524	ATP_binding	547
GO:0005524	ATP_binding	54795
GO:0005524	ATP_binding	54821
GO:0005524	ATP_binding	54822
GO:0005524	ATP_binding	548596
GO:0005524	ATP_binding	54861
GO:0005524	ATP_binding	54938
GO:0005524	ATP_binding	55083
GO:0005524	ATP_binding	55149
GO:0005524	ATP_binding	55157
GO:0005524	ATP_binding	55210
GO:0005524	ATP_binding	55226
GO:0005524	ATP_binding	55229
GO:0005524	ATP_binding	55236
GO:0005524	ATP_binding	5524
GO:0005524	ATP_binding	55308
GO:0005524	ATP_binding	55324
GO:0005524	ATP_binding	5536
GO:0005524	ATP_binding	55361
GO:0005524	ATP_binding	55466
GO:0005524	ATP_binding	55561
GO:0005524	ATP_binding	55567
GO:0005524	ATP_binding	55577
GO:0005524	ATP_binding	55582
GO:0005524	ATP_binding	55585
GO:0005524	ATP_binding	55589
GO:0005524	ATP_binding	55605
GO:0005524	ATP_binding	55614
GO:0005524	ATP_binding	5562
GO:0005524	ATP_binding	5563
GO:0005524	ATP_binding	55636
GO:0005524	ATP_binding	5566
GO:0005524	ATP_binding	5567
GO:0005524	ATP_binding	55681
GO:0005524	ATP_binding	55699
GO:0005524	ATP_binding	5571
GO:0005524	ATP_binding	55728
GO:0005524	ATP_binding	55739
GO:0005524	ATP_binding	55750
GO:0005524	ATP_binding	5578
GO:0005524	ATP_binding	5579
GO:0005524	ATP_binding	5580
GO:0005524	ATP_binding	5581
GO:0005524	ATP_binding	5582
GO:0005524	ATP_binding	5584
GO:0005524	ATP_binding	5585
GO:0005524	ATP_binding	5586
GO:0005524	ATP_binding	5587
GO:0005524	ATP_binding	5588
GO:0005524	ATP_binding	5590
GO:0005524	ATP_binding	5591
GO:0005524	ATP_binding	55915
GO:0005524	ATP_binding	5593
GO:0005524	ATP_binding	55930
GO:0005524	ATP_binding	5594
GO:0005524	ATP_binding	5595
GO:0005524	ATP_binding	5599
GO:0005524	ATP_binding	5600
GO:0005524	ATP_binding	5601
GO:0005524	ATP_binding	5602
GO:0005524	ATP_binding	5603
GO:0005524	ATP_binding	5604
GO:0005524	ATP_binding	5605
GO:0005524	ATP_binding	5606
GO:0005524	ATP_binding	5609
GO:0005524	ATP_binding	5610
GO:0005524	ATP_binding	5613
GO:0005524	ATP_binding	56164
GO:0005524	ATP_binding	5631
GO:0005524	ATP_binding	5634
GO:0005524	ATP_binding	56474
GO:0005524	ATP_binding	56848
GO:0005524	ATP_binding	56922
GO:0005524	ATP_binding	56924
GO:0005524	ATP_binding	56992
GO:0005524	ATP_binding	56997
GO:0005524	ATP_binding	5700
GO:0005524	ATP_binding	5701
GO:0005524	ATP_binding	5702
GO:0005524	ATP_binding	5704
GO:0005524	ATP_binding	5705
GO:0005524	ATP_binding	5706
GO:0005524	ATP_binding	57118
GO:0005524	ATP_binding	57143
GO:0005524	ATP_binding	57144
GO:0005524	ATP_binding	57180
GO:0005524	ATP_binding	57410
GO:0005524	ATP_binding	5747
GO:0005524	ATP_binding	57505
GO:0005524	ATP_binding	57519
GO:0005524	ATP_binding	5754
GO:0005524	ATP_binding	57551
GO:0005524	ATP_binding	5756
GO:0005524	ATP_binding	57571
GO:0005524	ATP_binding	57576
GO:0005524	ATP_binding	57634
GO:0005524	ATP_binding	57644
GO:0005524	ATP_binding	57680
GO:0005524	ATP_binding	57787
GO:0005524	ATP_binding	58
GO:0005524	ATP_binding	5825
GO:0005524	ATP_binding	5832
GO:0005524	ATP_binding	5836
GO:0005524	ATP_binding	5859
GO:0005524	ATP_binding	5894
GO:0005524	ATP_binding	59
GO:0005524	ATP_binding	5917
GO:0005524	ATP_binding	5976
GO:0005524	ATP_binding	5981
GO:0005524	ATP_binding	60
GO:0005524	ATP_binding	6011
GO:0005524	ATP_binding	6041
GO:0005524	ATP_binding	6059
GO:0005524	ATP_binding	6093
GO:0005524	ATP_binding	613
GO:0005524	ATP_binding	617
GO:0005524	ATP_binding	6195
GO:0005524	ATP_binding	6196
GO:0005524	ATP_binding	6197
GO:0005524	ATP_binding	6198
GO:0005524	ATP_binding	6240
GO:0005524	ATP_binding	6261
GO:0005524	ATP_binding	6300
GO:0005524	ATP_binding	6301
GO:0005524	ATP_binding	6334
GO:0005524	ATP_binding	63826
GO:0005524	ATP_binding	63893
GO:0005524	ATP_binding	63971
GO:0005524	ATP_binding	64005
GO:0005524	ATP_binding	64087
GO:0005524	ATP_binding	641
GO:0005524	ATP_binding	6416
GO:0005524	ATP_binding	64848
GO:0005524	ATP_binding	6499
GO:0005524	ATP_binding	65125
GO:0005524	ATP_binding	65266
GO:0005524	ATP_binding	65267
GO:0005524	ATP_binding	65268
GO:0005524	ATP_binding	6558
GO:0005524	ATP_binding	657
GO:0005524	ATP_binding	6594
GO:0005524	ATP_binding	6597
GO:0005524	ATP_binding	6683
GO:0005524	ATP_binding	6687
GO:0005524	ATP_binding	6714
GO:0005524	ATP_binding	673
GO:0005524	ATP_binding	6733
GO:0005524	ATP_binding	6792
GO:0005524	ATP_binding	6793
GO:0005524	ATP_binding	6794
GO:0005524	ATP_binding	6832
GO:0005524	ATP_binding	6833
GO:0005524	ATP_binding	6853
GO:0005524	ATP_binding	6854
GO:0005524	ATP_binding	6872
GO:0005524	ATP_binding	6885
GO:0005524	ATP_binding	6897
GO:0005524	ATP_binding	6950
GO:0005524	ATP_binding	70
GO:0005524	ATP_binding	7011
GO:0005524	ATP_binding	7083
GO:0005524	ATP_binding	71
GO:0005524	ATP_binding	7153
GO:0005524	ATP_binding	7155
GO:0005524	ATP_binding	7184
GO:0005524	ATP_binding	72
GO:0005524	ATP_binding	7203
GO:0005524	ATP_binding	7204
GO:0005524	ATP_binding	7301
GO:0005524	ATP_binding	7317
GO:0005524	ATP_binding	7321
GO:0005524	ATP_binding	7322
GO:0005524	ATP_binding	7323
GO:0005524	ATP_binding	7334
GO:0005524	ATP_binding	7407
GO:0005524	ATP_binding	7415
GO:0005524	ATP_binding	7453
GO:0005524	ATP_binding	7486
GO:0005524	ATP_binding	7520
GO:0005524	ATP_binding	7525
GO:0005524	ATP_binding	7535
GO:0005524	ATP_binding	774
GO:0005524	ATP_binding	7786
GO:0005524	ATP_binding	790
GO:0005524	ATP_binding	79012
GO:0005524	ATP_binding	7919
GO:0005524	ATP_binding	79443
GO:0005524	ATP_binding	79572
GO:0005524	ATP_binding	79659
GO:0005524	ATP_binding	79671
GO:0005524	ATP_binding	79705
GO:0005524	ATP_binding	79707
GO:0005524	ATP_binding	79784
GO:0005524	ATP_binding	79834
GO:0005524	ATP_binding	79837
GO:0005524	ATP_binding	79876
GO:0005524	ATP_binding	79877
GO:0005524	ATP_binding	79915
GO:0005524	ATP_binding	80216
GO:0005524	ATP_binding	80221
GO:0005524	ATP_binding	80222
GO:0005524	ATP_binding	80224
GO:0005524	ATP_binding	80347
GO:0005524	ATP_binding	80755
GO:0005524	ATP_binding	814
GO:0005524	ATP_binding	815
GO:0005524	ATP_binding	81570
GO:0005524	ATP_binding	816
GO:0005524	ATP_binding	81618
GO:0005524	ATP_binding	817
GO:0005524	ATP_binding	818
GO:0005524	ATP_binding	8224
GO:0005524	ATP_binding	8243
GO:0005524	ATP_binding	8317
GO:0005524	ATP_binding	833
GO:0005524	ATP_binding	83473
GO:0005524	ATP_binding	83752
GO:0005524	ATP_binding	83858
GO:0005524	ATP_binding	8396
GO:0005524	ATP_binding	83990
GO:0005524	ATP_binding	84033
GO:0005524	ATP_binding	8408
GO:0005524	ATP_binding	84166
GO:0005524	ATP_binding	84254
GO:0005524	ATP_binding	8428
GO:0005524	ATP_binding	84284
GO:0005524	ATP_binding	84446
GO:0005524	ATP_binding	84451
GO:0005524	ATP_binding	84532
GO:0005524	ATP_binding	84630
GO:0005524	ATP_binding	8467
GO:0005524	ATP_binding	8476
GO:0005524	ATP_binding	84896
GO:0005524	ATP_binding	8491
GO:0005524	ATP_binding	8525
GO:0005524	ATP_binding	8526
GO:0005524	ATP_binding	8536
GO:0005524	ATP_binding	8565
GO:0005524	ATP_binding	8566
GO:0005524	ATP_binding	8573
GO:0005524	ATP_binding	8607
GO:0005524	ATP_binding	8621
GO:0005524	ATP_binding	8634
GO:0005524	ATP_binding	8647
GO:0005524	ATP_binding	8653
GO:0005524	ATP_binding	8767
GO:0005524	ATP_binding	8780
GO:0005524	ATP_binding	8801
GO:0005524	ATP_binding	8803
GO:0005524	ATP_binding	8833
GO:0005524	ATP_binding	8844
GO:0005524	ATP_binding	8892
GO:0005524	ATP_binding	8899
GO:0005524	ATP_binding	89795
GO:0005524	ATP_binding	8986
GO:0005524	ATP_binding	8997
GO:0005524	ATP_binding	8999
GO:0005524	ATP_binding	90
GO:0005524	ATP_binding	9024
GO:0005524	ATP_binding	9031
GO:0005524	ATP_binding	9040
GO:0005524	ATP_binding	9060
GO:0005524	ATP_binding	9064
GO:0005524	ATP_binding	908
GO:0005524	ATP_binding	9093
GO:0005524	ATP_binding	90957
GO:0005524	ATP_binding	90990
GO:0005524	ATP_binding	91
GO:0005524	ATP_binding	9126
GO:0005524	ATP_binding	9162
GO:0005524	ATP_binding	91662
GO:0005524	ATP_binding	91754
GO:0005524	ATP_binding	9201
GO:0005524	ATP_binding	9223
GO:0005524	ATP_binding	9344
GO:0005524	ATP_binding	9361
GO:0005524	ATP_binding	9371
GO:0005524	ATP_binding	9401
GO:0005524	ATP_binding	94160
GO:0005524	ATP_binding	9445
GO:0005524	ATP_binding	9448
GO:0005524	ATP_binding	9475
GO:0005524	ATP_binding	9493
GO:0005524	ATP_binding	9525
GO:0005524	ATP_binding	9578
GO:0005524	ATP_binding	9585
GO:0005524	ATP_binding	9619
GO:0005524	ATP_binding	9625
GO:0005524	ATP_binding	9706
GO:0005524	ATP_binding	9748
GO:0005524	ATP_binding	9775
GO:0005524	ATP_binding	9891
GO:0005524	ATP_binding	9917
GO:0005524	ATP_binding	9931
GO:0005524	ATP_binding	9943
GO:0005524	ATP_binding	9967
GO:0005080	protein_kinase_C_binding	10014
GO:0005080	protein_kinase_C_binding	10399
GO:0005080	protein_kinase_C_binding	10539
GO:0005080	protein_kinase_C_binding	10611
GO:0005080	protein_kinase_C_binding	11344
GO:0005080	protein_kinase_C_binding	1832
GO:0005080	protein_kinase_C_binding	207
GO:0005080	protein_kinase_C_binding	25
GO:0005080	protein_kinase_C_binding	2869
GO:0005080	protein_kinase_C_binding	3094
GO:0005080	protein_kinase_C_binding	3315
GO:0005080	protein_kinase_C_binding	3667
GO:0005080	protein_kinase_C_binding	3685
GO:0005080	protein_kinase_C_binding	4082
GO:0005080	protein_kinase_C_binding	5318
GO:0005080	protein_kinase_C_binding	5341
GO:0005080	protein_kinase_C_binding	5579
GO:0005080	protein_kinase_C_binding	5585
GO:0005080	protein_kinase_C_binding	5589
GO:0005080	protein_kinase_C_binding	6427
GO:0005080	protein_kinase_C_binding	6714
GO:0005080	protein_kinase_C_binding	708
GO:0005080	protein_kinase_C_binding	7153
GO:0005080	protein_kinase_C_binding	7155
GO:0005080	protein_kinase_C_binding	7532
GO:0005080	protein_kinase_C_binding	8754
GO:0005080	protein_kinase_C_binding	8878
GO:0005080	protein_kinase_C_binding	9463
GO:0005080	protein_kinase_C_binding	9638
GO:0005125	cytokine_activity	10135
GO:0005125	cytokine_activity	10447
GO:0005125	cytokine_activity	146223
GO:0005125	cytokine_activity	200081
GO:0005125	cytokine_activity	2247
GO:0005125	cytokine_activity	2661
GO:0005125	cytokine_activity	2821
GO:0005125	cytokine_activity	2896
GO:0005125	cytokine_activity	3146
GO:0005125	cytokine_activity	4282
GO:0005125	cytokine_activity	727
GO:0005125	cytokine_activity	7422
GO:0005125	cytokine_activity	7857
GO:0005125	cytokine_activity	9255
GO:0044212	transcription_regulatory_region_DNA_bind...	10014
GO:0044212	transcription_regulatory_region_DNA_bind...	1025
GO:0044212	transcription_regulatory_region_DNA_bind...	10320
GO:0044212	transcription_regulatory_region_DNA_bind...	10409
GO:0044212	transcription_regulatory_region_DNA_bind...	10419
GO:0044212	transcription_regulatory_region_DNA_bind...	10498
GO:0044212	transcription_regulatory_region_DNA_bind...	10499
GO:0044212	transcription_regulatory_region_DNA_bind...	10514
GO:0044212	transcription_regulatory_region_DNA_bind...	10620
GO:0044212	transcription_regulatory_region_DNA_bind...	10664
GO:0044212	transcription_regulatory_region_DNA_bind...	10743
GO:0044212	transcription_regulatory_region_DNA_bind...	10856
GO:0044212	transcription_regulatory_region_DNA_bind...	1108
GO:0044212	transcription_regulatory_region_DNA_bind...	11176
GO:0044212	transcription_regulatory_region_DNA_bind...	1386
GO:0044212	transcription_regulatory_region_DNA_bind...	1387
GO:0044212	transcription_regulatory_region_DNA_bind...	1388
GO:0044212	transcription_regulatory_region_DNA_bind...	142
GO:0044212	transcription_regulatory_region_DNA_bind...	1499
GO:0044212	transcription_regulatory_region_DNA_bind...	1523
GO:0044212	transcription_regulatory_region_DNA_bind...	1660
GO:0044212	transcription_regulatory_region_DNA_bind...	1958
GO:0044212	transcription_regulatory_region_DNA_bind...	2023
GO:0044212	transcription_regulatory_region_DNA_bind...	2033
GO:0044212	transcription_regulatory_region_DNA_bind...	2066
GO:0044212	transcription_regulatory_region_DNA_bind...	221037
GO:0044212	transcription_regulatory_region_DNA_bind...	23028
GO:0044212	transcription_regulatory_region_DNA_bind...	23109
GO:0044212	transcription_regulatory_region_DNA_bind...	23186
GO:0044212	transcription_regulatory_region_DNA_bind...	23598
GO:0044212	transcription_regulatory_region_DNA_bind...	2475
GO:0044212	transcription_regulatory_region_DNA_bind...	253738
GO:0044212	transcription_regulatory_region_DNA_bind...	2547
GO:0044212	transcription_regulatory_region_DNA_bind...	25824
GO:0044212	transcription_regulatory_region_DNA_bind...	26523
GO:0044212	transcription_regulatory_region_DNA_bind...	27161
GO:0044212	transcription_regulatory_region_DNA_bind...	27316
GO:0044212	transcription_regulatory_region_DNA_bind...	283248
GO:0044212	transcription_regulatory_region_DNA_bind...	2909
GO:0044212	transcription_regulatory_region_DNA_bind...	29117
GO:0044212	transcription_regulatory_region_DNA_bind...	2975
GO:0044212	transcription_regulatory_region_DNA_bind...	3015
GO:0044212	transcription_regulatory_region_DNA_bind...	3020
GO:0044212	transcription_regulatory_region_DNA_bind...	3021
GO:0044212	transcription_regulatory_region_DNA_bind...	3066
GO:0044212	transcription_regulatory_region_DNA_bind...	30818
GO:0044212	transcription_regulatory_region_DNA_bind...	3096
GO:0044212	transcription_regulatory_region_DNA_bind...	3097
GO:0044212	transcription_regulatory_region_DNA_bind...	3148
GO:0044212	transcription_regulatory_region_DNA_bind...	3159
GO:0044212	transcription_regulatory_region_DNA_bind...	3183
GO:0044212	transcription_regulatory_region_DNA_bind...	3190
GO:0044212	transcription_regulatory_region_DNA_bind...	3191
GO:0044212	transcription_regulatory_region_DNA_bind...	3192
GO:0044212	transcription_regulatory_region_DNA_bind...	3280
GO:0044212	transcription_regulatory_region_DNA_bind...	3720
GO:0044212	transcription_regulatory_region_DNA_bind...	405
GO:0044212	transcription_regulatory_region_DNA_bind...	408
GO:0044212	transcription_regulatory_region_DNA_bind...	4208
GO:0044212	transcription_regulatory_region_DNA_bind...	4261
GO:0044212	transcription_regulatory_region_DNA_bind...	4297
GO:0044212	transcription_regulatory_region_DNA_bind...	463
GO:0044212	transcription_regulatory_region_DNA_bind...	4656
GO:0044212	transcription_regulatory_region_DNA_bind...	4774
GO:0044212	transcription_regulatory_region_DNA_bind...	4775
GO:0044212	transcription_regulatory_region_DNA_bind...	4776
GO:0044212	transcription_regulatory_region_DNA_bind...	4783
GO:0044212	transcription_regulatory_region_DNA_bind...	4830
GO:0044212	transcription_regulatory_region_DNA_bind...	4841
GO:0044212	transcription_regulatory_region_DNA_bind...	4869
GO:0044212	transcription_regulatory_region_DNA_bind...	4904
GO:0044212	transcription_regulatory_region_DNA_bind...	494115
GO:0044212	transcription_regulatory_region_DNA_bind...	51222
GO:0044212	transcription_regulatory_region_DNA_bind...	51742
GO:0044212	transcription_regulatory_region_DNA_bind...	51755
GO:0044212	transcription_regulatory_region_DNA_bind...	51780
GO:0044212	transcription_regulatory_region_DNA_bind...	5187
GO:0044212	transcription_regulatory_region_DNA_bind...	5245
GO:0044212	transcription_regulatory_region_DNA_bind...	53335
GO:0044212	transcription_regulatory_region_DNA_bind...	53615
GO:0044212	transcription_regulatory_region_DNA_bind...	5442
GO:0044212	transcription_regulatory_region_DNA_bind...	54862
GO:0044212	transcription_regulatory_region_DNA_bind...	54880
GO:0044212	transcription_regulatory_region_DNA_bind...	55269
GO:0044212	transcription_regulatory_region_DNA_bind...	55506
GO:0044212	transcription_regulatory_region_DNA_bind...	55636
GO:0044212	transcription_regulatory_region_DNA_bind...	55749
GO:0044212	transcription_regulatory_region_DNA_bind...	55755
GO:0044212	transcription_regulatory_region_DNA_bind...	55809
GO:0044212	transcription_regulatory_region_DNA_bind...	55818
GO:0044212	transcription_regulatory_region_DNA_bind...	5629
GO:0044212	transcription_regulatory_region_DNA_bind...	57459
GO:0044212	transcription_regulatory_region_DNA_bind...	57521
GO:0044212	transcription_regulatory_region_DNA_bind...	57597
GO:0044212	transcription_regulatory_region_DNA_bind...	57658
GO:0044212	transcription_regulatory_region_DNA_bind...	5813
GO:0044212	transcription_regulatory_region_DNA_bind...	5814
GO:0044212	transcription_regulatory_region_DNA_bind...	59269
GO:0044212	transcription_regulatory_region_DNA_bind...	5927
GO:0044212	transcription_regulatory_region_DNA_bind...	5966
GO:0044212	transcription_regulatory_region_DNA_bind...	60
GO:0044212	transcription_regulatory_region_DNA_bind...	6188
GO:0044212	transcription_regulatory_region_DNA_bind...	6294
GO:0044212	transcription_regulatory_region_DNA_bind...	6301
GO:0044212	transcription_regulatory_region_DNA_bind...	6421
GO:0044212	transcription_regulatory_region_DNA_bind...	64324
GO:0044212	transcription_regulatory_region_DNA_bind...	64754
GO:0044212	transcription_regulatory_region_DNA_bind...	64919
GO:0044212	transcription_regulatory_region_DNA_bind...	6597
GO:0044212	transcription_regulatory_region_DNA_bind...	6599
GO:0044212	transcription_regulatory_region_DNA_bind...	6601
GO:0044212	transcription_regulatory_region_DNA_bind...	6621
GO:0044212	transcription_regulatory_region_DNA_bind...	6622
GO:0044212	transcription_regulatory_region_DNA_bind...	672
GO:0044212	transcription_regulatory_region_DNA_bind...	6720
GO:0044212	transcription_regulatory_region_DNA_bind...	6772
GO:0044212	transcription_regulatory_region_DNA_bind...	6774
GO:0044212	transcription_regulatory_region_DNA_bind...	6778
GO:0044212	transcription_regulatory_region_DNA_bind...	6872
GO:0044212	transcription_regulatory_region_DNA_bind...	6877
GO:0044212	transcription_regulatory_region_DNA_bind...	6907
GO:0044212	transcription_regulatory_region_DNA_bind...	6935
GO:0044212	transcription_regulatory_region_DNA_bind...	6936
GO:0044212	transcription_regulatory_region_DNA_bind...	6942
GO:0044212	transcription_regulatory_region_DNA_bind...	7005
GO:0044212	transcription_regulatory_region_DNA_bind...	7019
GO:0044212	transcription_regulatory_region_DNA_bind...	7024
GO:0044212	transcription_regulatory_region_DNA_bind...	7343
GO:0044212	transcription_regulatory_region_DNA_bind...	7520
GO:0044212	transcription_regulatory_region_DNA_bind...	7799
GO:0044212	transcription_regulatory_region_DNA_bind...	79718
GO:0044212	transcription_regulatory_region_DNA_bind...	7975
GO:0044212	transcription_regulatory_region_DNA_bind...	8085
GO:0044212	transcription_regulatory_region_DNA_bind...	81
GO:0044212	transcription_regulatory_region_DNA_bind...	8204
GO:0044212	transcription_regulatory_region_DNA_bind...	83595
GO:0044212	transcription_regulatory_region_DNA_bind...	84166
GO:0044212	transcription_regulatory_region_DNA_bind...	84524
GO:0044212	transcription_regulatory_region_DNA_bind...	8462
GO:0044212	transcription_regulatory_region_DNA_bind...	84629
GO:0044212	transcription_regulatory_region_DNA_bind...	84678
GO:0044212	transcription_regulatory_region_DNA_bind...	8621
GO:0044212	transcription_regulatory_region_DNA_bind...	8861
GO:0044212	transcription_regulatory_region_DNA_bind...	8864
GO:0044212	transcription_regulatory_region_DNA_bind...	9208
GO:0044212	transcription_regulatory_region_DNA_bind...	9361
GO:0044212	transcription_regulatory_region_DNA_bind...	93986
GO:0044212	transcription_regulatory_region_DNA_bind...	94104
GO:0044212	transcription_regulatory_region_DNA_bind...	9555
GO:0044212	transcription_regulatory_region_DNA_bind...	9611
GO:0044212	transcription_regulatory_region_DNA_bind...	9658
GO:0044212	transcription_regulatory_region_DNA_bind...	9745
GO:0044212	transcription_regulatory_region_DNA_bind...	9759
GO:0044212	transcription_regulatory_region_DNA_bind...	988
GO:0044212	transcription_regulatory_region_DNA_bind...	9967
GO:0044212	transcription_regulatory_region_DNA_bind...	9968
GO:0003700	DNA_binding_transcription_factor_activit...	10127
GO:0003700	DNA_binding_transcription_factor_activit...	10155
GO:0003700	DNA_binding_transcription_factor_activit...	10320
GO:0003700	DNA_binding_transcription_factor_activit...	10463
GO:0003700	DNA_binding_transcription_factor_activit...	10620
GO:0003700	DNA_binding_transcription_factor_activit...	10664
GO:0003700	DNA_binding_transcription_factor_activit...	10743
GO:0003700	DNA_binding_transcription_factor_activit...	10765
GO:0003700	DNA_binding_transcription_factor_activit...	10923
GO:0003700	DNA_binding_transcription_factor_activit...	11178
GO:0003700	DNA_binding_transcription_factor_activit...	1386
GO:0003700	DNA_binding_transcription_factor_activit...	1387
GO:0003700	DNA_binding_transcription_factor_activit...	1388
GO:0003700	DNA_binding_transcription_factor_activit...	142
GO:0003700	DNA_binding_transcription_factor_activit...	1487
GO:0003700	DNA_binding_transcription_factor_activit...	1499
GO:0003700	DNA_binding_transcription_factor_activit...	1958
GO:0003700	DNA_binding_transcription_factor_activit...	2023
GO:0003700	DNA_binding_transcription_factor_activit...	2033
GO:0003700	DNA_binding_transcription_factor_activit...	2290
GO:0003700	DNA_binding_transcription_factor_activit...	22921
GO:0003700	DNA_binding_transcription_factor_activit...	22980
GO:0003700	DNA_binding_transcription_factor_activit...	23036
GO:0003700	DNA_binding_transcription_factor_activit...	23040
GO:0003700	DNA_binding_transcription_factor_activit...	23109
GO:0003700	DNA_binding_transcription_factor_activit...	23186
GO:0003700	DNA_binding_transcription_factor_activit...	23269
GO:0003700	DNA_binding_transcription_factor_activit...	23435
GO:0003700	DNA_binding_transcription_factor_activit...	23598
GO:0003700	DNA_binding_transcription_factor_activit...	253738
GO:0003700	DNA_binding_transcription_factor_activit...	27125
GO:0003700	DNA_binding_transcription_factor_activit...	2804
GO:0003700	DNA_binding_transcription_factor_activit...	283248
GO:0003700	DNA_binding_transcription_factor_activit...	2909
GO:0003700	DNA_binding_transcription_factor_activit...	2969
GO:0003700	DNA_binding_transcription_factor_activit...	29855
GO:0003700	DNA_binding_transcription_factor_activit...	3054
GO:0003700	DNA_binding_transcription_factor_activit...	30818
GO:0003700	DNA_binding_transcription_factor_activit...	3096
GO:0003700	DNA_binding_transcription_factor_activit...	3097
GO:0003700	DNA_binding_transcription_factor_activit...	3146
GO:0003700	DNA_binding_transcription_factor_activit...	3148
GO:0003700	DNA_binding_transcription_factor_activit...	3159
GO:0003700	DNA_binding_transcription_factor_activit...	3182
GO:0003700	DNA_binding_transcription_factor_activit...	3190
GO:0003700	DNA_binding_transcription_factor_activit...	3280
GO:0003700	DNA_binding_transcription_factor_activit...	3299
GO:0003700	DNA_binding_transcription_factor_activit...	353274
GO:0003700	DNA_binding_transcription_factor_activit...	3720
GO:0003700	DNA_binding_transcription_factor_activit...	405
GO:0003700	DNA_binding_transcription_factor_activit...	4204
GO:0003700	DNA_binding_transcription_factor_activit...	4208
GO:0003700	DNA_binding_transcription_factor_activit...	4297
GO:0003700	DNA_binding_transcription_factor_activit...	4299
GO:0003700	DNA_binding_transcription_factor_activit...	463
GO:0003700	DNA_binding_transcription_factor_activit...	4656
GO:0003700	DNA_binding_transcription_factor_activit...	4774
GO:0003700	DNA_binding_transcription_factor_activit...	4775
GO:0003700	DNA_binding_transcription_factor_activit...	4776
GO:0003700	DNA_binding_transcription_factor_activit...	4783
GO:0003700	DNA_binding_transcription_factor_activit...	4831
GO:0003700	DNA_binding_transcription_factor_activit...	4904
GO:0003700	DNA_binding_transcription_factor_activit...	5036
GO:0003700	DNA_binding_transcription_factor_activit...	50804
GO:0003700	DNA_binding_transcription_factor_activit...	5093
GO:0003700	DNA_binding_transcription_factor_activit...	51222
GO:0003700	DNA_binding_transcription_factor_activit...	5178
GO:0003700	DNA_binding_transcription_factor_activit...	5245
GO:0003700	DNA_binding_transcription_factor_activit...	53335
GO:0003700	DNA_binding_transcription_factor_activit...	54862
GO:0003700	DNA_binding_transcription_factor_activit...	54927
GO:0003700	DNA_binding_transcription_factor_activit...	55809
GO:0003700	DNA_binding_transcription_factor_activit...	55818
GO:0003700	DNA_binding_transcription_factor_activit...	5629
GO:0003700	DNA_binding_transcription_factor_activit...	57109
GO:0003700	DNA_binding_transcription_factor_activit...	57169
GO:0003700	DNA_binding_transcription_factor_activit...	57459
GO:0003700	DNA_binding_transcription_factor_activit...	57623
GO:0003700	DNA_binding_transcription_factor_activit...	5813
GO:0003700	DNA_binding_transcription_factor_activit...	5814
GO:0003700	DNA_binding_transcription_factor_activit...	59269
GO:0003700	DNA_binding_transcription_factor_activit...	5927
GO:0003700	DNA_binding_transcription_factor_activit...	5966
GO:0003700	DNA_binding_transcription_factor_activit...	64919
GO:0003700	DNA_binding_transcription_factor_activit...	6493
GO:0003700	DNA_binding_transcription_factor_activit...	657
GO:0003700	DNA_binding_transcription_factor_activit...	65982
GO:0003700	DNA_binding_transcription_factor_activit...	6621
GO:0003700	DNA_binding_transcription_factor_activit...	6720
GO:0003700	DNA_binding_transcription_factor_activit...	6772
GO:0003700	DNA_binding_transcription_factor_activit...	6774
GO:0003700	DNA_binding_transcription_factor_activit...	6776
GO:0003700	DNA_binding_transcription_factor_activit...	6778
GO:0003700	DNA_binding_transcription_factor_activit...	6872
GO:0003700	DNA_binding_transcription_factor_activit...	6874
GO:0003700	DNA_binding_transcription_factor_activit...	6877
GO:0003700	DNA_binding_transcription_factor_activit...	6935
GO:0003700	DNA_binding_transcription_factor_activit...	6936
GO:0003700	DNA_binding_transcription_factor_activit...	6942
GO:0003700	DNA_binding_transcription_factor_activit...	7005
GO:0003700	DNA_binding_transcription_factor_activit...	7019
GO:0003700	DNA_binding_transcription_factor_activit...	7024
GO:0003700	DNA_binding_transcription_factor_activit...	7290
GO:0003700	DNA_binding_transcription_factor_activit...	7342
GO:0003700	DNA_binding_transcription_factor_activit...	745
GO:0003700	DNA_binding_transcription_factor_activit...	7546
GO:0003700	DNA_binding_transcription_factor_activit...	7579
GO:0003700	DNA_binding_transcription_factor_activit...	7586
GO:0003700	DNA_binding_transcription_factor_activit...	7706
GO:0003700	DNA_binding_transcription_factor_activit...	7750
GO:0003700	DNA_binding_transcription_factor_activit...	7799
GO:0003700	DNA_binding_transcription_factor_activit...	7975
GO:0003700	DNA_binding_transcription_factor_activit...	81628
GO:0003700	DNA_binding_transcription_factor_activit...	8216
GO:0003700	DNA_binding_transcription_factor_activit...	83595
GO:0003700	DNA_binding_transcription_factor_activit...	84124
GO:0003700	DNA_binding_transcription_factor_activit...	84524
GO:0003700	DNA_binding_transcription_factor_activit...	8462
GO:0003700	DNA_binding_transcription_factor_activit...	8522
GO:0003700	DNA_binding_transcription_factor_activit...	8848
GO:0003700	DNA_binding_transcription_factor_activit...	8880
GO:0003700	DNA_binding_transcription_factor_activit...	9203
GO:0003700	DNA_binding_transcription_factor_activit...	9208
GO:0003700	DNA_binding_transcription_factor_activit...	93986
GO:0003700	DNA_binding_transcription_factor_activit...	9658
GO:0003700	DNA_binding_transcription_factor_activit...	9745
GO:0003700	DNA_binding_transcription_factor_activit...	9753
GO:0003700	DNA_binding_transcription_factor_activit...	9757
GO:0003700	DNA_binding_transcription_factor_activit...	9839
GO:0003700	DNA_binding_transcription_factor_activit...	9849
GO:0003700	DNA_binding_transcription_factor_activit...	9852
GO:0003700	DNA_binding_transcription_factor_activit...	988
GO:0004707	MAP_kinase_activity	225689
GO:0004707	MAP_kinase_activity	51701
GO:0004707	MAP_kinase_activity	5594
GO:0004707	MAP_kinase_activity	5595
GO:0004707	MAP_kinase_activity	5599
GO:0004707	MAP_kinase_activity	5600
GO:0004707	MAP_kinase_activity	5601
GO:0004707	MAP_kinase_activity	5602
GO:0004707	MAP_kinase_activity	5603
GO:0004707	MAP_kinase_activity	6300
GO:0004708	MAP_kinase_kinase_activity	120892
GO:0004708	MAP_kinase_kinase_activity	5063
GO:0004708	MAP_kinase_kinase_activity	5594
GO:0004708	MAP_kinase_kinase_activity	5595
GO:0004708	MAP_kinase_kinase_activity	5602
GO:0004708	MAP_kinase_kinase_activity	5604
GO:0004708	MAP_kinase_kinase_activity	5605
GO:0004708	MAP_kinase_kinase_activity	5606
GO:0004708	MAP_kinase_kinase_activity	5609
GO:0004708	MAP_kinase_kinase_activity	6416
GO:0005231	excitatory_extracellular_ligand-gated_io...	116443
GO:0005231	excitatory_extracellular_ligand-gated_io...	2741
GO:0005231	excitatory_extracellular_ligand-gated_io...	2743
GO:0005231	excitatory_extracellular_ligand-gated_io...	2890
GO:0005231	excitatory_extracellular_ligand-gated_io...	2891
GO:0005231	excitatory_extracellular_ligand-gated_io...	2892
GO:0005231	excitatory_extracellular_ligand-gated_io...	2893
GO:0005231	excitatory_extracellular_ligand-gated_io...	2895
GO:0005231	excitatory_extracellular_ligand-gated_io...	2897
GO:0005231	excitatory_extracellular_ligand-gated_io...	2898
GO:0005231	excitatory_extracellular_ligand-gated_io...	2899
GO:0005231	excitatory_extracellular_ligand-gated_io...	2900
GO:0005231	excitatory_extracellular_ligand-gated_io...	2901
GO:0005231	excitatory_extracellular_ligand-gated_io...	2902
GO:0005231	excitatory_extracellular_ligand-gated_io...	2903
GO:0005231	excitatory_extracellular_ligand-gated_io...	2904
GO:0005231	excitatory_extracellular_ligand-gated_io...	2905
GO:0005231	excitatory_extracellular_ligand-gated_io...	2906
GO:0005231	excitatory_extracellular_ligand-gated_io...	5027
GO:0016887	ATPase_activity	10058
GO:0016887	ATPase_activity	10061
GO:0016887	ATPase_activity	10079
GO:0016887	ATPase_activity	10111
GO:0016887	ATPase_activity	10146
GO:0016887	ATPase_activity	10347
GO:0016887	ATPase_activity	10396
GO:0016887	ATPase_activity	10476
GO:0016887	ATPase_activity	10521
GO:0016887	ATPase_activity	1062
GO:0016887	ATPase_activity	10632
GO:0016887	ATPase_activity	10694
GO:0016887	ATPase_activity	10730
GO:0016887	ATPase_activity	10749
GO:0016887	ATPase_activity	1080
GO:0016887	ATPase_activity	10845
GO:0016887	ATPase_activity	10856
GO:0016887	ATPase_activity	10973
GO:0016887	ATPase_activity	11004
GO:0016887	ATPase_activity	1105
GO:0016887	ATPase_activity	1108
GO:0016887	ATPase_activity	11127
GO:0016887	ATPase_activity	11194
GO:0016887	ATPase_activity	113510
GO:0016887	ATPase_activity	122402
GO:0016887	ATPase_activity	140735
GO:0016887	ATPase_activity	146754
GO:0016887	ATPase_activity	154664
GO:0016887	ATPase_activity	1653
GO:0016887	ATPase_activity	1654
GO:0016887	ATPase_activity	1655
GO:0016887	ATPase_activity	1656
GO:0016887	ATPase_activity	1660
GO:0016887	ATPase_activity	1662
GO:0016887	ATPase_activity	1665
GO:0016887	ATPase_activity	1763
GO:0016887	ATPase_activity	1767
GO:0016887	ATPase_activity	1778
GO:0016887	ATPase_activity	1780
GO:0016887	ATPase_activity	1781
GO:0016887	ATPase_activity	19
GO:0016887	ATPase_activity	1973
GO:0016887	ATPase_activity	1974
GO:0016887	ATPase_activity	20
GO:0016887	ATPase_activity	21
GO:0016887	ATPase_activity	215
GO:0016887	ATPase_activity	22
GO:0016887	ATPase_activity	225
GO:0016887	ATPase_activity	22836
GO:0016887	ATPase_activity	22907
GO:0016887	ATPase_activity	22985
GO:0016887	ATPase_activity	23
GO:0016887	ATPase_activity	23020
GO:0016887	ATPase_activity	23046
GO:0016887	ATPase_activity	23078
GO:0016887	ATPase_activity	23095
GO:0016887	ATPase_activity	23195
GO:0016887	ATPase_activity	23250
GO:0016887	ATPase_activity	23303
GO:0016887	ATPase_activity	23347
GO:0016887	ATPase_activity	23460
GO:0016887	ATPase_activity	23499
GO:0016887	ATPase_activity	24137
GO:0016887	ATPase_activity	2547
GO:0016887	ATPase_activity	26154
GO:0016887	ATPase_activity	27032
GO:0016887	ATPase_activity	27183
GO:0016887	ATPase_activity	286410
GO:0016887	ATPase_activity	29028
GO:0016887	ATPase_activity	29789
GO:0016887	ATPase_activity	301
GO:0016887	ATPase_activity	3303
GO:0016887	ATPase_activity	3304
GO:0016887	ATPase_activity	3309
GO:0016887	ATPase_activity	3310
GO:0016887	ATPase_activity	3312
GO:0016887	ATPase_activity	3320
GO:0016887	ATPase_activity	3329
GO:0016887	ATPase_activity	338322
GO:0016887	ATPase_activity	3416
GO:0016887	ATPase_activity	3508
GO:0016887	ATPase_activity	374654
GO:0016887	ATPase_activity	3796
GO:0016887	ATPase_activity	3797
GO:0016887	ATPase_activity	3798
GO:0016887	ATPase_activity	3799
GO:0016887	ATPase_activity	3800
GO:0016887	ATPase_activity	3801
GO:0016887	ATPase_activity	3832
GO:0016887	ATPase_activity	4175
GO:0016887	ATPase_activity	4363
GO:0016887	ATPase_activity	439
GO:0016887	ATPase_activity	4430
GO:0016887	ATPase_activity	4437
GO:0016887	ATPase_activity	4438
GO:0016887	ATPase_activity	4621
GO:0016887	ATPase_activity	4622
GO:0016887	ATPase_activity	4624
GO:0016887	ATPase_activity	4625
GO:0016887	ATPase_activity	4626
GO:0016887	ATPase_activity	4627
GO:0016887	ATPase_activity	4628
GO:0016887	ATPase_activity	4637
GO:0016887	ATPase_activity	4641
GO:0016887	ATPase_activity	4642
GO:0016887	ATPase_activity	4643
GO:0016887	ATPase_activity	4647
GO:0016887	ATPase_activity	4650
GO:0016887	ATPase_activity	4651
GO:0016887	ATPase_activity	476
GO:0016887	ATPase_activity	477
GO:0016887	ATPase_activity	478
GO:0016887	ATPase_activity	479
GO:0016887	ATPase_activity	480
GO:0016887	ATPase_activity	481
GO:0016887	ATPase_activity	482
GO:0016887	ATPase_activity	483
GO:0016887	ATPase_activity	487
GO:0016887	ATPase_activity	488
GO:0016887	ATPase_activity	489
GO:0016887	ATPase_activity	490
GO:0016887	ATPase_activity	4905
GO:0016887	ATPase_activity	491
GO:0016887	ATPase_activity	492
GO:0016887	ATPase_activity	493
GO:0016887	ATPase_activity	495
GO:0016887	ATPase_activity	498
GO:0016887	ATPase_activity	506
GO:0016887	ATPase_activity	509
GO:0016887	ATPase_activity	513
GO:0016887	ATPase_activity	51382
GO:0016887	ATPase_activity	514
GO:0016887	ATPase_activity	51449
GO:0016887	ATPase_activity	515
GO:0016887	ATPase_activity	51606
GO:0016887	ATPase_activity	51761
GO:0016887	ATPase_activity	5205
GO:0016887	ATPase_activity	521
GO:0016887	ATPase_activity	5217
GO:0016887	ATPase_activity	522
GO:0016887	ATPase_activity	523
GO:0016887	ATPase_activity	526
GO:0016887	ATPase_activity	527
GO:0016887	ATPase_activity	528
GO:0016887	ATPase_activity	529
GO:0016887	ATPase_activity	535
GO:0016887	ATPase_activity	537
GO:0016887	ATPase_activity	539
GO:0016887	ATPase_activity	53904
GO:0016887	ATPase_activity	540
GO:0016887	ATPase_activity	54505
GO:0016887	ATPase_activity	546
GO:0016887	ATPase_activity	54617
GO:0016887	ATPase_activity	547
GO:0016887	ATPase_activity	5524
GO:0016887	ATPase_activity	55308
GO:0016887	ATPase_activity	55324
GO:0016887	ATPase_activity	55567
GO:0016887	ATPase_activity	55582
GO:0016887	ATPase_activity	55605
GO:0016887	ATPase_activity	55614
GO:0016887	ATPase_activity	55729
GO:0016887	ATPase_activity	56992
GO:0016887	ATPase_activity	5700
GO:0016887	ATPase_activity	5701
GO:0016887	ATPase_activity	5702
GO:0016887	ATPase_activity	5704
GO:0016887	ATPase_activity	5705
GO:0016887	ATPase_activity	5706
GO:0016887	ATPase_activity	57571
GO:0016887	ATPase_activity	57576
GO:0016887	ATPase_activity	57674
GO:0016887	ATPase_activity	57680
GO:0016887	ATPase_activity	5825
GO:0016887	ATPase_activity	5976
GO:0016887	ATPase_activity	5981
GO:0016887	ATPase_activity	5983
GO:0016887	ATPase_activity	6059
GO:0016887	ATPase_activity	63971
GO:0016887	ATPase_activity	641
GO:0016887	ATPase_activity	64848
GO:0016887	ATPase_activity	6499
GO:0016887	ATPase_activity	6558
GO:0016887	ATPase_activity	6594
GO:0016887	ATPase_activity	6597
GO:0016887	ATPase_activity	6683
GO:0016887	ATPase_activity	6832
GO:0016887	ATPase_activity	6833
GO:0016887	ATPase_activity	70
GO:0016887	ATPase_activity	7153
GO:0016887	ATPase_activity	7155
GO:0016887	ATPase_activity	7415
GO:0016887	ATPase_activity	7486
GO:0016887	ATPase_activity	7520
GO:0016887	ATPase_activity	79075
GO:0016887	ATPase_activity	7919
GO:0016887	ATPase_activity	79572
GO:0016887	ATPase_activity	79659
GO:0016887	ATPase_activity	79784
GO:0016887	ATPase_activity	81570
GO:0016887	ATPase_activity	83473
GO:0016887	ATPase_activity	83752
GO:0016887	ATPase_activity	83990
GO:0016887	ATPase_activity	8467
GO:0016887	ATPase_activity	84896
GO:0016887	ATPase_activity	8607
GO:0016887	ATPase_activity	8647
GO:0016887	ATPase_activity	8653
GO:0016887	ATPase_activity	8655
GO:0016887	ATPase_activity	90423
GO:0016887	ATPase_activity	90957
GO:0016887	ATPase_activity	90990
GO:0016887	ATPase_activity	9114
GO:0016887	ATPase_activity	9296
GO:0016887	ATPase_activity	9361
GO:0016887	ATPase_activity	9371
GO:0016887	ATPase_activity	9401
GO:0016887	ATPase_activity	94160
GO:0016887	ATPase_activity	9493
GO:0016887	ATPase_activity	9525
GO:0016887	ATPase_activity	9550
GO:0016887	ATPase_activity	9551
GO:0016887	ATPase_activity	9585
GO:0016887	ATPase_activity	9619
GO:0016887	ATPase_activity	9775
GO:0016887	ATPase_activity	9861
GO:0003924	GTPase_activity	10059
GO:0003924	GTPase_activity	10376
GO:0003924	GTPase_activity	10381
GO:0003924	GTPase_activity	10382
GO:0003924	GTPase_activity	10383
GO:0003924	GTPase_activity	10672
GO:0003924	GTPase_activity	10681
GO:0003924	GTPase_activity	10767
GO:0003924	GTPase_activity	10801
GO:0003924	GTPase_activity	10890
GO:0003924	GTPase_activity	11020
GO:0003924	GTPase_activity	11021
GO:0003924	GTPase_activity	11031
GO:0003924	GTPase_activity	11159
GO:0003924	GTPase_activity	112714
GO:0003924	GTPase_activity	113457
GO:0003924	GTPase_activity	115827
GO:0003924	GTPase_activity	116442
GO:0003924	GTPase_activity	116986
GO:0003924	GTPase_activity	116987
GO:0003924	GTPase_activity	116988
GO:0003924	GTPase_activity	120892
GO:0003924	GTPase_activity	127829
GO:0003924	GTPase_activity	148252
GO:0003924	GTPase_activity	1654
GO:0003924	GTPase_activity	166785
GO:0003924	GTPase_activity	1759
GO:0003924	GTPase_activity	1785
GO:0003924	GTPase_activity	1915
GO:0003924	GTPase_activity	1917
GO:0003924	GTPase_activity	1938
GO:0003924	GTPase_activity	1968
GO:0003924	GTPase_activity	1983
GO:0003924	GTPase_activity	201475
GO:0003924	GTPase_activity	203068
GO:0003924	GTPase_activity	22800
GO:0003924	GTPase_activity	22808
GO:0003924	GTPase_activity	22836
GO:0003924	GTPase_activity	22931
GO:0003924	GTPase_activity	23011
GO:0003924	GTPase_activity	23221
GO:0003924	GTPase_activity	23433
GO:0003924	GTPase_activity	23560
GO:0003924	GTPase_activity	23708
GO:0003924	GTPase_activity	25837
GO:0003924	GTPase_activity	26052
GO:0003924	GTPase_activity	26354
GO:0003924	GTPase_activity	27175
GO:0003924	GTPase_activity	2767
GO:0003924	GTPase_activity	2768
GO:0003924	GTPase_activity	2770
GO:0003924	GTPase_activity	2771
GO:0003924	GTPase_activity	2773
GO:0003924	GTPase_activity	2774
GO:0003924	GTPase_activity	2775
GO:0003924	GTPase_activity	2776
GO:0003924	GTPase_activity	2778
GO:0003924	GTPase_activity	2780
GO:0003924	GTPase_activity	2781
GO:0003924	GTPase_activity	2782
GO:0003924	GTPase_activity	2783
GO:0003924	GTPase_activity	2784
GO:0003924	GTPase_activity	2785
GO:0003924	GTPase_activity	2794
GO:0003924	GTPase_activity	28512
GO:0003924	GTPase_activity	2909
GO:0003924	GTPase_activity	3265
GO:0003924	GTPase_activity	326624
GO:0003924	GTPase_activity	338322
GO:0003924	GTPase_activity	339122
GO:0003924	GTPase_activity	346562
GO:0003924	GTPase_activity	347688
GO:0003924	GTPase_activity	347733
GO:0003924	GTPase_activity	375
GO:0003924	GTPase_activity	376267
GO:0003924	GTPase_activity	377
GO:0003924	GTPase_activity	378
GO:0003924	GTPase_activity	381
GO:0003924	GTPase_activity	382
GO:0003924	GTPase_activity	3845
GO:0003924	GTPase_activity	387
GO:0003924	GTPase_activity	388
GO:0003924	GTPase_activity	389
GO:0003924	GTPase_activity	391
GO:0003924	GTPase_activity	394
GO:0003924	GTPase_activity	400
GO:0003924	GTPase_activity	402
GO:0003924	GTPase_activity	403
GO:0003924	GTPase_activity	4218
GO:0003924	GTPase_activity	441400
GO:0003924	GTPase_activity	4528
GO:0003924	GTPase_activity	4599
GO:0003924	GTPase_activity	4893
GO:0003924	GTPase_activity	4976
GO:0003924	GTPase_activity	51062
GO:0003924	GTPase_activity	51209
GO:0003924	GTPase_activity	51552
GO:0003924	GTPase_activity	51560
GO:0003924	GTPase_activity	51715
GO:0003924	GTPase_activity	51762
GO:0003924	GTPase_activity	51807
GO:0003924	GTPase_activity	53916
GO:0003924	GTPase_activity	53917
GO:0003924	GTPase_activity	5413
GO:0003924	GTPase_activity	5414
GO:0003924	GTPase_activity	54509
GO:0003924	GTPase_activity	54676
GO:0003924	GTPase_activity	54734
GO:0003924	GTPase_activity	55207
GO:0003924	GTPase_activity	55288
GO:0003924	GTPase_activity	55341
GO:0003924	GTPase_activity	55669
GO:0003924	GTPase_activity	57403
GO:0003924	GTPase_activity	57826
GO:0003924	GTPase_activity	5861
GO:0003924	GTPase_activity	5862
GO:0003924	GTPase_activity	5864
GO:0003924	GTPase_activity	5865
GO:0003924	GTPase_activity	5867
GO:0003924	GTPase_activity	5868
GO:0003924	GTPase_activity	5869
GO:0003924	GTPase_activity	5870
GO:0003924	GTPase_activity	5872
GO:0003924	GTPase_activity	5874
GO:0003924	GTPase_activity	5878
GO:0003924	GTPase_activity	5879
GO:0003924	GTPase_activity	5880
GO:0003924	GTPase_activity	5881
GO:0003924	GTPase_activity	5898
GO:0003924	GTPase_activity	5901
GO:0003924	GTPase_activity	5906
GO:0003924	GTPase_activity	5908
GO:0003924	GTPase_activity	5909
GO:0003924	GTPase_activity	5911
GO:0003924	GTPase_activity	5912
GO:0003924	GTPase_activity	5921
GO:0003924	GTPase_activity	6009
GO:0003924	GTPase_activity	6237
GO:0003924	GTPase_activity	64121
GO:0003924	GTPase_activity	64225
GO:0003924	GTPase_activity	6729
GO:0003924	GTPase_activity	6734
GO:0003924	GTPase_activity	7277
GO:0003924	GTPase_activity	7278
GO:0003924	GTPase_activity	7280
GO:0003924	GTPase_activity	7283
GO:0003924	GTPase_activity	7284
GO:0003924	GTPase_activity	7846
GO:0003924	GTPase_activity	7879
GO:0003924	GTPase_activity	79861
GO:0003924	GTPase_activity	80086
GO:0003924	GTPase_activity	81027
GO:0003924	GTPase_activity	81876
GO:0003924	GTPase_activity	83452
GO:0003924	GTPase_activity	84340
GO:0003924	GTPase_activity	84617
GO:0003924	GTPase_activity	84790
GO:0003924	GTPase_activity	84932
GO:0003924	GTPase_activity	85476
GO:0003924	GTPase_activity	8766
GO:0003924	GTPase_activity	89941
GO:0003924	GTPase_activity	9230
GO:0003924	GTPase_activity	9343
GO:0003924	GTPase_activity	9367
GO:0003924	GTPase_activity	9545
GO:0003924	GTPase_activity	9567
GO:0003924	GTPase_activity	9630
GO:0003924	GTPase_activity	9669
GO:0003924	GTPase_activity	9927
GO:0003924	GTPase_activity	998