#flatfile
GO:0045202	synapse	1000
GO:0045202	synapse	10006
GO:0045202	synapse	10059
GO:0045202	synapse	1006
GO:0045202	synapse	1007
GO:0045202	synapse	10097
GO:0045202	synapse	10109
GO:0045202	synapse	1013
GO:0045202	synapse	10142
GO:0045202	synapse	10160
GO:0045202	synapse	102
GO:0045202	synapse	1020
GO:0045202	synapse	10228
GO:0045202	synapse	10235
GO:0045202	synapse	10236
GO:0045202	synapse	10243
GO:0045202	synapse	10369
GO:0045202	synapse	10439
GO:0045202	synapse	10458
GO:0045202	synapse	10479
GO:0045202	synapse	10486
GO:0045202	synapse	10490
GO:0045202	synapse	10497
GO:0045202	synapse	10564
GO:0045202	synapse	10611
GO:0045202	synapse	10636
GO:0045202	synapse	10755
GO:0045202	synapse	10814
GO:0045202	synapse	10815
GO:0045202	synapse	10857
GO:0045202	synapse	10987
GO:0045202	synapse	11021
GO:0045202	synapse	11141
GO:0045202	synapse	11178
GO:0045202	synapse	112476
GO:0045202	synapse	112755
GO:0045202	synapse	1128
GO:0045202	synapse	1129
GO:0045202	synapse	1131
GO:0045202	synapse	11315
GO:0045202	synapse	11346
GO:0045202	synapse	114088
GO:0045202	synapse	115207
GO:0045202	synapse	115827
GO:0045202	synapse	116443
GO:0045202	synapse	116841
GO:0045202	synapse	1174
GO:0045202	synapse	1182
GO:0045202	synapse	118427
GO:0045202	synapse	119
GO:0045202	synapse	120
GO:0045202	synapse	120892
GO:0045202	synapse	1211
GO:0045202	synapse	1266
GO:0045202	synapse	1268
GO:0045202	synapse	127833
GO:0045202	synapse	1312
GO:0045202	synapse	132204
GO:0045202	synapse	133418
GO:0045202	synapse	133584
GO:0045202	synapse	134957
GO:0045202	synapse	1363
GO:0045202	synapse	140730
GO:0045202	synapse	1410
GO:0045202	synapse	143187
GO:0045202	synapse	143425
GO:0045202	synapse	148281
GO:0045202	synapse	1488
GO:0045202	synapse	1496
GO:0045202	synapse	1499
GO:0045202	synapse	1500
GO:0045202	synapse	1600
GO:0045202	synapse	1605
GO:0045202	synapse	1674
GO:0045202	synapse	1739
GO:0045202	synapse	1740
GO:0045202	synapse	1741
GO:0045202	synapse	1756
GO:0045202	synapse	1759
GO:0045202	synapse	177
GO:0045202	synapse	1785
GO:0045202	synapse	1821
GO:0045202	synapse	1837
GO:0045202	synapse	1838
GO:0045202	synapse	1855
GO:0045202	synapse	1947
GO:0045202	synapse	1956
GO:0045202	synapse	200933
GO:0045202	synapse	2017
GO:0045202	synapse	2035
GO:0045202	synapse	2039
GO:0045202	synapse	2043
GO:0045202	synapse	2045
GO:0045202	synapse	2048
GO:0045202	synapse	2054
GO:0045202	synapse	2059
GO:0045202	synapse	207
GO:0045202	synapse	2185
GO:0045202	synapse	221692
GO:0045202	synapse	221935
GO:0045202	synapse	2263
GO:0045202	synapse	2280
GO:0045202	synapse	22839
GO:0045202	synapse	22848
GO:0045202	synapse	22849
GO:0045202	synapse	22859
GO:0045202	synapse	22866
GO:0045202	synapse	22871
GO:0045202	synapse	22883
GO:0045202	synapse	22895
GO:0045202	synapse	22930
GO:0045202	synapse	22941
GO:0045202	synapse	22987
GO:0045202	synapse	22999
GO:0045202	synapse	23017
GO:0045202	synapse	23024
GO:0045202	synapse	23025
GO:0045202	synapse	23085
GO:0045202	synapse	23098
GO:0045202	synapse	23109
GO:0045202	synapse	23111
GO:0045202	synapse	23136
GO:0045202	synapse	23157
GO:0045202	synapse	23191
GO:0045202	synapse	23208
GO:0045202	synapse	23237
GO:0045202	synapse	23268
GO:0045202	synapse	23312
GO:0045202	synapse	2332
GO:0045202	synapse	23335
GO:0045202	synapse	23345
GO:0045202	synapse	23362
GO:0045202	synapse	23373
GO:0045202	synapse	23380
GO:0045202	synapse	23390
GO:0045202	synapse	23396
GO:0045202	synapse	23426
GO:0045202	synapse	23504
GO:0045202	synapse	23513
GO:0045202	synapse	23542
GO:0045202	synapse	23623
GO:0045202	synapse	23705
GO:0045202	synapse	25
GO:0045202	synapse	2521
GO:0045202	synapse	2534
GO:0045202	synapse	2550
GO:0045202	synapse	2554
GO:0045202	synapse	2555
GO:0045202	synapse	2556
GO:0045202	synapse	2557
GO:0045202	synapse	2560
GO:0045202	synapse	2561
GO:0045202	synapse	2562
GO:0045202	synapse	2571
GO:0045202	synapse	2572
GO:0045202	synapse	2580
GO:0045202	synapse	25837
GO:0045202	synapse	25843
GO:0045202	synapse	25924
GO:0045202	synapse	2596
GO:0045202	synapse	26012
GO:0045202	synapse	26037
GO:0045202	synapse	26045
GO:0045202	synapse	26052
GO:0045202	synapse	26059
GO:0045202	synapse	26232
GO:0045202	synapse	26575
GO:0045202	synapse	26999
GO:0045202	synapse	27020
GO:0045202	synapse	27065
GO:0045202	synapse	273
GO:0045202	synapse	2741
GO:0045202	synapse	2743
GO:0045202	synapse	27445
GO:0045202	synapse	2752
GO:0045202	synapse	2785
GO:0045202	synapse	2805
GO:0045202	synapse	2823
GO:0045202	synapse	286
GO:0045202	synapse	287
GO:0045202	synapse	288
GO:0045202	synapse	2890
GO:0045202	synapse	2891
GO:0045202	synapse	2892
GO:0045202	synapse	2893
GO:0045202	synapse	2895
GO:0045202	synapse	2897
GO:0045202	synapse	2898
GO:0045202	synapse	28988
GO:0045202	synapse	2899
GO:0045202	synapse	2900
GO:0045202	synapse	2901
GO:0045202	synapse	2902
GO:0045202	synapse	2903
GO:0045202	synapse	2904
GO:0045202	synapse	2905
GO:0045202	synapse	2906
GO:0045202	synapse	2911
GO:0045202	synapse	2912
GO:0045202	synapse	2913
GO:0045202	synapse	2915
GO:0045202	synapse	2917
GO:0045202	synapse	2931
GO:0045202	synapse	2932
GO:0045202	synapse	29888
GO:0045202	synapse	29993
GO:0045202	synapse	30011
GO:0045202	synapse	30818
GO:0045202	synapse	3092
GO:0045202	synapse	3208
GO:0045202	synapse	321
GO:0045202	synapse	322
GO:0045202	synapse	326624
GO:0045202	synapse	3312
GO:0045202	synapse	3382
GO:0045202	synapse	351
GO:0045202	synapse	358
GO:0045202	synapse	3611
GO:0045202	synapse	3688
GO:0045202	synapse	3706
GO:0045202	synapse	3708
GO:0045202	synapse	3736
GO:0045202	synapse	3737
GO:0045202	synapse	3742
GO:0045202	synapse	374291
GO:0045202	synapse	3745
GO:0045202	synapse	3747
GO:0045202	synapse	375
GO:0045202	synapse	3751
GO:0045202	synapse	375790
GO:0045202	synapse	3761
GO:0045202	synapse	3766
GO:0045202	synapse	378
GO:0045202	synapse	3781
GO:0045202	synapse	386617
GO:0045202	synapse	387
GO:0045202	synapse	3908
GO:0045202	synapse	3911
GO:0045202	synapse	3913
GO:0045202	synapse	3916
GO:0045202	synapse	392617
GO:0045202	synapse	392862
GO:0045202	synapse	40
GO:0045202	synapse	400745
GO:0045202	synapse	4038
GO:0045202	synapse	4040
GO:0045202	synapse	4067
GO:0045202	synapse	408
GO:0045202	synapse	41
GO:0045202	synapse	4131
GO:0045202	synapse	4133
GO:0045202	synapse	4134
GO:0045202	synapse	4204
GO:0045202	synapse	4208
GO:0045202	synapse	4218
GO:0045202	synapse	43
GO:0045202	synapse	4355
GO:0045202	synapse	4357
GO:0045202	synapse	4627
GO:0045202	synapse	4647
GO:0045202	synapse	4734
GO:0045202	synapse	4744
GO:0045202	synapse	476
GO:0045202	synapse	4763
GO:0045202	synapse	477
GO:0045202	synapse	478
GO:0045202	synapse	4842
GO:0045202	synapse	488
GO:0045202	synapse	4897
GO:0045202	synapse	490
GO:0045202	synapse	4900
GO:0045202	synapse	4905
GO:0045202	synapse	491
GO:0045202	synapse	4915
GO:0045202	synapse	4983
GO:0045202	synapse	5027
GO:0045202	synapse	50488
GO:0045202	synapse	5064
GO:0045202	synapse	50807
GO:0045202	synapse	50944
GO:0045202	synapse	51104
GO:0045202	synapse	51138
GO:0045202	synapse	51248
GO:0045202	synapse	5127
GO:0045202	synapse	5138
GO:0045202	synapse	5142
GO:0045202	synapse	5170
GO:0045202	synapse	51760
GO:0045202	synapse	51762
GO:0045202	synapse	5216
GO:0045202	synapse	5217
GO:0045202	synapse	525
GO:0045202	synapse	5270
GO:0045202	synapse	5332
GO:0045202	synapse	53335
GO:0045202	synapse	5338
GO:0045202	synapse	5413
GO:0045202	synapse	54413
GO:0045202	synapse	54549
GO:0045202	synapse	547
GO:0045202	synapse	54873
GO:0045202	synapse	5501
GO:0045202	synapse	55201
GO:0045202	synapse	5530
GO:0045202	synapse	55327
GO:0045202	synapse	55361
GO:0045202	synapse	5538
GO:0045202	synapse	55450
GO:0045202	synapse	55607
GO:0045202	synapse	55619
GO:0045202	synapse	5566
GO:0045202	synapse	5573
GO:0045202	synapse	55737
GO:0045202	synapse	55738
GO:0045202	synapse	55740
GO:0045202	synapse	55752
GO:0045202	synapse	5577
GO:0045202	synapse	5582
GO:0045202	synapse	55964
GO:0045202	synapse	5621
GO:0045202	synapse	5662
GO:0045202	synapse	5663
GO:0045202	synapse	5684
GO:0045202	synapse	56850
GO:0045202	synapse	5688
GO:0045202	synapse	56899
GO:0045202	synapse	56947
GO:0045202	synapse	5704
GO:0045202	synapse	5705
GO:0045202	synapse	57084
GO:0045202	synapse	57120
GO:0045202	synapse	57142
GO:0045202	synapse	5728
GO:0045202	synapse	57453
GO:0045202	synapse	57497
GO:0045202	synapse	575
GO:0045202	synapse	57502
GO:0045202	synapse	57554
GO:0045202	synapse	57555
GO:0045202	synapse	57622
GO:0045202	synapse	5764
GO:0045202	synapse	57657
GO:0045202	synapse	57679
GO:0045202	synapse	57689
GO:0045202	synapse	577
GO:0045202	synapse	57706
GO:0045202	synapse	5798
GO:0045202	synapse	5799
GO:0045202	synapse	5802
GO:0045202	synapse	5818
GO:0045202	synapse	58512
GO:0045202	synapse	5864
GO:0045202	synapse	5865
GO:0045202	synapse	5867
GO:0045202	synapse	5868
GO:0045202	synapse	5869
GO:0045202	synapse	5874
GO:0045202	synapse	5879
GO:0045202	synapse	6002
GO:0045202	synapse	60412
GO:0045202	synapse	613
GO:0045202	synapse	6198
GO:0045202	synapse	64101
GO:0045202	synapse	64130
GO:0045202	synapse	645
GO:0045202	synapse	6453
GO:0045202	synapse	6455
GO:0045202	synapse	6456
GO:0045202	synapse	6531
GO:0045202	synapse	6536
GO:0045202	synapse	6546
GO:0045202	synapse	6616
GO:0045202	synapse	6620
GO:0045202	synapse	6622
GO:0045202	synapse	664
GO:0045202	synapse	6640
GO:0045202	synapse	6641
GO:0045202	synapse	6645
GO:0045202	synapse	6654
GO:0045202	synapse	6711
GO:0045202	synapse	6714
GO:0045202	synapse	6717
GO:0045202	synapse	6792
GO:0045202	synapse	6801
GO:0045202	synapse	6804
GO:0045202	synapse	6810
GO:0045202	synapse	6812
GO:0045202	synapse	6833
GO:0045202	synapse	6843
GO:0045202	synapse	6844
GO:0045202	synapse	6845
GO:0045202	synapse	6853
GO:0045202	synapse	6854
GO:0045202	synapse	6855
GO:0045202	synapse	6857
GO:0045202	synapse	6861
GO:0045202	synapse	6900
GO:0045202	synapse	7074
GO:0045202	synapse	721
GO:0045202	synapse	7402
GO:0045202	synapse	7416
GO:0045202	synapse	7417
GO:0045202	synapse	747
GO:0045202	synapse	774
GO:0045202	synapse	775
GO:0045202	synapse	7781
GO:0045202	synapse	7879
GO:0045202	synapse	790
GO:0045202	synapse	793
GO:0045202	synapse	794
GO:0045202	synapse	79414
GO:0045202	synapse	801
GO:0045202	synapse	80331
GO:0045202	synapse	80725
GO:0045202	synapse	808
GO:0045202	synapse	8087
GO:0045202	synapse	815
GO:0045202	synapse	81565
GO:0045202	synapse	818
GO:0045202	synapse	81831
GO:0045202	synapse	81832
GO:0045202	synapse	821
GO:0045202	synapse	8224
GO:0045202	synapse	8301
GO:0045202	synapse	83660
GO:0045202	synapse	83992
GO:0045202	synapse	8411
GO:0045202	synapse	84258
GO:0045202	synapse	8440
GO:0045202	synapse	84446
GO:0045202	synapse	8447
GO:0045202	synapse	8448
GO:0045202	synapse	84687
GO:0045202	synapse	84896
GO:0045202	synapse	84932
GO:0045202	synapse	8497
GO:0045202	synapse	8499
GO:0045202	synapse	8500
GO:0045202	synapse	8502
GO:0045202	synapse	8508
GO:0045202	synapse	8514
GO:0045202	synapse	85300
GO:0045202	synapse	85358
GO:0045202	synapse	8541
GO:0045202	synapse	85439
GO:0045202	synapse	85445
GO:0045202	synapse	85461
GO:0045202	synapse	8573
GO:0045202	synapse	8618
GO:0045202	synapse	8633
GO:0045202	synapse	8674
GO:0045202	synapse	8766
GO:0045202	synapse	8773
GO:0045202	synapse	8775
GO:0045202	synapse	8777
GO:0045202	synapse	88
GO:0045202	synapse	8825
GO:0045202	synapse	8831
GO:0045202	synapse	8851
GO:0045202	synapse	8867
GO:0045202	synapse	8898
GO:0045202	synapse	8927
GO:0045202	synapse	8936
GO:0045202	synapse	8938
GO:0045202	synapse	8943
GO:0045202	synapse	8997
GO:0045202	synapse	9001
GO:0045202	synapse	9026
GO:0045202	synapse	9066
GO:0045202	synapse	9093
GO:0045202	synapse	9097
GO:0045202	synapse	9101
GO:0045202	synapse	9114
GO:0045202	synapse	9145
GO:0045202	synapse	9162
GO:0045202	synapse	91683
GO:0045202	synapse	9181
GO:0045202	synapse	9201
GO:0045202	synapse	9211
GO:0045202	synapse	9228
GO:0045202	synapse	9229
GO:0045202	synapse	9230
GO:0045202	synapse	9231
GO:0045202	synapse	9256
GO:0045202	synapse	93145
GO:0045202	synapse	9341
GO:0045202	synapse	9342
GO:0045202	synapse	93664
GO:0045202	synapse	9373
GO:0045202	synapse	9378
GO:0045202	synapse	9379
GO:0045202	synapse	94030
GO:0045202	synapse	94121
GO:0045202	synapse	9454
GO:0045202	synapse	9455
GO:0045202	synapse	9456
GO:0045202	synapse	9463
GO:0045202	synapse	9478
GO:0045202	synapse	9479
GO:0045202	synapse	9497
GO:0045202	synapse	9522
GO:0045202	synapse	9568
GO:0045202	synapse	9693
GO:0045202	synapse	9699
GO:0045202	synapse	9743
GO:0045202	synapse	9746
GO:0045202	synapse	9758
GO:0045202	synapse	9759
GO:0045202	synapse	9762
GO:0045202	synapse	9810
GO:0045202	synapse	9829
GO:0045202	synapse	9863
GO:0045202	synapse	9899
GO:0045202	synapse	9900
GO:0045202	synapse	9912
GO:0045202	synapse	998
GO:0098794	postsynapse	1000
GO:0098794	postsynapse	10006
GO:0098794	postsynapse	1007
GO:0098794	postsynapse	10097
GO:0098794	postsynapse	10160
GO:0098794	postsynapse	102
GO:0098794	postsynapse	1020
GO:0098794	postsynapse	10243
GO:0098794	postsynapse	10369
GO:0098794	postsynapse	10458
GO:0098794	postsynapse	10486
GO:0098794	postsynapse	10564
GO:0098794	postsynapse	10611
GO:0098794	postsynapse	10636
GO:0098794	postsynapse	10755
GO:0098794	postsynapse	11141
GO:0098794	postsynapse	11178
GO:0098794	postsynapse	1128
GO:0098794	postsynapse	1129
GO:0098794	postsynapse	1131
GO:0098794	postsynapse	11346
GO:0098794	postsynapse	115207
GO:0098794	postsynapse	116443
GO:0098794	postsynapse	119
GO:0098794	postsynapse	120
GO:0098794	postsynapse	120892
GO:0098794	postsynapse	1266
GO:0098794	postsynapse	1312
GO:0098794	postsynapse	1410
GO:0098794	postsynapse	1496
GO:0098794	postsynapse	1500
GO:0098794	postsynapse	1600
GO:0098794	postsynapse	1605
GO:0098794	postsynapse	1739
GO:0098794	postsynapse	1740
GO:0098794	postsynapse	1741
GO:0098794	postsynapse	1756
GO:0098794	postsynapse	177
GO:0098794	postsynapse	1785
GO:0098794	postsynapse	1821
GO:0098794	postsynapse	1855
GO:0098794	postsynapse	200933
GO:0098794	postsynapse	2017
GO:0098794	postsynapse	2035
GO:0098794	postsynapse	2039
GO:0098794	postsynapse	2043
GO:0098794	postsynapse	2045
GO:0098794	postsynapse	2048
GO:0098794	postsynapse	2059
GO:0098794	postsynapse	207
GO:0098794	postsynapse	2185
GO:0098794	postsynapse	22849
GO:0098794	postsynapse	22866
GO:0098794	postsynapse	22871
GO:0098794	postsynapse	22883
GO:0098794	postsynapse	22930
GO:0098794	postsynapse	22941
GO:0098794	postsynapse	23017
GO:0098794	postsynapse	23109
GO:0098794	postsynapse	23136
GO:0098794	postsynapse	23191
GO:0098794	postsynapse	23208
GO:0098794	postsynapse	23237
GO:0098794	postsynapse	2332
GO:0098794	postsynapse	23345
GO:0098794	postsynapse	23362
GO:0098794	postsynapse	23380
GO:0098794	postsynapse	23426
GO:0098794	postsynapse	23513
GO:0098794	postsynapse	23542
GO:0098794	postsynapse	23623
GO:0098794	postsynapse	25
GO:0098794	postsynapse	2521
GO:0098794	postsynapse	2534
GO:0098794	postsynapse	2550
GO:0098794	postsynapse	2554
GO:0098794	postsynapse	2555
GO:0098794	postsynapse	2556
GO:0098794	postsynapse	2557
GO:0098794	postsynapse	2560
GO:0098794	postsynapse	2561
GO:0098794	postsynapse	2562
GO:0098794	postsynapse	25843
GO:0098794	postsynapse	2596
GO:0098794	postsynapse	26012
GO:0098794	postsynapse	26037
GO:0098794	postsynapse	26045
GO:0098794	postsynapse	26052
GO:0098794	postsynapse	26232
GO:0098794	postsynapse	27020
GO:0098794	postsynapse	27065
GO:0098794	postsynapse	2741
GO:0098794	postsynapse	2743
GO:0098794	postsynapse	27445
GO:0098794	postsynapse	2785
GO:0098794	postsynapse	2823
GO:0098794	postsynapse	286
GO:0098794	postsynapse	287
GO:0098794	postsynapse	288
GO:0098794	postsynapse	2890
GO:0098794	postsynapse	2891
GO:0098794	postsynapse	2892
GO:0098794	postsynapse	2893
GO:0098794	postsynapse	2895
GO:0098794	postsynapse	2897
GO:0098794	postsynapse	2898
GO:0098794	postsynapse	28988
GO:0098794	postsynapse	2899
GO:0098794	postsynapse	2900
GO:0098794	postsynapse	2901
GO:0098794	postsynapse	2902
GO:0098794	postsynapse	2903
GO:0098794	postsynapse	2904
GO:0098794	postsynapse	2905
GO:0098794	postsynapse	2906
GO:0098794	postsynapse	2911
GO:0098794	postsynapse	2913
GO:0098794	postsynapse	2915
GO:0098794	postsynapse	2917
GO:0098794	postsynapse	2931
GO:0098794	postsynapse	2932
GO:0098794	postsynapse	29888
GO:0098794	postsynapse	3092
GO:0098794	postsynapse	3208
GO:0098794	postsynapse	322
GO:0098794	postsynapse	351
GO:0098794	postsynapse	3688
GO:0098794	postsynapse	3706
GO:0098794	postsynapse	3708
GO:0098794	postsynapse	3745
GO:0098794	postsynapse	3747
GO:0098794	postsynapse	375
GO:0098794	postsynapse	3751
GO:0098794	postsynapse	3761
GO:0098794	postsynapse	378
GO:0098794	postsynapse	3781
GO:0098794	postsynapse	386617
GO:0098794	postsynapse	387
GO:0098794	postsynapse	3908
GO:0098794	postsynapse	392862
GO:0098794	postsynapse	40
GO:0098794	postsynapse	400745
GO:0098794	postsynapse	4038
GO:0098794	postsynapse	4067
GO:0098794	postsynapse	408
GO:0098794	postsynapse	4131
GO:0098794	postsynapse	4133
GO:0098794	postsynapse	4134
GO:0098794	postsynapse	4204
GO:0098794	postsynapse	4208
GO:0098794	postsynapse	4218
GO:0098794	postsynapse	4355
GO:0098794	postsynapse	4734
GO:0098794	postsynapse	4744
GO:0098794	postsynapse	476
GO:0098794	postsynapse	477
GO:0098794	postsynapse	478
GO:0098794	postsynapse	4842
GO:0098794	postsynapse	490
GO:0098794	postsynapse	4900
GO:0098794	postsynapse	4905
GO:0098794	postsynapse	4915
GO:0098794	postsynapse	4983
GO:0098794	postsynapse	5027
GO:0098794	postsynapse	50488
GO:0098794	postsynapse	5064
GO:0098794	postsynapse	50807
GO:0098794	postsynapse	50944
GO:0098794	postsynapse	51104
GO:0098794	postsynapse	5142
GO:0098794	postsynapse	5170
GO:0098794	postsynapse	5332
GO:0098794	postsynapse	53335
GO:0098794	postsynapse	54413
GO:0098794	postsynapse	547
GO:0098794	postsynapse	54873
GO:0098794	postsynapse	5501
GO:0098794	postsynapse	5530
GO:0098794	postsynapse	55327
GO:0098794	postsynapse	55450
GO:0098794	postsynapse	55607
GO:0098794	postsynapse	55619
GO:0098794	postsynapse	5566
GO:0098794	postsynapse	55737
GO:0098794	postsynapse	55738
GO:0098794	postsynapse	55752
GO:0098794	postsynapse	5577
GO:0098794	postsynapse	5582
GO:0098794	postsynapse	5621
GO:0098794	postsynapse	5662
GO:0098794	postsynapse	56850
GO:0098794	postsynapse	5688
GO:0098794	postsynapse	56899
GO:0098794	postsynapse	5705
GO:0098794	postsynapse	57120
GO:0098794	postsynapse	57142
GO:0098794	postsynapse	5728
GO:0098794	postsynapse	57497
GO:0098794	postsynapse	575
GO:0098794	postsynapse	57502
GO:0098794	postsynapse	57554
GO:0098794	postsynapse	57555
GO:0098794	postsynapse	57622
GO:0098794	postsynapse	57679
GO:0098794	postsynapse	57689
GO:0098794	postsynapse	577
GO:0098794	postsynapse	5802
GO:0098794	postsynapse	58512
GO:0098794	postsynapse	5867
GO:0098794	postsynapse	5879
GO:0098794	postsynapse	613
GO:0098794	postsynapse	64101
GO:0098794	postsynapse	64130
GO:0098794	postsynapse	6546
GO:0098794	postsynapse	6616
GO:0098794	postsynapse	6622
GO:0098794	postsynapse	664
GO:0098794	postsynapse	6654
GO:0098794	postsynapse	6711
GO:0098794	postsynapse	6714
GO:0098794	postsynapse	6717
GO:0098794	postsynapse	6801
GO:0098794	postsynapse	6804
GO:0098794	postsynapse	6810
GO:0098794	postsynapse	6812
GO:0098794	postsynapse	6853
GO:0098794	postsynapse	7074
GO:0098794	postsynapse	7402
GO:0098794	postsynapse	747
GO:0098794	postsynapse	775
GO:0098794	postsynapse	793
GO:0098794	postsynapse	79414
GO:0098794	postsynapse	801
GO:0098794	postsynapse	80725
GO:0098794	postsynapse	808
GO:0098794	postsynapse	8087
GO:0098794	postsynapse	815
GO:0098794	postsynapse	818
GO:0098794	postsynapse	81831
GO:0098794	postsynapse	81832
GO:0098794	postsynapse	821
GO:0098794	postsynapse	8224
GO:0098794	postsynapse	8301
GO:0098794	postsynapse	83992
GO:0098794	postsynapse	8440
GO:0098794	postsynapse	84687
GO:0098794	postsynapse	84896
GO:0098794	postsynapse	8502
GO:0098794	postsynapse	8514
GO:0098794	postsynapse	85358
GO:0098794	postsynapse	85461
GO:0098794	postsynapse	8766
GO:0098794	postsynapse	8777
GO:0098794	postsynapse	88
GO:0098794	postsynapse	8825
GO:0098794	postsynapse	8831
GO:0098794	postsynapse	8851
GO:0098794	postsynapse	8898
GO:0098794	postsynapse	8927
GO:0098794	postsynapse	8997
GO:0098794	postsynapse	9026
GO:0098794	postsynapse	9093
GO:0098794	postsynapse	9101
GO:0098794	postsynapse	9162
GO:0098794	postsynapse	9181
GO:0098794	postsynapse	9201
GO:0098794	postsynapse	9228
GO:0098794	postsynapse	9229
GO:0098794	postsynapse	9231
GO:0098794	postsynapse	93664
GO:0098794	postsynapse	9454
GO:0098794	postsynapse	9455
GO:0098794	postsynapse	9456
GO:0098794	postsynapse	9463
GO:0098794	postsynapse	9478
GO:0098794	postsynapse	9568
GO:0098794	postsynapse	9743
GO:0098794	postsynapse	9746
GO:0098794	postsynapse	9758
GO:0098794	postsynapse	9762
GO:0098794	postsynapse	9829
GO:0098794	postsynapse	9863
GO:0098794	postsynapse	9912
GO:0098794	postsynapse	998
GO:0014069	postsynaptic_density	1000
GO:0014069	postsynaptic_density	10006
GO:0014069	postsynaptic_density	10097
GO:0014069	postsynaptic_density	102
GO:0014069	postsynaptic_density	1020
GO:0014069	postsynaptic_density	10369
GO:0014069	postsynaptic_density	10458
GO:0014069	postsynaptic_density	10486
GO:0014069	postsynaptic_density	10611
GO:0014069	postsynaptic_density	10636
GO:0014069	postsynaptic_density	11178
GO:0014069	postsynaptic_density	1128
GO:0014069	postsynaptic_density	11346
GO:0014069	postsynaptic_density	116443
GO:0014069	postsynaptic_density	119
GO:0014069	postsynaptic_density	120
GO:0014069	postsynaptic_density	1266
GO:0014069	postsynaptic_density	1410
GO:0014069	postsynaptic_density	1496
GO:0014069	postsynaptic_density	1600
GO:0014069	postsynaptic_density	1739
GO:0014069	postsynaptic_density	1740
GO:0014069	postsynaptic_density	1741
GO:0014069	postsynaptic_density	1785
GO:0014069	postsynaptic_density	1821
GO:0014069	postsynaptic_density	1855
GO:0014069	postsynaptic_density	200933
GO:0014069	postsynaptic_density	2035
GO:0014069	postsynaptic_density	2039
GO:0014069	postsynaptic_density	2043
GO:0014069	postsynaptic_density	2059
GO:0014069	postsynaptic_density	2185
GO:0014069	postsynaptic_density	22849
GO:0014069	postsynaptic_density	22866
GO:0014069	postsynaptic_density	22871
GO:0014069	postsynaptic_density	22883
GO:0014069	postsynaptic_density	22941
GO:0014069	postsynaptic_density	23136
GO:0014069	postsynaptic_density	23208
GO:0014069	postsynaptic_density	23237
GO:0014069	postsynaptic_density	2332
GO:0014069	postsynaptic_density	23362
GO:0014069	postsynaptic_density	23380
GO:0014069	postsynaptic_density	23513
GO:0014069	postsynaptic_density	23542
GO:0014069	postsynaptic_density	23623
GO:0014069	postsynaptic_density	2534
GO:0014069	postsynaptic_density	2596
GO:0014069	postsynaptic_density	26012
GO:0014069	postsynaptic_density	26037
GO:0014069	postsynaptic_density	26052
GO:0014069	postsynaptic_density	27020
GO:0014069	postsynaptic_density	27445
GO:0014069	postsynaptic_density	2785
GO:0014069	postsynaptic_density	2890
GO:0014069	postsynaptic_density	2898
GO:0014069	postsynaptic_density	28988
GO:0014069	postsynaptic_density	2901
GO:0014069	postsynaptic_density	2902
GO:0014069	postsynaptic_density	2903
GO:0014069	postsynaptic_density	2904
GO:0014069	postsynaptic_density	2905
GO:0014069	postsynaptic_density	2911
GO:0014069	postsynaptic_density	2913
GO:0014069	postsynaptic_density	2915
GO:0014069	postsynaptic_density	3708
GO:0014069	postsynaptic_density	375
GO:0014069	postsynaptic_density	400745
GO:0014069	postsynaptic_density	4038
GO:0014069	postsynaptic_density	4067
GO:0014069	postsynaptic_density	408
GO:0014069	postsynaptic_density	4131
GO:0014069	postsynaptic_density	4133
GO:0014069	postsynaptic_density	4134
GO:0014069	postsynaptic_density	4218
GO:0014069	postsynaptic_density	4355
GO:0014069	postsynaptic_density	4744
GO:0014069	postsynaptic_density	476
GO:0014069	postsynaptic_density	4900
GO:0014069	postsynaptic_density	4905
GO:0014069	postsynaptic_density	4915
GO:0014069	postsynaptic_density	50488
GO:0014069	postsynaptic_density	5064
GO:0014069	postsynaptic_density	50944
GO:0014069	postsynaptic_density	51104
GO:0014069	postsynaptic_density	5142
GO:0014069	postsynaptic_density	5170
GO:0014069	postsynaptic_density	5332
GO:0014069	postsynaptic_density	53335
GO:0014069	postsynaptic_density	55327
GO:0014069	postsynaptic_density	55450
GO:0014069	postsynaptic_density	55607
GO:0014069	postsynaptic_density	55737
GO:0014069	postsynaptic_density	55738
GO:0014069	postsynaptic_density	5582
GO:0014069	postsynaptic_density	5621
GO:0014069	postsynaptic_density	5662
GO:0014069	postsynaptic_density	56899
GO:0014069	postsynaptic_density	57120
GO:0014069	postsynaptic_density	57142
GO:0014069	postsynaptic_density	575
GO:0014069	postsynaptic_density	57502
GO:0014069	postsynaptic_density	57554
GO:0014069	postsynaptic_density	57622
GO:0014069	postsynaptic_density	57679
GO:0014069	postsynaptic_density	5802
GO:0014069	postsynaptic_density	58512
GO:0014069	postsynaptic_density	613
GO:0014069	postsynaptic_density	64130
GO:0014069	postsynaptic_density	664
GO:0014069	postsynaptic_density	6654
GO:0014069	postsynaptic_density	6711
GO:0014069	postsynaptic_density	6714
GO:0014069	postsynaptic_density	6801
GO:0014069	postsynaptic_density	6804
GO:0014069	postsynaptic_density	6853
GO:0014069	postsynaptic_density	7074
GO:0014069	postsynaptic_density	775
GO:0014069	postsynaptic_density	801
GO:0014069	postsynaptic_density	80725
GO:0014069	postsynaptic_density	808
GO:0014069	postsynaptic_density	815
GO:0014069	postsynaptic_density	818
GO:0014069	postsynaptic_density	81831
GO:0014069	postsynaptic_density	81832
GO:0014069	postsynaptic_density	8224
GO:0014069	postsynaptic_density	8440
GO:0014069	postsynaptic_density	8502
GO:0014069	postsynaptic_density	8514
GO:0014069	postsynaptic_density	85358
GO:0014069	postsynaptic_density	85461
GO:0014069	postsynaptic_density	8777
GO:0014069	postsynaptic_density	8825
GO:0014069	postsynaptic_density	8831
GO:0014069	postsynaptic_density	8851
GO:0014069	postsynaptic_density	8898
GO:0014069	postsynaptic_density	8927
GO:0014069	postsynaptic_density	8997
GO:0014069	postsynaptic_density	9026
GO:0014069	postsynaptic_density	9101
GO:0014069	postsynaptic_density	9162
GO:0014069	postsynaptic_density	9181
GO:0014069	postsynaptic_density	9201
GO:0014069	postsynaptic_density	9228
GO:0014069	postsynaptic_density	9229
GO:0014069	postsynaptic_density	9231
GO:0014069	postsynaptic_density	9454
GO:0014069	postsynaptic_density	9455
GO:0014069	postsynaptic_density	9456
GO:0014069	postsynaptic_density	9463
GO:0014069	postsynaptic_density	9478
GO:0014069	postsynaptic_density	9743
GO:0014069	postsynaptic_density	9746
GO:0014069	postsynaptic_density	9762
GO:0014069	postsynaptic_density	9829
GO:0014069	postsynaptic_density	9863
GO:0099572	postsynaptic_specialization	1000
GO:0099572	postsynaptic_specialization	10006
GO:0099572	postsynaptic_specialization	10097
GO:0099572	postsynaptic_specialization	102
GO:0099572	postsynaptic_specialization	1020
GO:0099572	postsynaptic_specialization	10369
GO:0099572	postsynaptic_specialization	10458
GO:0099572	postsynaptic_specialization	10486
GO:0099572	postsynaptic_specialization	10611
GO:0099572	postsynaptic_specialization	10636
GO:0099572	postsynaptic_specialization	11178
GO:0099572	postsynaptic_specialization	1128
GO:0099572	postsynaptic_specialization	11346
GO:0099572	postsynaptic_specialization	116443
GO:0099572	postsynaptic_specialization	119
GO:0099572	postsynaptic_specialization	120
GO:0099572	postsynaptic_specialization	1266
GO:0099572	postsynaptic_specialization	1410
GO:0099572	postsynaptic_specialization	1496
GO:0099572	postsynaptic_specialization	1600
GO:0099572	postsynaptic_specialization	1739
GO:0099572	postsynaptic_specialization	1740
GO:0099572	postsynaptic_specialization	1741
GO:0099572	postsynaptic_specialization	1785
GO:0099572	postsynaptic_specialization	1821
GO:0099572	postsynaptic_specialization	1855
GO:0099572	postsynaptic_specialization	200933
GO:0099572	postsynaptic_specialization	2035
GO:0099572	postsynaptic_specialization	2039
GO:0099572	postsynaptic_specialization	2043
GO:0099572	postsynaptic_specialization	2059
GO:0099572	postsynaptic_specialization	2185
GO:0099572	postsynaptic_specialization	22849
GO:0099572	postsynaptic_specialization	22866
GO:0099572	postsynaptic_specialization	22871
GO:0099572	postsynaptic_specialization	22883
GO:0099572	postsynaptic_specialization	22941
GO:0099572	postsynaptic_specialization	23136
GO:0099572	postsynaptic_specialization	23208
GO:0099572	postsynaptic_specialization	23237
GO:0099572	postsynaptic_specialization	2332
GO:0099572	postsynaptic_specialization	23362
GO:0099572	postsynaptic_specialization	23380
GO:0099572	postsynaptic_specialization	23513
GO:0099572	postsynaptic_specialization	23542
GO:0099572	postsynaptic_specialization	23623
GO:0099572	postsynaptic_specialization	2534
GO:0099572	postsynaptic_specialization	2596
GO:0099572	postsynaptic_specialization	26012
GO:0099572	postsynaptic_specialization	26037
GO:0099572	postsynaptic_specialization	26052
GO:0099572	postsynaptic_specialization	27020
GO:0099572	postsynaptic_specialization	27445
GO:0099572	postsynaptic_specialization	2785
GO:0099572	postsynaptic_specialization	2890
GO:0099572	postsynaptic_specialization	2898
GO:0099572	postsynaptic_specialization	28988
GO:0099572	postsynaptic_specialization	2901
GO:0099572	postsynaptic_specialization	2902
GO:0099572	postsynaptic_specialization	2903
GO:0099572	postsynaptic_specialization	2904
GO:0099572	postsynaptic_specialization	2905
GO:0099572	postsynaptic_specialization	2911
GO:0099572	postsynaptic_specialization	2913
GO:0099572	postsynaptic_specialization	2915
GO:0099572	postsynaptic_specialization	3708
GO:0099572	postsynaptic_specialization	375
GO:0099572	postsynaptic_specialization	400745
GO:0099572	postsynaptic_specialization	4038
GO:0099572	postsynaptic_specialization	4067
GO:0099572	postsynaptic_specialization	408
GO:0099572	postsynaptic_specialization	4131
GO:0099572	postsynaptic_specialization	4133
GO:0099572	postsynaptic_specialization	4134
GO:0099572	postsynaptic_specialization	4218
GO:0099572	postsynaptic_specialization	4355
GO:0099572	postsynaptic_specialization	4744
GO:0099572	postsynaptic_specialization	476
GO:0099572	postsynaptic_specialization	4900
GO:0099572	postsynaptic_specialization	4905
GO:0099572	postsynaptic_specialization	4915
GO:0099572	postsynaptic_specialization	50488
GO:0099572	postsynaptic_specialization	5064
GO:0099572	postsynaptic_specialization	50944
GO:0099572	postsynaptic_specialization	51104
GO:0099572	postsynaptic_specialization	5142
GO:0099572	postsynaptic_specialization	5170
GO:0099572	postsynaptic_specialization	5332
GO:0099572	postsynaptic_specialization	53335
GO:0099572	postsynaptic_specialization	55327
GO:0099572	postsynaptic_specialization	55450
GO:0099572	postsynaptic_specialization	55607
GO:0099572	postsynaptic_specialization	55737
GO:0099572	postsynaptic_specialization	55738
GO:0099572	postsynaptic_specialization	5582
GO:0099572	postsynaptic_specialization	5621
GO:0099572	postsynaptic_specialization	5662
GO:0099572	postsynaptic_specialization	56899
GO:0099572	postsynaptic_specialization	57120
GO:0099572	postsynaptic_specialization	57142
GO:0099572	postsynaptic_specialization	575
GO:0099572	postsynaptic_specialization	57502
GO:0099572	postsynaptic_specialization	57554
GO:0099572	postsynaptic_specialization	57622
GO:0099572	postsynaptic_specialization	57679
GO:0099572	postsynaptic_specialization	5802
GO:0099572	postsynaptic_specialization	58512
GO:0099572	postsynaptic_specialization	613
GO:0099572	postsynaptic_specialization	64130
GO:0099572	postsynaptic_specialization	664
GO:0099572	postsynaptic_specialization	6654
GO:0099572	postsynaptic_specialization	6711
GO:0099572	postsynaptic_specialization	6714
GO:0099572	postsynaptic_specialization	6801
GO:0099572	postsynaptic_specialization	6804
GO:0099572	postsynaptic_specialization	6853
GO:0099572	postsynaptic_specialization	7074
GO:0099572	postsynaptic_specialization	775
GO:0099572	postsynaptic_specialization	801
GO:0099572	postsynaptic_specialization	80725
GO:0099572	postsynaptic_specialization	808
GO:0099572	postsynaptic_specialization	815
GO:0099572	postsynaptic_specialization	818
GO:0099572	postsynaptic_specialization	81831
GO:0099572	postsynaptic_specialization	81832
GO:0099572	postsynaptic_specialization	8224
GO:0099572	postsynaptic_specialization	8440
GO:0099572	postsynaptic_specialization	8502
GO:0099572	postsynaptic_specialization	8514
GO:0099572	postsynaptic_specialization	85358
GO:0099572	postsynaptic_specialization	85461
GO:0099572	postsynaptic_specialization	8777
GO:0099572	postsynaptic_specialization	8825
GO:0099572	postsynaptic_specialization	8831
GO:0099572	postsynaptic_specialization	8851
GO:0099572	postsynaptic_specialization	8898
GO:0099572	postsynaptic_specialization	8927
GO:0099572	postsynaptic_specialization	8997
GO:0099572	postsynaptic_specialization	9026
GO:0099572	postsynaptic_specialization	9101
GO:0099572	postsynaptic_specialization	9162
GO:0099572	postsynaptic_specialization	9181
GO:0099572	postsynaptic_specialization	9201
GO:0099572	postsynaptic_specialization	9228
GO:0099572	postsynaptic_specialization	9229
GO:0099572	postsynaptic_specialization	9231
GO:0099572	postsynaptic_specialization	9454
GO:0099572	postsynaptic_specialization	9455
GO:0099572	postsynaptic_specialization	9456
GO:0099572	postsynaptic_specialization	9463
GO:0099572	postsynaptic_specialization	9478
GO:0099572	postsynaptic_specialization	9743
GO:0099572	postsynaptic_specialization	9746
GO:0099572	postsynaptic_specialization	9762
GO:0099572	postsynaptic_specialization	9829
GO:0099572	postsynaptic_specialization	9863
GO:0043197	dendritic_spine	10160
GO:0043197	dendritic_spine	10458
GO:0043197	dendritic_spine	10564
GO:0043197	dendritic_spine	10636
GO:0043197	dendritic_spine	10755
GO:0043197	dendritic_spine	11178
GO:0043197	dendritic_spine	11346
GO:0043197	dendritic_spine	1266
GO:0043197	dendritic_spine	1312
GO:0043197	dendritic_spine	1410
GO:0043197	dendritic_spine	1500
GO:0043197	dendritic_spine	1855
GO:0043197	dendritic_spine	2017
GO:0043197	dendritic_spine	2043
GO:0043197	dendritic_spine	2185
GO:0043197	dendritic_spine	22871
GO:0043197	dendritic_spine	22941
GO:0043197	dendritic_spine	23109
GO:0043197	dendritic_spine	23191
GO:0043197	dendritic_spine	23208
GO:0043197	dendritic_spine	23237
GO:0043197	dendritic_spine	2332
GO:0043197	dendritic_spine	23380
GO:0043197	dendritic_spine	2521
GO:0043197	dendritic_spine	25843
GO:0043197	dendritic_spine	26037
GO:0043197	dendritic_spine	26052
GO:0043197	dendritic_spine	26232
GO:0043197	dendritic_spine	2823
GO:0043197	dendritic_spine	2890
GO:0043197	dendritic_spine	2891
GO:0043197	dendritic_spine	2893
GO:0043197	dendritic_spine	2895
GO:0043197	dendritic_spine	2902
GO:0043197	dendritic_spine	2913
GO:0043197	dendritic_spine	29888
GO:0043197	dendritic_spine	3208
GO:0043197	dendritic_spine	322
GO:0043197	dendritic_spine	351
GO:0043197	dendritic_spine	3688
GO:0043197	dendritic_spine	3706
GO:0043197	dendritic_spine	3751
GO:0043197	dendritic_spine	378
GO:0043197	dendritic_spine	3781
GO:0043197	dendritic_spine	387
GO:0043197	dendritic_spine	3908
GO:0043197	dendritic_spine	392862
GO:0043197	dendritic_spine	40
GO:0043197	dendritic_spine	408
GO:0043197	dendritic_spine	4131
GO:0043197	dendritic_spine	4218
GO:0043197	dendritic_spine	4355
GO:0043197	dendritic_spine	4734
GO:0043197	dendritic_spine	477
GO:0043197	dendritic_spine	478
GO:0043197	dendritic_spine	4842
GO:0043197	dendritic_spine	490
GO:0043197	dendritic_spine	4900
GO:0043197	dendritic_spine	4983
GO:0043197	dendritic_spine	5064
GO:0043197	dendritic_spine	50807
GO:0043197	dendritic_spine	50944
GO:0043197	dendritic_spine	5142
GO:0043197	dendritic_spine	54873
GO:0043197	dendritic_spine	5501
GO:0043197	dendritic_spine	55607
GO:0043197	dendritic_spine	55619
GO:0043197	dendritic_spine	5566
GO:0043197	dendritic_spine	55752
GO:0043197	dendritic_spine	5577
GO:0043197	dendritic_spine	5662
GO:0043197	dendritic_spine	56899
GO:0043197	dendritic_spine	5728
GO:0043197	dendritic_spine	575
GO:0043197	dendritic_spine	57679
GO:0043197	dendritic_spine	5879
GO:0043197	dendritic_spine	64101
GO:0043197	dendritic_spine	6546
GO:0043197	dendritic_spine	6717
GO:0043197	dendritic_spine	6801
GO:0043197	dendritic_spine	6810
GO:0043197	dendritic_spine	7074
GO:0043197	dendritic_spine	793
GO:0043197	dendritic_spine	8087
GO:0043197	dendritic_spine	821
GO:0043197	dendritic_spine	83992
GO:0043197	dendritic_spine	84687
GO:0043197	dendritic_spine	85358
GO:0043197	dendritic_spine	88
GO:0043197	dendritic_spine	8851
GO:0043197	dendritic_spine	8898
GO:0043197	dendritic_spine	9026
GO:0043197	dendritic_spine	9101
GO:0043197	dendritic_spine	9162
GO:0043197	dendritic_spine	9743
GO:0043197	dendritic_spine	9758
GO:0043197	dendritic_spine	9912
GO:0043197	dendritic_spine	998
GO:0098793	presynapse	10059
GO:0098793	presynapse	1006
GO:0098793	presynapse	1007
GO:0098793	presynapse	1020
GO:0098793	presynapse	10228
GO:0098793	presynapse	10236
GO:0098793	presynapse	10458
GO:0098793	presynapse	10479
GO:0098793	presynapse	10490
GO:0098793	presynapse	10497
GO:0098793	presynapse	10755
GO:0098793	presynapse	10814
GO:0098793	presynapse	10815
GO:0098793	presynapse	10987
GO:0098793	presynapse	11021
GO:0098793	presynapse	112755
GO:0098793	presynapse	1128
GO:0098793	presynapse	1129
GO:0098793	presynapse	1131
GO:0098793	presynapse	11315
GO:0098793	presynapse	114088
GO:0098793	presynapse	115207
GO:0098793	presynapse	115827
GO:0098793	presynapse	116841
GO:0098793	presynapse	1174
GO:0098793	presynapse	1182
GO:0098793	presynapse	120892
GO:0098793	presynapse	1211
GO:0098793	presynapse	1268
GO:0098793	presynapse	127833
GO:0098793	presynapse	132204
GO:0098793	presynapse	134957
GO:0098793	presynapse	140730
GO:0098793	presynapse	143187
GO:0098793	presynapse	143425
GO:0098793	presynapse	148281
GO:0098793	presynapse	1759
GO:0098793	presynapse	1855
GO:0098793	presynapse	200933
GO:0098793	presynapse	2043
GO:0098793	presynapse	2054
GO:0098793	presynapse	2280
GO:0098793	presynapse	22848
GO:0098793	presynapse	22859
GO:0098793	presynapse	22871
GO:0098793	presynapse	22895
GO:0098793	presynapse	22987
GO:0098793	presynapse	22999
GO:0098793	presynapse	23025
GO:0098793	presynapse	23085
GO:0098793	presynapse	23157
GO:0098793	presynapse	23191
GO:0098793	presynapse	23208
GO:0098793	presynapse	23312
GO:0098793	presynapse	2332
GO:0098793	presynapse	23335
GO:0098793	presynapse	23390
GO:0098793	presynapse	23396
GO:0098793	presynapse	23513
GO:0098793	presynapse	2550
GO:0098793	presynapse	2555
GO:0098793	presynapse	2571
GO:0098793	presynapse	2572
GO:0098793	presynapse	25837
GO:0098793	presynapse	26059
GO:0098793	presynapse	27020
GO:0098793	presynapse	273
GO:0098793	presynapse	27445
GO:0098793	presynapse	2752
GO:0098793	presynapse	2805
GO:0098793	presynapse	2890
GO:0098793	presynapse	2898
GO:0098793	presynapse	2899
GO:0098793	presynapse	2900
GO:0098793	presynapse	2901
GO:0098793	presynapse	2902
GO:0098793	presynapse	2903
GO:0098793	presynapse	2911
GO:0098793	presynapse	2912
GO:0098793	presynapse	2913
GO:0098793	presynapse	2915
GO:0098793	presynapse	2917
GO:0098793	presynapse	29993
GO:0098793	presynapse	30818
GO:0098793	presynapse	3092
GO:0098793	presynapse	321
GO:0098793	presynapse	322
GO:0098793	presynapse	326624
GO:0098793	presynapse	3312
GO:0098793	presynapse	3382
GO:0098793	presynapse	351
GO:0098793	presynapse	358
GO:0098793	presynapse	3611
GO:0098793	presynapse	3736
GO:0098793	presynapse	3737
GO:0098793	presynapse	3742
GO:0098793	presynapse	3747
GO:0098793	presynapse	3766
GO:0098793	presynapse	386617
GO:0098793	presynapse	3916
GO:0098793	presynapse	4218
GO:0098793	presynapse	4763
GO:0098793	presynapse	4915
GO:0098793	presynapse	4983
GO:0098793	presynapse	5027
GO:0098793	presynapse	51138
GO:0098793	presynapse	51248
GO:0098793	presynapse	5127
GO:0098793	presynapse	5138
GO:0098793	presynapse	5142
GO:0098793	presynapse	51760
GO:0098793	presynapse	51762
GO:0098793	presynapse	5217
GO:0098793	presynapse	525
GO:0098793	presynapse	5338
GO:0098793	presynapse	5413
GO:0098793	presynapse	547
GO:0098793	presynapse	55327
GO:0098793	presynapse	55361
GO:0098793	presynapse	5538
GO:0098793	presynapse	5663
GO:0098793	presynapse	56947
GO:0098793	presynapse	57084
GO:0098793	presynapse	57555
GO:0098793	presynapse	57657
GO:0098793	presynapse	57706
GO:0098793	presynapse	5798
GO:0098793	presynapse	5799
GO:0098793	presynapse	5802
GO:0098793	presynapse	5818
GO:0098793	presynapse	5864
GO:0098793	presynapse	5865
GO:0098793	presynapse	5868
GO:0098793	presynapse	5869
GO:0098793	presynapse	5874
GO:0098793	presynapse	64130
GO:0098793	presynapse	645
GO:0098793	presynapse	6531
GO:0098793	presynapse	6536
GO:0098793	presynapse	6616
GO:0098793	presynapse	6622
GO:0098793	presynapse	6717
GO:0098793	presynapse	6804
GO:0098793	presynapse	6810
GO:0098793	presynapse	6812
GO:0098793	presynapse	6833
GO:0098793	presynapse	6843
GO:0098793	presynapse	6844
GO:0098793	presynapse	6845
GO:0098793	presynapse	6853
GO:0098793	presynapse	6854
GO:0098793	presynapse	6855
GO:0098793	presynapse	6857
GO:0098793	presynapse	6861
GO:0098793	presynapse	7416
GO:0098793	presynapse	7417
GO:0098793	presynapse	774
GO:0098793	presynapse	7781
GO:0098793	presynapse	7879
GO:0098793	presynapse	790
GO:0098793	presynapse	793
GO:0098793	presynapse	794
GO:0098793	presynapse	79414
GO:0098793	presynapse	80331
GO:0098793	presynapse	815
GO:0098793	presynapse	81565
GO:0098793	presynapse	8224
GO:0098793	presynapse	8301
GO:0098793	presynapse	83992
GO:0098793	presynapse	8411
GO:0098793	presynapse	84258
GO:0098793	presynapse	84446
GO:0098793	presynapse	8447
GO:0098793	presynapse	8448
GO:0098793	presynapse	84932
GO:0098793	presynapse	8497
GO:0098793	presynapse	8499
GO:0098793	presynapse	8500
GO:0098793	presynapse	8514
GO:0098793	presynapse	8541
GO:0098793	presynapse	85439
GO:0098793	presynapse	85445
GO:0098793	presynapse	85461
GO:0098793	presynapse	8573
GO:0098793	presynapse	8618
GO:0098793	presynapse	8674
GO:0098793	presynapse	8773
GO:0098793	presynapse	8775
GO:0098793	presynapse	8825
GO:0098793	presynapse	8867
GO:0098793	presynapse	8898
GO:0098793	presynapse	8927
GO:0098793	presynapse	8938
GO:0098793	presynapse	8943
GO:0098793	presynapse	9001
GO:0098793	presynapse	9066
GO:0098793	presynapse	9114
GO:0098793	presynapse	9145
GO:0098793	presynapse	9162
GO:0098793	presynapse	91683
GO:0098793	presynapse	9230
GO:0098793	presynapse	9256
GO:0098793	presynapse	9342
GO:0098793	presynapse	93664
GO:0098793	presynapse	9378
GO:0098793	presynapse	9379
GO:0098793	presynapse	94030
GO:0098793	presynapse	94121
GO:0098793	presynapse	9463
GO:0098793	presynapse	9522
GO:0098793	presynapse	9699
GO:0098793	presynapse	9810
GO:0098793	presynapse	9899
GO:0098793	presynapse	9900
GO:0097060	synaptic_membrane	10006
GO:0097060	synaptic_membrane	1007
GO:0097060	synaptic_membrane	10142
GO:0097060	synaptic_membrane	1020
GO:0097060	synaptic_membrane	10243
GO:0097060	synaptic_membrane	10369
GO:0097060	synaptic_membrane	10458
GO:0097060	synaptic_membrane	10611
GO:0097060	synaptic_membrane	10636
GO:0097060	synaptic_membrane	11141
GO:0097060	synaptic_membrane	11178
GO:0097060	synaptic_membrane	112755
GO:0097060	synaptic_membrane	1128
GO:0097060	synaptic_membrane	1129
GO:0097060	synaptic_membrane	1131
GO:0097060	synaptic_membrane	11346
GO:0097060	synaptic_membrane	115207
GO:0097060	synaptic_membrane	116443
GO:0097060	synaptic_membrane	1268
GO:0097060	synaptic_membrane	1312
GO:0097060	synaptic_membrane	1363
GO:0097060	synaptic_membrane	140730
GO:0097060	synaptic_membrane	1410
GO:0097060	synaptic_membrane	1605
GO:0097060	synaptic_membrane	1739
GO:0097060	synaptic_membrane	1740
GO:0097060	synaptic_membrane	1741
GO:0097060	synaptic_membrane	1756
GO:0097060	synaptic_membrane	1785
GO:0097060	synaptic_membrane	1821
GO:0097060	synaptic_membrane	200933
GO:0097060	synaptic_membrane	2043
GO:0097060	synaptic_membrane	2045
GO:0097060	synaptic_membrane	22849
GO:0097060	synaptic_membrane	22859
GO:0097060	synaptic_membrane	22866
GO:0097060	synaptic_membrane	22871
GO:0097060	synaptic_membrane	22883
GO:0097060	synaptic_membrane	22941
GO:0097060	synaptic_membrane	22999
GO:0097060	synaptic_membrane	23017
GO:0097060	synaptic_membrane	23025
GO:0097060	synaptic_membrane	23085
GO:0097060	synaptic_membrane	23109
GO:0097060	synaptic_membrane	23208
GO:0097060	synaptic_membrane	23237
GO:0097060	synaptic_membrane	2332
GO:0097060	synaptic_membrane	23345
GO:0097060	synaptic_membrane	23362
GO:0097060	synaptic_membrane	23380
GO:0097060	synaptic_membrane	23390
GO:0097060	synaptic_membrane	23426
GO:0097060	synaptic_membrane	23513
GO:0097060	synaptic_membrane	23623
GO:0097060	synaptic_membrane	2550
GO:0097060	synaptic_membrane	2554
GO:0097060	synaptic_membrane	2555
GO:0097060	synaptic_membrane	2556
GO:0097060	synaptic_membrane	2557
GO:0097060	synaptic_membrane	2560
GO:0097060	synaptic_membrane	2561
GO:0097060	synaptic_membrane	2562
GO:0097060	synaptic_membrane	2572
GO:0097060	synaptic_membrane	26012
GO:0097060	synaptic_membrane	26037
GO:0097060	synaptic_membrane	26045
GO:0097060	synaptic_membrane	26052
GO:0097060	synaptic_membrane	26059
GO:0097060	synaptic_membrane	27020
GO:0097060	synaptic_membrane	27065
GO:0097060	synaptic_membrane	2741
GO:0097060	synaptic_membrane	2743
GO:0097060	synaptic_membrane	286
GO:0097060	synaptic_membrane	287
GO:0097060	synaptic_membrane	288
GO:0097060	synaptic_membrane	2890
GO:0097060	synaptic_membrane	2891
GO:0097060	synaptic_membrane	2892
GO:0097060	synaptic_membrane	2893
GO:0097060	synaptic_membrane	2895
GO:0097060	synaptic_membrane	2897
GO:0097060	synaptic_membrane	2898
GO:0097060	synaptic_membrane	2899
GO:0097060	synaptic_membrane	2900
GO:0097060	synaptic_membrane	2901
GO:0097060	synaptic_membrane	2902
GO:0097060	synaptic_membrane	2903
GO:0097060	synaptic_membrane	2904
GO:0097060	synaptic_membrane	2905
GO:0097060	synaptic_membrane	2906
GO:0097060	synaptic_membrane	2911
GO:0097060	synaptic_membrane	2912
GO:0097060	synaptic_membrane	2913
GO:0097060	synaptic_membrane	2915
GO:0097060	synaptic_membrane	2917
GO:0097060	synaptic_membrane	3092
GO:0097060	synaptic_membrane	322
GO:0097060	synaptic_membrane	3688
GO:0097060	synaptic_membrane	3736
GO:0097060	synaptic_membrane	3737
GO:0097060	synaptic_membrane	374291
GO:0097060	synaptic_membrane	3745
GO:0097060	synaptic_membrane	3747
GO:0097060	synaptic_membrane	375
GO:0097060	synaptic_membrane	3751
GO:0097060	synaptic_membrane	3761
GO:0097060	synaptic_membrane	386617
GO:0097060	synaptic_membrane	392862
GO:0097060	synaptic_membrane	400745
GO:0097060	synaptic_membrane	4038
GO:0097060	synaptic_membrane	408
GO:0097060	synaptic_membrane	4355
GO:0097060	synaptic_membrane	490
GO:0097060	synaptic_membrane	4915
GO:0097060	synaptic_membrane	50488
GO:0097060	synaptic_membrane	5064
GO:0097060	synaptic_membrane	50944
GO:0097060	synaptic_membrane	5138
GO:0097060	synaptic_membrane	54413
GO:0097060	synaptic_membrane	55327
GO:0097060	synaptic_membrane	55361
GO:0097060	synaptic_membrane	55450
GO:0097060	synaptic_membrane	5582
GO:0097060	synaptic_membrane	56899
GO:0097060	synaptic_membrane	57120
GO:0097060	synaptic_membrane	5728
GO:0097060	synaptic_membrane	57497
GO:0097060	synaptic_membrane	575
GO:0097060	synaptic_membrane	57502
GO:0097060	synaptic_membrane	57554
GO:0097060	synaptic_membrane	57555
GO:0097060	synaptic_membrane	57622
GO:0097060	synaptic_membrane	57689
GO:0097060	synaptic_membrane	57706
GO:0097060	synaptic_membrane	5802
GO:0097060	synaptic_membrane	5818
GO:0097060	synaptic_membrane	58512
GO:0097060	synaptic_membrane	613
GO:0097060	synaptic_membrane	64101
GO:0097060	synaptic_membrane	64130
GO:0097060	synaptic_membrane	6546
GO:0097060	synaptic_membrane	6616
GO:0097060	synaptic_membrane	6801
GO:0097060	synaptic_membrane	6804
GO:0097060	synaptic_membrane	6812
GO:0097060	synaptic_membrane	6855
GO:0097060	synaptic_membrane	6857
GO:0097060	synaptic_membrane	7402
GO:0097060	synaptic_membrane	747
GO:0097060	synaptic_membrane	79414
GO:0097060	synaptic_membrane	80725
GO:0097060	synaptic_membrane	815
GO:0097060	synaptic_membrane	81832
GO:0097060	synaptic_membrane	8301
GO:0097060	synaptic_membrane	84896
GO:0097060	synaptic_membrane	8508
GO:0097060	synaptic_membrane	85358
GO:0097060	synaptic_membrane	85445
GO:0097060	synaptic_membrane	85461
GO:0097060	synaptic_membrane	8573
GO:0097060	synaptic_membrane	8777
GO:0097060	synaptic_membrane	8825
GO:0097060	synaptic_membrane	8867
GO:0097060	synaptic_membrane	8898
GO:0097060	synaptic_membrane	9026
GO:0097060	synaptic_membrane	9066
GO:0097060	synaptic_membrane	9093
GO:0097060	synaptic_membrane	9162
GO:0097060	synaptic_membrane	9228
GO:0097060	synaptic_membrane	9229
GO:0097060	synaptic_membrane	9231
GO:0097060	synaptic_membrane	93145
GO:0097060	synaptic_membrane	93664
GO:0097060	synaptic_membrane	9378
GO:0097060	synaptic_membrane	94030
GO:0097060	synaptic_membrane	9454
GO:0097060	synaptic_membrane	9455
GO:0097060	synaptic_membrane	9456
GO:0097060	synaptic_membrane	9463
GO:0097060	synaptic_membrane	9478
GO:0097060	synaptic_membrane	9568
GO:0097060	synaptic_membrane	9699
GO:0097060	synaptic_membrane	9743
GO:0097060	synaptic_membrane	9746
GO:0097060	synaptic_membrane	9762
GO:0045211	postsynaptic_membrane	10006
GO:0045211	postsynaptic_membrane	1007
GO:0045211	postsynaptic_membrane	1020
GO:0045211	postsynaptic_membrane	10243
GO:0045211	postsynaptic_membrane	10369
GO:0045211	postsynaptic_membrane	10611
GO:0045211	postsynaptic_membrane	10636
GO:0045211	postsynaptic_membrane	11141
GO:0045211	postsynaptic_membrane	11178
GO:0045211	postsynaptic_membrane	1128
GO:0045211	postsynaptic_membrane	1129
GO:0045211	postsynaptic_membrane	1131
GO:0045211	postsynaptic_membrane	11346
GO:0045211	postsynaptic_membrane	115207
GO:0045211	postsynaptic_membrane	116443
GO:0045211	postsynaptic_membrane	1312
GO:0045211	postsynaptic_membrane	1605
GO:0045211	postsynaptic_membrane	1739
GO:0045211	postsynaptic_membrane	1740
GO:0045211	postsynaptic_membrane	1741
GO:0045211	postsynaptic_membrane	1756
GO:0045211	postsynaptic_membrane	1785
GO:0045211	postsynaptic_membrane	1821
GO:0045211	postsynaptic_membrane	200933
GO:0045211	postsynaptic_membrane	2043
GO:0045211	postsynaptic_membrane	2045
GO:0045211	postsynaptic_membrane	22849
GO:0045211	postsynaptic_membrane	22866
GO:0045211	postsynaptic_membrane	22871
GO:0045211	postsynaptic_membrane	22883
GO:0045211	postsynaptic_membrane	22941
GO:0045211	postsynaptic_membrane	23017
GO:0045211	postsynaptic_membrane	23237
GO:0045211	postsynaptic_membrane	2332
GO:0045211	postsynaptic_membrane	23345
GO:0045211	postsynaptic_membrane	23362
GO:0045211	postsynaptic_membrane	23380
GO:0045211	postsynaptic_membrane	23426
GO:0045211	postsynaptic_membrane	23513
GO:0045211	postsynaptic_membrane	23623
GO:0045211	postsynaptic_membrane	2550
GO:0045211	postsynaptic_membrane	2554
GO:0045211	postsynaptic_membrane	2555
GO:0045211	postsynaptic_membrane	2556
GO:0045211	postsynaptic_membrane	2557
GO:0045211	postsynaptic_membrane	2560
GO:0045211	postsynaptic_membrane	2561
GO:0045211	postsynaptic_membrane	2562
GO:0045211	postsynaptic_membrane	26012
GO:0045211	postsynaptic_membrane	26037
GO:0045211	postsynaptic_membrane	26045
GO:0045211	postsynaptic_membrane	26052
GO:0045211	postsynaptic_membrane	27065
GO:0045211	postsynaptic_membrane	2741
GO:0045211	postsynaptic_membrane	2743
GO:0045211	postsynaptic_membrane	286
GO:0045211	postsynaptic_membrane	287
GO:0045211	postsynaptic_membrane	288
GO:0045211	postsynaptic_membrane	2890
GO:0045211	postsynaptic_membrane	2891
GO:0045211	postsynaptic_membrane	2892
GO:0045211	postsynaptic_membrane	2893
GO:0045211	postsynaptic_membrane	2895
GO:0045211	postsynaptic_membrane	2897
GO:0045211	postsynaptic_membrane	2898
GO:0045211	postsynaptic_membrane	2899
GO:0045211	postsynaptic_membrane	2900
GO:0045211	postsynaptic_membrane	2901
GO:0045211	postsynaptic_membrane	2902
GO:0045211	postsynaptic_membrane	2903
GO:0045211	postsynaptic_membrane	2904
GO:0045211	postsynaptic_membrane	2905
GO:0045211	postsynaptic_membrane	2906
GO:0045211	postsynaptic_membrane	2913
GO:0045211	postsynaptic_membrane	2917
GO:0045211	postsynaptic_membrane	3092
GO:0045211	postsynaptic_membrane	322
GO:0045211	postsynaptic_membrane	3745
GO:0045211	postsynaptic_membrane	3747
GO:0045211	postsynaptic_membrane	375
GO:0045211	postsynaptic_membrane	3751
GO:0045211	postsynaptic_membrane	3761
GO:0045211	postsynaptic_membrane	386617
GO:0045211	postsynaptic_membrane	392862
GO:0045211	postsynaptic_membrane	400745
GO:0045211	postsynaptic_membrane	408
GO:0045211	postsynaptic_membrane	4915
GO:0045211	postsynaptic_membrane	50488
GO:0045211	postsynaptic_membrane	50944
GO:0045211	postsynaptic_membrane	54413
GO:0045211	postsynaptic_membrane	55327
GO:0045211	postsynaptic_membrane	55450
GO:0045211	postsynaptic_membrane	56899
GO:0045211	postsynaptic_membrane	57120
GO:0045211	postsynaptic_membrane	5728
GO:0045211	postsynaptic_membrane	57497
GO:0045211	postsynaptic_membrane	575
GO:0045211	postsynaptic_membrane	57502
GO:0045211	postsynaptic_membrane	57554
GO:0045211	postsynaptic_membrane	57555
GO:0045211	postsynaptic_membrane	57622
GO:0045211	postsynaptic_membrane	57689
GO:0045211	postsynaptic_membrane	5802
GO:0045211	postsynaptic_membrane	58512
GO:0045211	postsynaptic_membrane	613
GO:0045211	postsynaptic_membrane	64101
GO:0045211	postsynaptic_membrane	64130
GO:0045211	postsynaptic_membrane	6546
GO:0045211	postsynaptic_membrane	6801
GO:0045211	postsynaptic_membrane	7402
GO:0045211	postsynaptic_membrane	747
GO:0045211	postsynaptic_membrane	79414
GO:0045211	postsynaptic_membrane	80725
GO:0045211	postsynaptic_membrane	81832
GO:0045211	postsynaptic_membrane	8301
GO:0045211	postsynaptic_membrane	84896
GO:0045211	postsynaptic_membrane	85358
GO:0045211	postsynaptic_membrane	85461
GO:0045211	postsynaptic_membrane	8777
GO:0045211	postsynaptic_membrane	8825
GO:0045211	postsynaptic_membrane	9093
GO:0045211	postsynaptic_membrane	9228
GO:0045211	postsynaptic_membrane	9229
GO:0045211	postsynaptic_membrane	9231
GO:0045211	postsynaptic_membrane	93664
GO:0045211	postsynaptic_membrane	9454
GO:0045211	postsynaptic_membrane	9455
GO:0045211	postsynaptic_membrane	9456
GO:0045211	postsynaptic_membrane	9463
GO:0045211	postsynaptic_membrane	9478
GO:0045211	postsynaptic_membrane	9568
GO:0045211	postsynaptic_membrane	9743
GO:0045211	postsynaptic_membrane	9746
GO:0045211	postsynaptic_membrane	9762
GO:0042734	presynaptic_membrane	1007
GO:0042734	presynaptic_membrane	112755
GO:0042734	presynaptic_membrane	115207
GO:0042734	presynaptic_membrane	1268
GO:0042734	presynaptic_membrane	200933
GO:0042734	presynaptic_membrane	22859
GO:0042734	presynaptic_membrane	22999
GO:0042734	presynaptic_membrane	23025
GO:0042734	presynaptic_membrane	23085
GO:0042734	presynaptic_membrane	23208
GO:0042734	presynaptic_membrane	2332
GO:0042734	presynaptic_membrane	23390
GO:0042734	presynaptic_membrane	23513
GO:0042734	presynaptic_membrane	2550
GO:0042734	presynaptic_membrane	2572
GO:0042734	presynaptic_membrane	26059
GO:0042734	presynaptic_membrane	27020
GO:0042734	presynaptic_membrane	2898
GO:0042734	presynaptic_membrane	2900
GO:0042734	presynaptic_membrane	2901
GO:0042734	presynaptic_membrane	2903
GO:0042734	presynaptic_membrane	2911
GO:0042734	presynaptic_membrane	2912
GO:0042734	presynaptic_membrane	2913
GO:0042734	presynaptic_membrane	2915
GO:0042734	presynaptic_membrane	2917
GO:0042734	presynaptic_membrane	3092
GO:0042734	presynaptic_membrane	322
GO:0042734	presynaptic_membrane	3736
GO:0042734	presynaptic_membrane	3737
GO:0042734	presynaptic_membrane	3747
GO:0042734	presynaptic_membrane	386617
GO:0042734	presynaptic_membrane	5138
GO:0042734	presynaptic_membrane	55361
GO:0042734	presynaptic_membrane	57555
GO:0042734	presynaptic_membrane	57706
GO:0042734	presynaptic_membrane	5818
GO:0042734	presynaptic_membrane	6616
GO:0042734	presynaptic_membrane	6804
GO:0042734	presynaptic_membrane	6812
GO:0042734	presynaptic_membrane	6855
GO:0042734	presynaptic_membrane	6857
GO:0042734	presynaptic_membrane	79414
GO:0042734	presynaptic_membrane	815
GO:0042734	presynaptic_membrane	8301
GO:0042734	presynaptic_membrane	85445
GO:0042734	presynaptic_membrane	8573
GO:0042734	presynaptic_membrane	9066
GO:0042734	presynaptic_membrane	93664
GO:0042734	presynaptic_membrane	9378
GO:0042734	presynaptic_membrane	94030
GO:0042734	presynaptic_membrane	9463
GO:0042734	presynaptic_membrane	9699
GO:0008021	synaptic_vesicle	10059
GO:0008021	synaptic_vesicle	10228
GO:0008021	synaptic_vesicle	10490
GO:0008021	synaptic_vesicle	10755
GO:0008021	synaptic_vesicle	10987
GO:0008021	synaptic_vesicle	11021
GO:0008021	synaptic_vesicle	112755
GO:0008021	synaptic_vesicle	114088
GO:0008021	synaptic_vesicle	115827
GO:0008021	synaptic_vesicle	116841
GO:0008021	synaptic_vesicle	1182
GO:0008021	synaptic_vesicle	120892
GO:0008021	synaptic_vesicle	1211
GO:0008021	synaptic_vesicle	127833
GO:0008021	synaptic_vesicle	132204
GO:0008021	synaptic_vesicle	134957
GO:0008021	synaptic_vesicle	143187
GO:0008021	synaptic_vesicle	143425
GO:0008021	synaptic_vesicle	148281
GO:0008021	synaptic_vesicle	1759
GO:0008021	synaptic_vesicle	2054
GO:0008021	synaptic_vesicle	22895
GO:0008021	synaptic_vesicle	22987
GO:0008021	synaptic_vesicle	23157
GO:0008021	synaptic_vesicle	23208
GO:0008021	synaptic_vesicle	23312
GO:0008021	synaptic_vesicle	23335
GO:0008021	synaptic_vesicle	2555
GO:0008021	synaptic_vesicle	2572
GO:0008021	synaptic_vesicle	25837
GO:0008021	synaptic_vesicle	273
GO:0008021	synaptic_vesicle	2890
GO:0008021	synaptic_vesicle	2902
GO:0008021	synaptic_vesicle	2903
GO:0008021	synaptic_vesicle	321
GO:0008021	synaptic_vesicle	326624
GO:0008021	synaptic_vesicle	3382
GO:0008021	synaptic_vesicle	3916
GO:0008021	synaptic_vesicle	4218
GO:0008021	synaptic_vesicle	51138
GO:0008021	synaptic_vesicle	5127
GO:0008021	synaptic_vesicle	5142
GO:0008021	synaptic_vesicle	51762
GO:0008021	synaptic_vesicle	525
GO:0008021	synaptic_vesicle	5413
GO:0008021	synaptic_vesicle	547
GO:0008021	synaptic_vesicle	5538
GO:0008021	synaptic_vesicle	56947
GO:0008021	synaptic_vesicle	57084
GO:0008021	synaptic_vesicle	5799
GO:0008021	synaptic_vesicle	5802
GO:0008021	synaptic_vesicle	5864
GO:0008021	synaptic_vesicle	5865
GO:0008021	synaptic_vesicle	5868
GO:0008021	synaptic_vesicle	5869
GO:0008021	synaptic_vesicle	5874
GO:0008021	synaptic_vesicle	6616
GO:0008021	synaptic_vesicle	6622
GO:0008021	synaptic_vesicle	6804
GO:0008021	synaptic_vesicle	6810
GO:0008021	synaptic_vesicle	6833
GO:0008021	synaptic_vesicle	6843
GO:0008021	synaptic_vesicle	6844
GO:0008021	synaptic_vesicle	6845
GO:0008021	synaptic_vesicle	6853
GO:0008021	synaptic_vesicle	6854
GO:0008021	synaptic_vesicle	6855
GO:0008021	synaptic_vesicle	6857
GO:0008021	synaptic_vesicle	6861
GO:0008021	synaptic_vesicle	7416
GO:0008021	synaptic_vesicle	7417
GO:0008021	synaptic_vesicle	7781
GO:0008021	synaptic_vesicle	80331
GO:0008021	synaptic_vesicle	81565
GO:0008021	synaptic_vesicle	8224
GO:0008021	synaptic_vesicle	83992
GO:0008021	synaptic_vesicle	84446
GO:0008021	synaptic_vesicle	8448
GO:0008021	synaptic_vesicle	85439
GO:0008021	synaptic_vesicle	8674
GO:0008021	synaptic_vesicle	8898
GO:0008021	synaptic_vesicle	9001
GO:0008021	synaptic_vesicle	9066
GO:0008021	synaptic_vesicle	9114
GO:0008021	synaptic_vesicle	9145
GO:0008021	synaptic_vesicle	9162
GO:0008021	synaptic_vesicle	91683
GO:0008021	synaptic_vesicle	9230
GO:0008021	synaptic_vesicle	9522
GO:0008021	synaptic_vesicle	9899
GO:0008021	synaptic_vesicle	9900
GO:0043083	synaptic_cleft	1006
GO:0043083	synaptic_cleft	26052
GO:0043083	synaptic_cleft	2902
GO:0043083	synaptic_cleft	3911
GO:0043083	synaptic_cleft	3913
GO:0043083	synaptic_cleft	43
GO:0043083	synaptic_cleft	577
GO:0098993	anchored_component_of_synaptic_vesicle_m...	11021
GO:0098993	anchored_component_of_synaptic_vesicle_m...	5864
GO:0098993	anchored_component_of_synaptic_vesicle_m...	5865
GO:0098993	anchored_component_of_synaptic_vesicle_m...	5869
GO:0098993	anchored_component_of_synaptic_vesicle_m...	5874
GO:0098993	anchored_component_of_synaptic_vesicle_m...	6853
GO:0098993	anchored_component_of_synaptic_vesicle_m...	9230
GO:0048786	presynaptic_active_zone	10497
GO:0048786	presynaptic_active_zone	112755
GO:0048786	presynaptic_active_zone	140730
GO:0048786	presynaptic_active_zone	22999
GO:0048786	presynaptic_active_zone	23025
GO:0048786	presynaptic_active_zone	23085
GO:0048786	presynaptic_active_zone	23208
GO:0048786	presynaptic_active_zone	2571
GO:0048786	presynaptic_active_zone	26059
GO:0048786	presynaptic_active_zone	27445
GO:0048786	presynaptic_active_zone	2917
GO:0048786	presynaptic_active_zone	6804
GO:0048786	presynaptic_active_zone	6812
GO:0048786	presynaptic_active_zone	6853
GO:0048786	presynaptic_active_zone	6855
GO:0048786	presynaptic_active_zone	8497
GO:0048786	presynaptic_active_zone	8499
GO:0048786	presynaptic_active_zone	8500
GO:0048786	presynaptic_active_zone	8541
GO:0048786	presynaptic_active_zone	8927
GO:0048786	presynaptic_active_zone	9162
GO:0048786	presynaptic_active_zone	9699
GO:0048786	presynaptic_active_zone	9900
GO:0098845	postsynaptic_endosome	27065
GO:0098845	postsynaptic_endosome	5662
GO:0098845	postsynaptic_endosome	56850
GO:0098845	postsynaptic_endosome	5867
GO:0098845	postsynaptic_endosome	8766
GO:0048787	presynaptic_active_zone_membrane	112755
GO:0048787	presynaptic_active_zone_membrane	23208
GO:0048787	presynaptic_active_zone_membrane	6804
GO:0048787	presynaptic_active_zone_membrane	6812
GO:0098982	GABA-ergic_synapse	2743
GO:0098982	GABA-ergic_synapse	54413
GO:0098982	GABA-ergic_synapse	57502
GO:0098982	GABA-ergic_synapse	57555
GO:0030672	synaptic_vesicle_membrane	10059
GO:0030672	synaptic_vesicle_membrane	10228
GO:0030672	synaptic_vesicle_membrane	11021
GO:0030672	synaptic_vesicle_membrane	116841
GO:0030672	synaptic_vesicle_membrane	120892
GO:0030672	synaptic_vesicle_membrane	1211
GO:0030672	synaptic_vesicle_membrane	127833
GO:0030672	synaptic_vesicle_membrane	132204
GO:0030672	synaptic_vesicle_membrane	143425
GO:0030672	synaptic_vesicle_membrane	148281
GO:0030672	synaptic_vesicle_membrane	22895
GO:0030672	synaptic_vesicle_membrane	22987
GO:0030672	synaptic_vesicle_membrane	23208
GO:0030672	synaptic_vesicle_membrane	23312
GO:0030672	synaptic_vesicle_membrane	2555
GO:0030672	synaptic_vesicle_membrane	2572
GO:0030672	synaptic_vesicle_membrane	273
GO:0030672	synaptic_vesicle_membrane	3382
GO:0030672	synaptic_vesicle_membrane	525
GO:0030672	synaptic_vesicle_membrane	57084
GO:0030672	synaptic_vesicle_membrane	5799
GO:0030672	synaptic_vesicle_membrane	5802
GO:0030672	synaptic_vesicle_membrane	5864
GO:0030672	synaptic_vesicle_membrane	5865
GO:0030672	synaptic_vesicle_membrane	5869
GO:0030672	synaptic_vesicle_membrane	5874
GO:0030672	synaptic_vesicle_membrane	6804
GO:0030672	synaptic_vesicle_membrane	6833
GO:0030672	synaptic_vesicle_membrane	6843
GO:0030672	synaptic_vesicle_membrane	6844
GO:0030672	synaptic_vesicle_membrane	6845
GO:0030672	synaptic_vesicle_membrane	6853
GO:0030672	synaptic_vesicle_membrane	6854
GO:0030672	synaptic_vesicle_membrane	6855
GO:0030672	synaptic_vesicle_membrane	6857
GO:0030672	synaptic_vesicle_membrane	6861
GO:0030672	synaptic_vesicle_membrane	7781
GO:0030672	synaptic_vesicle_membrane	8224
GO:0030672	synaptic_vesicle_membrane	8448
GO:0030672	synaptic_vesicle_membrane	8674
GO:0030672	synaptic_vesicle_membrane	9066
GO:0030672	synaptic_vesicle_membrane	9145
GO:0030672	synaptic_vesicle_membrane	91683
GO:0030672	synaptic_vesicle_membrane	9230
GO:0030672	synaptic_vesicle_membrane	9522
GO:0030672	synaptic_vesicle_membrane	9899
GO:0030672	synaptic_vesicle_membrane	9900
GO:0098563	intrinsic_component_of_synaptic_vesicle_...	10228
GO:0098563	intrinsic_component_of_synaptic_vesicle_...	11021
GO:0098563	intrinsic_component_of_synaptic_vesicle_...	132204
GO:0098563	intrinsic_component_of_synaptic_vesicle_...	2555
GO:0098563	intrinsic_component_of_synaptic_vesicle_...	5802
GO:0098563	intrinsic_component_of_synaptic_vesicle_...	5864
GO:0098563	intrinsic_component_of_synaptic_vesicle_...	5865
GO:0098563	intrinsic_component_of_synaptic_vesicle_...	5869
GO:0098563	intrinsic_component_of_synaptic_vesicle_...	5874
GO:0098563	intrinsic_component_of_synaptic_vesicle_...	6845
GO:0098563	intrinsic_component_of_synaptic_vesicle_...	6853
GO:0098563	intrinsic_component_of_synaptic_vesicle_...	6855
GO:0098563	intrinsic_component_of_synaptic_vesicle_...	6857
GO:0098563	intrinsic_component_of_synaptic_vesicle_...	8674
GO:0098563	intrinsic_component_of_synaptic_vesicle_...	9230
GO:0098563	intrinsic_component_of_synaptic_vesicle_...	9900
GO:0098839	postsynaptic_density_membrane	10369
GO:0098839	postsynaptic_density_membrane	2890
GO:0098839	postsynaptic_density_membrane	2902
GO:0098839	postsynaptic_density_membrane	2903
GO:0098839	postsynaptic_density_membrane	5802
GO:0098839	postsynaptic_density_membrane	81832
GO:0098936	intrinsic_component_of_postsynaptic_memb...	1007
GO:0098936	intrinsic_component_of_postsynaptic_memb...	22871
GO:0098936	intrinsic_component_of_postsynaptic_memb...	2903
GO:0098936	intrinsic_component_of_postsynaptic_memb...	54413
GO:0098936	intrinsic_component_of_postsynaptic_memb...	57555
GO:0098936	intrinsic_component_of_postsynaptic_memb...	5802
GO:0099055	integral_component_of_postsynaptic_membr...	1007
GO:0099055	integral_component_of_postsynaptic_membr...	22871
GO:0099055	integral_component_of_postsynaptic_membr...	2903
GO:0099055	integral_component_of_postsynaptic_membr...	54413
GO:0099055	integral_component_of_postsynaptic_membr...	57555
GO:0099055	integral_component_of_postsynaptic_membr...	5802
GO:0099634	postsynaptic_specialization_membrane	10369
GO:0099634	postsynaptic_specialization_membrane	2890
GO:0099634	postsynaptic_specialization_membrane	2902
GO:0099634	postsynaptic_specialization_membrane	2903
GO:0099634	postsynaptic_specialization_membrane	5802
GO:0099634	postsynaptic_specialization_membrane	81832
GO:0030285	integral_component_of_synaptic_vesicle_m...	10228
GO:0030285	integral_component_of_synaptic_vesicle_m...	132204
GO:0030285	integral_component_of_synaptic_vesicle_m...	2555
GO:0030285	integral_component_of_synaptic_vesicle_m...	5802
GO:0030285	integral_component_of_synaptic_vesicle_m...	6845
GO:0030285	integral_component_of_synaptic_vesicle_m...	6855
GO:0030285	integral_component_of_synaptic_vesicle_m...	6857
GO:0030285	integral_component_of_synaptic_vesicle_m...	8674
GO:0030285	integral_component_of_synaptic_vesicle_m...	9900
