#flatfile
DOID:5419	schizophrenia	59
DOID:5419	schizophrenia	87
DOID:5419	schizophrenia	207
DOID:5419	schizophrenia	288
DOID:5419	schizophrenia	488
DOID:5419	schizophrenia	547
DOID:5419	schizophrenia	641
DOID:5419	schizophrenia	767
DOID:5419	schizophrenia	775
DOID:5419	schizophrenia	779
DOID:5419	schizophrenia	783
DOID:5419	schizophrenia	1284
DOID:5419	schizophrenia	1292
DOID:5419	schizophrenia	1312
DOID:5419	schizophrenia	1610
DOID:5419	schizophrenia	1687
DOID:5419	schizophrenia	1756
DOID:5419	schizophrenia	1767
DOID:5419	schizophrenia	1855
DOID:5419	schizophrenia	1947
DOID:5419	schizophrenia	1969
DOID:5419	schizophrenia	2033
DOID:5419	schizophrenia	2036
DOID:5419	schizophrenia	2182
DOID:5419	schizophrenia	2563
DOID:5419	schizophrenia	2774
DOID:5419	schizophrenia	2775
DOID:5419	schizophrenia	2895
DOID:5419	schizophrenia	2898
DOID:5419	schizophrenia	2903
DOID:5419	schizophrenia	2934
DOID:5419	schizophrenia	2956
DOID:5419	schizophrenia	3054
DOID:5419	schizophrenia	3094
DOID:5419	schizophrenia	3105
DOID:5419	schizophrenia	3107
DOID:5419	schizophrenia	3655
DOID:5419	schizophrenia	3667
DOID:5419	schizophrenia	3703
DOID:5419	schizophrenia	3708
DOID:5419	schizophrenia	3745
DOID:5419	schizophrenia	3908
DOID:5419	schizophrenia	3981
DOID:5419	schizophrenia	4038
DOID:5419	schizophrenia	4163
DOID:5419	schizophrenia	4204
DOID:5419	schizophrenia	4208
DOID:5419	schizophrenia	4282
DOID:5419	schizophrenia	4308
DOID:5419	schizophrenia	4627
DOID:5419	schizophrenia	4629
DOID:5419	schizophrenia	4643
DOID:5419	schizophrenia	4750
DOID:5419	schizophrenia	4843
DOID:5419	schizophrenia	4846
DOID:5419	schizophrenia	4926
DOID:5419	schizophrenia	5116
DOID:5419	schizophrenia	5189
DOID:5419	schizophrenia	5192
DOID:5419	schizophrenia	5371
DOID:5419	schizophrenia	5621
DOID:5419	schizophrenia	5625
DOID:5419	schizophrenia	5649
DOID:5419	schizophrenia	5660
DOID:5419	schizophrenia	5795
DOID:5419	schizophrenia	6092
DOID:5419	schizophrenia	6125
DOID:5419	schizophrenia	6197
DOID:5419	schizophrenia	6326
DOID:5419	schizophrenia	6334
DOID:5419	schizophrenia	6391
DOID:5419	schizophrenia	6469
DOID:5419	schizophrenia	6505
DOID:5419	schizophrenia	6854
DOID:5419	schizophrenia	6935
DOID:5419	schizophrenia	7187
DOID:5419	schizophrenia	7273
DOID:5419	schizophrenia	7275
DOID:5419	schizophrenia	7486
DOID:5419	schizophrenia	7840
DOID:5419	schizophrenia	7915
DOID:5419	schizophrenia	8242
DOID:5419	schizophrenia	8291
DOID:5419	schizophrenia	8379
DOID:5419	schizophrenia	8452
DOID:5419	schizophrenia	8565
DOID:5419	schizophrenia	8813
DOID:5419	schizophrenia	8831
DOID:5419	schizophrenia	9129
DOID:5419	schizophrenia	9213
DOID:5419	schizophrenia	9343
DOID:5419	schizophrenia	9368
DOID:5419	schizophrenia	9378
DOID:5419	schizophrenia	9445
DOID:5419	schizophrenia	9639
DOID:5419	schizophrenia	9821
DOID:5419	schizophrenia	9829
DOID:5419	schizophrenia	10000
DOID:5419	schizophrenia	10075
DOID:5419	schizophrenia	10082
DOID:5419	schizophrenia	10142
DOID:5419	schizophrenia	10290
DOID:5419	schizophrenia	10342
DOID:5419	schizophrenia	10397
DOID:5419	schizophrenia	11178
DOID:5419	schizophrenia	11231
DOID:5419	schizophrenia	22856
DOID:5419	schizophrenia	22897
DOID:5419	schizophrenia	22978
DOID:5419	schizophrenia	22999
DOID:5419	schizophrenia	23126
DOID:5419	schizophrenia	23133
DOID:5419	schizophrenia	23259
DOID:5419	schizophrenia	23334
DOID:5419	schizophrenia	23345
DOID:5419	schizophrenia	23405
DOID:5419	schizophrenia	23451
DOID:5419	schizophrenia	23780
DOID:5419	schizophrenia	25793
DOID:5419	schizophrenia	25836
DOID:5419	schizophrenia	26040
DOID:5419	schizophrenia	26047
DOID:5419	schizophrenia	26058
DOID:5419	schizophrenia	26090
DOID:5419	schizophrenia	27445
DOID:5419	schizophrenia	51741
DOID:5419	schizophrenia	51761
DOID:5419	schizophrenia	54453
DOID:5419	schizophrenia	54805
DOID:5419	schizophrenia	55714
DOID:5419	schizophrenia	55717
DOID:5419	schizophrenia	55800
DOID:5419	schizophrenia	57176
DOID:5419	schizophrenia	57502
DOID:5419	schizophrenia	57514
DOID:5419	schizophrenia	57572
DOID:5419	schizophrenia	57709
DOID:5419	schizophrenia	63895
DOID:5419	schizophrenia	64324
DOID:5419	schizophrenia	64377
DOID:5419	schizophrenia	65078
DOID:5419	schizophrenia	79633
DOID:5419	schizophrenia	79728
DOID:5419	schizophrenia	79791
DOID:5419	schizophrenia	80184
DOID:5419	schizophrenia	81794
DOID:5419	schizophrenia	81839
DOID:5419	schizophrenia	83715
DOID:5419	schizophrenia	84334
DOID:5419	schizophrenia	84705
DOID:5419	schizophrenia	84892
DOID:5419	schizophrenia	85358
DOID:5419	schizophrenia	91949
DOID:5419	schizophrenia	123624
DOID:5419	schizophrenia	131118
DOID:5419	schizophrenia	132884
DOID:5419	schizophrenia	166378
DOID:5419	schizophrenia	171023
DOID:5419	schizophrenia	201595
DOID:5419	schizophrenia	339829
DOID:5419	schizophrenia	348980
DOID:5419	schizophrenia	388662
DOID:5419	schizophrenia	48
DOID:5419	schizophrenia	161
DOID:5419	schizophrenia	214
DOID:5419	schizophrenia	216
DOID:5419	schizophrenia	272
DOID:5419	schizophrenia	301
DOID:5419	schizophrenia	317
DOID:5419	schizophrenia	394
DOID:5419	schizophrenia	489
DOID:5419	schizophrenia	526
DOID:5419	schizophrenia	575
DOID:5419	schizophrenia	607
DOID:5419	schizophrenia	726
DOID:5419	schizophrenia	781
DOID:5419	schizophrenia	814
DOID:5419	schizophrenia	821
DOID:5419	schizophrenia	885
DOID:5419	schizophrenia	947
DOID:5419	schizophrenia	1012
DOID:5419	schizophrenia	1108
DOID:5419	schizophrenia	1182
DOID:5419	schizophrenia	1185
DOID:5419	schizophrenia	1191
DOID:5419	schizophrenia	1207
DOID:5419	schizophrenia	1327
DOID:5419	schizophrenia	1379
DOID:5419	schizophrenia	1496
DOID:5419	schizophrenia	1501
DOID:5419	schizophrenia	1565
DOID:5419	schizophrenia	1612
DOID:5419	schizophrenia	1620
DOID:5419	schizophrenia	1644
DOID:5419	schizophrenia	1740
DOID:5419	schizophrenia	1803
DOID:5419	schizophrenia	1819
DOID:5419	schizophrenia	1826
DOID:5419	schizophrenia	1948
DOID:5419	schizophrenia	1951
DOID:5419	schizophrenia	1958
DOID:5419	schizophrenia	1993
DOID:5419	schizophrenia	2015
DOID:5419	schizophrenia	2023
DOID:5419	schizophrenia	2035
DOID:5419	schizophrenia	2040
DOID:5419	schizophrenia	2053
DOID:5419	schizophrenia	2107
DOID:5419	schizophrenia	2185
DOID:5419	schizophrenia	2242
DOID:5419	schizophrenia	2257
DOID:5419	schizophrenia	2262
DOID:5419	schizophrenia	2272
DOID:5419	schizophrenia	2335
DOID:5419	schizophrenia	2475
DOID:5419	schizophrenia	2817
DOID:5419	schizophrenia	2823
DOID:5419	schizophrenia	2887
DOID:5419	schizophrenia	2890
DOID:5419	schizophrenia	2897
DOID:5419	schizophrenia	2899
DOID:5419	schizophrenia	2913
DOID:5419	schizophrenia	3066
DOID:5419	schizophrenia	3156
DOID:5419	schizophrenia	3312
DOID:5419	schizophrenia	3313
DOID:5419	schizophrenia	3320
DOID:5419	schizophrenia	3632
DOID:5419	schizophrenia	3645
DOID:5419	schizophrenia	3697
DOID:5419	schizophrenia	3699
DOID:5419	schizophrenia	3700
DOID:5419	schizophrenia	3720
DOID:5419	schizophrenia	3800
DOID:5419	schizophrenia	3831
DOID:5419	schizophrenia	3866
DOID:5419	schizophrenia	3993
DOID:5419	schizophrenia	4035
DOID:5419	schizophrenia	4154
DOID:5419	schizophrenia	4343
DOID:5419	schizophrenia	4628
DOID:5419	schizophrenia	4706
DOID:5419	schizophrenia	4713
DOID:5419	schizophrenia	4775
DOID:5419	schizophrenia	4852
DOID:5419	schizophrenia	4900
DOID:5419	schizophrenia	4916
DOID:5419	schizophrenia	4925
DOID:5419	schizophrenia	4931
DOID:5419	schizophrenia	5010
DOID:5419	schizophrenia	5096
DOID:5419	schizophrenia	5184
DOID:5419	schizophrenia	5188
DOID:5419	schizophrenia	5286
DOID:5419	schizophrenia	5288
DOID:5419	schizophrenia	5334
DOID:5419	schizophrenia	5337
DOID:5419	schizophrenia	5361
DOID:5419	schizophrenia	5579
DOID:5419	schizophrenia	5587
DOID:5419	schizophrenia	5588
DOID:5419	schizophrenia	5590
DOID:5419	schizophrenia	5599
DOID:5419	schizophrenia	5708
DOID:5419	schizophrenia	5764
DOID:5419	schizophrenia	5774
DOID:5419	schizophrenia	5792
DOID:5419	schizophrenia	5793
DOID:5419	schizophrenia	5797
DOID:5419	schizophrenia	5799
DOID:5419	schizophrenia	5973
DOID:5419	schizophrenia	6091
DOID:5419	schizophrenia	6207
DOID:5419	schizophrenia	6263
DOID:5419	schizophrenia	6451
DOID:5419	schizophrenia	6457
DOID:5419	schizophrenia	6472
DOID:5419	schizophrenia	6498
DOID:5419	schizophrenia	6595
DOID:5419	schizophrenia	6641
DOID:5419	schizophrenia	6733
DOID:5419	schizophrenia	6793
DOID:5419	schizophrenia	6942
DOID:5419	schizophrenia	7052
DOID:5419	schizophrenia	7057
DOID:5419	schizophrenia	7175
DOID:5419	schizophrenia	7247
DOID:5419	schizophrenia	7268
DOID:5419	schizophrenia	7402
DOID:5419	schizophrenia	7453
DOID:5419	schizophrenia	7534
DOID:5419	schizophrenia	7916
DOID:5419	schizophrenia	7917
DOID:5419	schizophrenia	8087
DOID:5419	schizophrenia	8204
DOID:5419	schizophrenia	8295
DOID:5419	schizophrenia	8340
DOID:5419	schizophrenia	8470
DOID:5419	schizophrenia	8499
DOID:5419	schizophrenia	8537
DOID:5419	schizophrenia	8604
DOID:5419	schizophrenia	8658
DOID:5419	schizophrenia	8662
DOID:5419	schizophrenia	8727
DOID:5419	schizophrenia	8911
DOID:5419	schizophrenia	8940
DOID:5419	schizophrenia	8943
DOID:5419	schizophrenia	9162
DOID:5419	schizophrenia	9172
DOID:5419	schizophrenia	9267
DOID:5419	schizophrenia	9373
DOID:5419	schizophrenia	9415
DOID:5419	schizophrenia	9472
DOID:5419	schizophrenia	9498
DOID:5419	schizophrenia	9529
DOID:5419	schizophrenia	9530
DOID:5419	schizophrenia	9537
DOID:5419	schizophrenia	9600
DOID:5419	schizophrenia	9628
DOID:5419	schizophrenia	9638
DOID:5419	schizophrenia	9644
DOID:5419	schizophrenia	9651
DOID:5419	schizophrenia	9667
DOID:5419	schizophrenia	9732
DOID:5419	schizophrenia	9745
DOID:5419	schizophrenia	9759
DOID:5419	schizophrenia	9779
DOID:5419	schizophrenia	9805
DOID:5419	schizophrenia	9839
DOID:5419	schizophrenia	9867
DOID:5419	schizophrenia	9881
DOID:5419	schizophrenia	9892
DOID:5419	schizophrenia	9902
DOID:5419	schizophrenia	9948
DOID:5419	schizophrenia	10100
DOID:5419	schizophrenia	10105
DOID:5419	schizophrenia	10125
DOID:5419	schizophrenia	10198
DOID:5419	schizophrenia	10242
DOID:5419	schizophrenia	10274
DOID:5419	schizophrenia	10335
DOID:5419	schizophrenia	10529
DOID:5419	schizophrenia	10587
DOID:5419	schizophrenia	10659
DOID:5419	schizophrenia	10690
DOID:5419	schizophrenia	10884
DOID:5419	schizophrenia	10891
DOID:5419	schizophrenia	11056
DOID:5419	schizophrenia	11113
DOID:5419	schizophrenia	11260
DOID:5419	schizophrenia	22823
DOID:5419	schizophrenia	22866
DOID:5419	schizophrenia	22906
DOID:5419	schizophrenia	22990
DOID:5419	schizophrenia	22997
DOID:5419	schizophrenia	23019
DOID:5419	schizophrenia	23025
DOID:5419	schizophrenia	23037
DOID:5419	schizophrenia	23039
DOID:5419	schizophrenia	23043
DOID:5419	schizophrenia	23046
DOID:5419	schizophrenia	23065
DOID:5419	schizophrenia	23074
DOID:5419	schizophrenia	23114
DOID:5419	schizophrenia	23140
DOID:5419	schizophrenia	23145
DOID:5419	schizophrenia	23152
DOID:5419	schizophrenia	23186
DOID:5419	schizophrenia	23187
DOID:5419	schizophrenia	23215
DOID:5419	schizophrenia	23228
DOID:5419	schizophrenia	23233
DOID:5419	schizophrenia	23237
DOID:5419	schizophrenia	23242
DOID:5419	schizophrenia	23248
DOID:5419	schizophrenia	23274
DOID:5419	schizophrenia	23284
DOID:5419	schizophrenia	23293
DOID:5419	schizophrenia	23303
DOID:5419	schizophrenia	23331
DOID:5419	schizophrenia	23339
DOID:5419	schizophrenia	23376
DOID:5419	schizophrenia	23379
DOID:5419	schizophrenia	23499
DOID:5419	schizophrenia	23523
DOID:5419	schizophrenia	23544
DOID:5419	schizophrenia	23705
DOID:5419	schizophrenia	23731
DOID:5419	schizophrenia	25791
DOID:5419	schizophrenia	25831
DOID:5419	schizophrenia	25874
DOID:5419	schizophrenia	25921
DOID:5419	schizophrenia	25962
DOID:5419	schizophrenia	26011
DOID:5419	schizophrenia	26035
DOID:5419	schizophrenia	26037
DOID:5419	schizophrenia	26051
DOID:5419	schizophrenia	26059
DOID:5419	schizophrenia	26354
DOID:5419	schizophrenia	26505
DOID:5419	schizophrenia	26509
DOID:5419	schizophrenia	26578
DOID:5419	schizophrenia	26953
DOID:5419	schizophrenia	26960
DOID:5419	schizophrenia	27044
DOID:5419	schizophrenia	27092
DOID:5419	schizophrenia	27306
DOID:5419	schizophrenia	28981
DOID:5419	schizophrenia	29108
DOID:5419	schizophrenia	29843
DOID:5419	schizophrenia	29965
DOID:5419	schizophrenia	30811
DOID:5419	schizophrenia	50618
DOID:5419	schizophrenia	50807
DOID:5419	schizophrenia	50863
DOID:5419	schizophrenia	51070
DOID:5419	schizophrenia	51075
DOID:5419	schizophrenia	51084
DOID:5419	schizophrenia	51150
DOID:5419	schizophrenia	51205
DOID:5419	schizophrenia	51366
DOID:5419	schizophrenia	51434
DOID:5419	schizophrenia	51592
DOID:5419	schizophrenia	51663
DOID:5419	schizophrenia	51678
DOID:5419	schizophrenia	51703
DOID:5419	schizophrenia	54460
DOID:5419	schizophrenia	54468
DOID:5419	schizophrenia	54474
DOID:5419	schizophrenia	54495
DOID:5419	schizophrenia	54617
DOID:5419	schizophrenia	54734
DOID:5419	schizophrenia	54832
DOID:5419	schizophrenia	54861
DOID:5419	schizophrenia	54954
DOID:5419	schizophrenia	55074
DOID:5419	schizophrenia	55083
DOID:5419	schizophrenia	55170
DOID:5419	schizophrenia	55183
DOID:5419	schizophrenia	55229
DOID:5419	schizophrenia	55313
DOID:5419	schizophrenia	55512
DOID:5419	schizophrenia	55619
DOID:5419	schizophrenia	55623
DOID:5419	schizophrenia	55770
DOID:5419	schizophrenia	55799
DOID:5419	schizophrenia	55824
DOID:5419	schizophrenia	56288
DOID:5419	schizophrenia	56479
DOID:5419	schizophrenia	56889
DOID:5419	schizophrenia	56899
DOID:5419	schizophrenia	56924
DOID:5419	schizophrenia	56926
DOID:5419	schizophrenia	56934
DOID:5419	schizophrenia	57084
DOID:5419	schizophrenia	57221
DOID:5419	schizophrenia	57282
DOID:5419	schizophrenia	57412
DOID:5419	schizophrenia	57466
DOID:5419	schizophrenia	57475
DOID:5419	schizophrenia	57476
DOID:5419	schizophrenia	57531
DOID:5419	schizophrenia	57605
DOID:5419	schizophrenia	57644
DOID:5419	schizophrenia	57683
DOID:5419	schizophrenia	57687
DOID:5419	schizophrenia	57689
DOID:5419	schizophrenia	57787
DOID:5419	schizophrenia	57795
DOID:5419	schizophrenia	58155
DOID:5419	schizophrenia	58508
DOID:5419	schizophrenia	58512
DOID:5419	schizophrenia	59269
DOID:5419	schizophrenia	63826
DOID:5419	schizophrenia	64219
DOID:5419	schizophrenia	64409
DOID:5419	schizophrenia	64478
DOID:5419	schizophrenia	64744
DOID:5419	schizophrenia	64753
DOID:5419	schizophrenia	64754
DOID:5419	schizophrenia	64919
DOID:5419	schizophrenia	79843
DOID:5419	schizophrenia	80028
DOID:5419	schizophrenia	80219
DOID:5419	schizophrenia	80224
DOID:5419	schizophrenia	80303
DOID:5419	schizophrenia	80309
DOID:5419	schizophrenia	80723
DOID:5419	schizophrenia	81610
DOID:5419	schizophrenia	83449
DOID:5419	schizophrenia	83481
DOID:5419	schizophrenia	83856
DOID:5419	schizophrenia	84162
DOID:5419	schizophrenia	84166
DOID:5419	schizophrenia	84193
DOID:5419	schizophrenia	84516
DOID:5419	schizophrenia	84678
DOID:5419	schizophrenia	84869
DOID:5419	schizophrenia	84910
DOID:5419	schizophrenia	85376
DOID:5419	schizophrenia	85449
DOID:5419	schizophrenia	85461
DOID:5419	schizophrenia	90627
DOID:5419	schizophrenia	92017
DOID:5419	schizophrenia	92737
DOID:5419	schizophrenia	113146
DOID:5419	schizophrenia	114784
DOID:5419	schizophrenia	116985
DOID:5419	schizophrenia	116987
DOID:5419	schizophrenia	118987
DOID:5419	schizophrenia	129285
DOID:5419	schizophrenia	129446
DOID:5419	schizophrenia	129684
DOID:5419	schizophrenia	131544
DOID:5419	schizophrenia	133418
DOID:5419	schizophrenia	136319
DOID:5419	schizophrenia	145773
DOID:5419	schizophrenia	148281
DOID:5419	schizophrenia	151613
DOID:5419	schizophrenia	152330
DOID:5419	schizophrenia	153090
DOID:5419	schizophrenia	158326
DOID:5419	schizophrenia	160428
DOID:5419	schizophrenia	160777
DOID:5419	schizophrenia	170690
DOID:5419	schizophrenia	202333
DOID:5419	schizophrenia	220965
DOID:5419	schizophrenia	221074
DOID:5419	schizophrenia	221184
DOID:5419	schizophrenia	221955
DOID:5419	schizophrenia	255101
DOID:5419	schizophrenia	259232
DOID:5419	schizophrenia	284217
DOID:5419	schizophrenia	285513
DOID:5419	schizophrenia	286046
DOID:5419	schizophrenia	337876
DOID:5419	schizophrenia	342667
DOID:5419	schizophrenia	345651
DOID:5419	schizophrenia	347731
DOID:5419	schizophrenia	399687
DOID:5419	schizophrenia	400954
DOID:5419	schizophrenia	440279
DOID:5419	schizophrenia	729993
DOID:5419	schizophrenia	100131244
DOID:5419	schizophrenia	55870
DOID:5419	schizophrenia	9256
DOID:5419	schizophrenia	126133
DOID:5419	schizophrenia	246
DOID:5419	schizophrenia	259173
DOID:5419	schizophrenia	51433
DOID:5419	schizophrenia	286
DOID:5419	schizophrenia	316
DOID:5419	schizophrenia	9826
DOID:5419	schizophrenia	10458
DOID:5419	schizophrenia	586
DOID:5419	schizophrenia	57448
DOID:5419	schizophrenia	84446
DOID:5419	schizophrenia	57020
DOID:5419	schizophrenia	57332
DOID:5419	schizophrenia	728621
DOID:5419	schizophrenia	57003
DOID:5419	schizophrenia	27243
DOID:5419	schizophrenia	10845
DOID:5419	schizophrenia	63967
DOID:5419	schizophrenia	129607
DOID:5419	schizophrenia	5067
DOID:5419	schizophrenia	1464
DOID:5419	schizophrenia	1662
DOID:5419	schizophrenia	1739
DOID:5419	schizophrenia	128853
DOID:5419	schizophrenia	1983
DOID:5419	schizophrenia	115704
DOID:5419	schizophrenia	2193
DOID:5419	schizophrenia	8857
DOID:5419	schizophrenia	79672
DOID:5419	schizophrenia	54438
DOID:5419	schizophrenia	28964
DOID:5419	schizophrenia	2783
DOID:5419	schizophrenia	10681
DOID:5419	schizophrenia	221393
DOID:5419	schizophrenia	94239
DOID:5419	schizophrenia	3008
DOID:5419	schizophrenia	8294
DOID:5419	schizophrenia	121457
DOID:5419	schizophrenia	10994
DOID:5419	schizophrenia	440073
DOID:5419	schizophrenia	81618
DOID:5419	schizophrenia	6453
DOID:5419	schizophrenia	3836
DOID:5419	schizophrenia	147183
DOID:5419	schizophrenia	3888
DOID:5419	schizophrenia	79165
DOID:5419	schizophrenia	7798
DOID:5419	schizophrenia	51517
DOID:5419	schizophrenia	23225
DOID:5419	schizophrenia	57523
DOID:5419	schizophrenia	84033
DOID:5419	schizophrenia	57575
DOID:5419	schizophrenia	56134
DOID:5419	schizophrenia	399909
DOID:5419	schizophrenia	22984
DOID:5419	schizophrenia	9659
DOID:5419	schizophrenia	5291
DOID:5419	schizophrenia	22874
DOID:5419	schizophrenia	27343
DOID:5419	schizophrenia	9588
DOID:5419	schizophrenia	158471
DOID:5419	schizophrenia	55269
DOID:5419	schizophrenia	22827
DOID:5419	schizophrenia	23132
DOID:5419	schizophrenia	5863
DOID:5419	schizophrenia	6002
DOID:5419	schizophrenia	64285
DOID:5419	schizophrenia	154661
DOID:5419	schizophrenia	22872
DOID:5419	schizophrenia	50944
DOID:5419	schizophrenia	6651
DOID:5419	schizophrenia	9043
DOID:5419	schizophrenia	80725
DOID:5419	schizophrenia	85464
DOID:5419	schizophrenia	23012
DOID:5419	schizophrenia	26115
DOID:5419	schizophrenia	26000
DOID:5419	schizophrenia	57533
DOID:5419	schizophrenia	7011
DOID:5419	schizophrenia	9967
DOID:5419	schizophrenia	9874
DOID:5419	schizophrenia	51284
DOID:5419	schizophrenia	199953
DOID:5419	schizophrenia	84629
DOID:5419	schizophrenia	4796
DOID:5419	schizophrenia	7257
DOID:5419	schizophrenia	55075
DOID:5419	schizophrenia	29979
DOID:5419	schizophrenia	9875
DOID:5419	schizophrenia	23230
DOID:5419	schizophrenia	58525
DOID:5419	schizophrenia	353274
DOID:1059	intellectual_disability	22
DOID:1059	intellectual_disability	178
DOID:1059	intellectual_disability	288
DOID:1059	intellectual_disability	383
DOID:1059	intellectual_disability	546
DOID:1059	intellectual_disability	547
DOID:1059	intellectual_disability	767
DOID:1059	intellectual_disability	778
DOID:1059	intellectual_disability	1013
DOID:1059	intellectual_disability	1499
DOID:1059	intellectual_disability	1654
DOID:1059	intellectual_disability	1741
DOID:1059	intellectual_disability	1756
DOID:1059	intellectual_disability	1778
DOID:1059	intellectual_disability	1804
DOID:1059	intellectual_disability	1859
DOID:1059	intellectual_disability	1917
DOID:1059	intellectual_disability	2036
DOID:1059	intellectual_disability	2182
DOID:1059	intellectual_disability	2245
DOID:1059	intellectual_disability	2263
DOID:1059	intellectual_disability	2273
DOID:1059	intellectual_disability	2332
DOID:1059	intellectual_disability	2664
DOID:1059	intellectual_disability	2892
DOID:1059	intellectual_disability	2898
DOID:1059	intellectual_disability	2902
DOID:1059	intellectual_disability	2903
DOID:1059	intellectual_disability	2904
DOID:1059	intellectual_disability	2954
DOID:1059	intellectual_disability	3028
DOID:1059	intellectual_disability	3054
DOID:1059	intellectual_disability	3340
DOID:1059	intellectual_disability	3476
DOID:1059	intellectual_disability	3766
DOID:1059	intellectual_disability	3785
DOID:1059	intellectual_disability	3832
DOID:1059	intellectual_disability	3897
DOID:1059	intellectual_disability	3920
DOID:1059	intellectual_disability	4204
DOID:1059	intellectual_disability	4208
DOID:1059	intellectual_disability	4297
DOID:1059	intellectual_disability	4983
DOID:1059	intellectual_disability	5063
DOID:1059	intellectual_disability	5251
DOID:1059	intellectual_disability	5255
DOID:1059	intellectual_disability	5518
DOID:1059	intellectual_disability	5528
DOID:1059	intellectual_disability	5813
DOID:1059	intellectual_disability	5932
DOID:1059	intellectual_disability	6197
DOID:1059	intellectual_disability	6487
DOID:1059	intellectual_disability	6567
DOID:1059	intellectual_disability	6597
DOID:1059	intellectual_disability	6611
DOID:1059	intellectual_disability	6616
DOID:1059	intellectual_disability	6855
DOID:1059	intellectual_disability	7102
DOID:1059	intellectual_disability	7991
DOID:1059	intellectual_disability	7994
DOID:1059	intellectual_disability	8239
DOID:1059	intellectual_disability	8242
DOID:1059	intellectual_disability	8243
DOID:1059	intellectual_disability	8289
DOID:1059	intellectual_disability	8450
DOID:1059	intellectual_disability	8573
DOID:1059	intellectual_disability	8671
DOID:1059	intellectual_disability	8831
DOID:1059	intellectual_disability	8924
DOID:1059	intellectual_disability	9343
DOID:1059	intellectual_disability	9439
DOID:1059	intellectual_disability	9459
DOID:1059	intellectual_disability	9524
DOID:1059	intellectual_disability	9871
DOID:1059	intellectual_disability	9968
DOID:1059	intellectual_disability	10075
DOID:1059	intellectual_disability	10087
DOID:1059	intellectual_disability	10159
DOID:1059	intellectual_disability	10290
DOID:1059	intellectual_disability	10369
DOID:1059	intellectual_disability	10479
DOID:1059	intellectual_disability	10664
DOID:1059	intellectual_disability	10908
DOID:1059	intellectual_disability	11141
DOID:1059	intellectual_disability	11253
DOID:1059	intellectual_disability	22978
DOID:1059	intellectual_disability	23040
DOID:1059	intellectual_disability	23096
DOID:1059	intellectual_disability	23126
DOID:1059	intellectual_disability	23133
DOID:1059	intellectual_disability	23325
DOID:1059	intellectual_disability	23345
DOID:1059	intellectual_disability	24137
DOID:1059	intellectual_disability	26040
DOID:1059	intellectual_disability	27316
DOID:1059	intellectual_disability	29925
DOID:1059	intellectual_disability	29926
DOID:1059	intellectual_disability	51095
DOID:1059	intellectual_disability	51185
DOID:1059	intellectual_disability	51741
DOID:1059	intellectual_disability	51761
DOID:1059	intellectual_disability	54413
DOID:1059	intellectual_disability	54499
DOID:1059	intellectual_disability	54805
DOID:1059	intellectual_disability	54862
DOID:1059	intellectual_disability	55624
DOID:1059	intellectual_disability	55690
DOID:1059	intellectual_disability	55717
DOID:1059	intellectual_disability	56776
DOID:1059	intellectual_disability	57187
DOID:1059	intellectual_disability	57459
DOID:1059	intellectual_disability	57465
DOID:1059	intellectual_disability	57477
DOID:1059	intellectual_disability	57502
DOID:1059	intellectual_disability	57609
DOID:1059	intellectual_disability	65109
DOID:1059	intellectual_disability	79791
DOID:1059	intellectual_disability	80055
DOID:1059	intellectual_disability	83696
DOID:1059	intellectual_disability	84623
DOID:1059	intellectual_disability	84706
DOID:1059	intellectual_disability	116442
DOID:1059	intellectual_disability	124997
DOID:1059	intellectual_disability	166378
DOID:1059	intellectual_disability	220296
DOID:1059	intellectual_disability	254065
DOID:1059	intellectual_disability	283489
DOID:1059	intellectual_disability	388662
DOID:1059	intellectual_disability	391
DOID:1059	intellectual_disability	527
DOID:1059	intellectual_disability	537
DOID:1059	intellectual_disability	1131
DOID:1059	intellectual_disability	1455
DOID:1059	intellectual_disability	1964
DOID:1059	intellectual_disability	3192
DOID:1059	intellectual_disability	3320
DOID:1059	intellectual_disability	3337
DOID:1059	intellectual_disability	3416
DOID:1059	intellectual_disability	3763
DOID:1059	intellectual_disability	4713
DOID:1059	intellectual_disability	4928
DOID:1059	intellectual_disability	5168
DOID:1059	intellectual_disability	5527
DOID:1059	intellectual_disability	5862
DOID:1059	intellectual_disability	5954
DOID:1059	intellectual_disability	5973
DOID:1059	intellectual_disability	6170
DOID:1059	intellectual_disability	6195
DOID:1059	intellectual_disability	6427
DOID:1059	intellectual_disability	6543
DOID:1059	intellectual_disability	6595
DOID:1059	intellectual_disability	7411
DOID:1059	intellectual_disability	8224
DOID:1059	intellectual_disability	8888
DOID:1059	intellectual_disability	8913
DOID:1059	intellectual_disability	8925
DOID:1059	intellectual_disability	9542
DOID:1059	intellectual_disability	9839
DOID:1059	intellectual_disability	9909
DOID:1059	intellectual_disability	9919
DOID:1059	intellectual_disability	10245
DOID:1059	intellectual_disability	10311
DOID:1059	intellectual_disability	10632
DOID:1059	intellectual_disability	10655
DOID:1059	intellectual_disability	10813
DOID:1059	intellectual_disability	10973
DOID:1059	intellectual_disability	10992
DOID:1059	intellectual_disability	11101
DOID:1059	intellectual_disability	11122
DOID:1059	intellectual_disability	11346
DOID:1059	intellectual_disability	22866
DOID:1059	intellectual_disability	22982
DOID:1059	intellectual_disability	23203
DOID:1059	intellectual_disability	23394
DOID:1059	intellectual_disability	28960
DOID:1059	intellectual_disability	28985
DOID:1059	intellectual_disability	29888
DOID:1059	intellectual_disability	29952
DOID:1059	intellectual_disability	30968
DOID:1059	intellectual_disability	51596
DOID:1059	intellectual_disability	54857
DOID:1059	intellectual_disability	54954
DOID:1059	intellectual_disability	55198
DOID:1059	intellectual_disability	55515
DOID:1059	intellectual_disability	55729
DOID:1059	intellectual_disability	57412
DOID:1059	intellectual_disability	57531
DOID:1059	intellectual_disability	57662
DOID:1059	intellectual_disability	63891
DOID:1059	intellectual_disability	64388
DOID:1059	intellectual_disability	64787
DOID:1059	intellectual_disability	64837
DOID:1059	intellectual_disability	79075
DOID:1059	intellectual_disability	81631
DOID:1059	intellectual_disability	81926
DOID:1059	intellectual_disability	83549
DOID:1059	intellectual_disability	83699
DOID:1059	intellectual_disability	83856
DOID:1059	intellectual_disability	84181
DOID:1059	intellectual_disability	84726
DOID:1059	intellectual_disability	90580
DOID:1059	intellectual_disability	91526
DOID:1059	intellectual_disability	93380
DOID:1059	intellectual_disability	94121
DOID:1059	intellectual_disability	140460
DOID:1059	intellectual_disability	160428
DOID:1059	intellectual_disability	171024
DOID:1059	intellectual_disability	201161
DOID:1059	intellectual_disability	245812
DOID:1059	intellectual_disability	347688
DOID:1059	intellectual_disability	375323
DOID:1059	intellectual_disability	541468
DOID:1826	epilepsy_syndrome	16
DOID:1826	epilepsy_syndrome	103
DOID:1826	epilepsy_syndrome	427
DOID:1826	epilepsy_syndrome	501
DOID:1826	epilepsy_syndrome	773
DOID:1826	epilepsy_syndrome	785
DOID:1826	epilepsy_syndrome	950
DOID:1826	epilepsy_syndrome	1130
DOID:1826	epilepsy_syndrome	1181
DOID:1826	epilepsy_syndrome	1476
DOID:1826	epilepsy_syndrome	1759
DOID:1826	epilepsy_syndrome	1917
DOID:1826	epilepsy_syndrome	2554
DOID:1826	epilepsy_syndrome	2555
DOID:1826	epilepsy_syndrome	2562
DOID:1826	epilepsy_syndrome	2563
DOID:1826	epilepsy_syndrome	2566
DOID:1826	epilepsy_syndrome	2775
DOID:1826	epilepsy_syndrome	2903
DOID:1826	epilepsy_syndrome	2904
DOID:1826	epilepsy_syndrome	3704
DOID:1826	epilepsy_syndrome	3737
DOID:1826	epilepsy_syndrome	3745
DOID:1826	epilepsy_syndrome	3746
DOID:1826	epilepsy_syndrome	3778
DOID:1826	epilepsy_syndrome	3785
DOID:1826	epilepsy_syndrome	3786
DOID:1826	epilepsy_syndrome	4208
DOID:1826	epilepsy_syndrome	4915
DOID:1826	epilepsy_syndrome	5649
DOID:1826	epilepsy_syndrome	6323
DOID:1826	epilepsy_syndrome	6324
DOID:1826	epilepsy_syndrome	6326
DOID:1826	epilepsy_syndrome	6334
DOID:1826	epilepsy_syndrome	6335
DOID:1826	epilepsy_syndrome	6487
DOID:1826	epilepsy_syndrome	6513
DOID:1826	epilepsy_syndrome	6529
DOID:1826	epilepsy_syndrome	6674
DOID:1826	epilepsy_syndrome	6709
DOID:1826	epilepsy_syndrome	6792
DOID:1826	epilepsy_syndrome	6812
DOID:1826	epilepsy_syndrome	6853
DOID:1826	epilepsy_syndrome	6900
DOID:1826	epilepsy_syndrome	7273
DOID:1826	epilepsy_syndrome	8831
DOID:1826	epilepsy_syndrome	8912
DOID:1826	epilepsy_syndrome	9211
DOID:1826	epilepsy_syndrome	9568
DOID:1826	epilepsy_syndrome	9570
DOID:1826	epilepsy_syndrome	10715
DOID:1826	epilepsy_syndrome	23229
DOID:1826	epilepsy_syndrome	23236
DOID:1826	epilepsy_syndrome	23334
DOID:1826	epilepsy_syndrome	25885
DOID:1826	epilepsy_syndrome	25977
DOID:1826	epilepsy_syndrome	26047
DOID:1826	epilepsy_syndrome	51741
DOID:1826	epilepsy_syndrome	55215
DOID:1826	epilepsy_syndrome	57465
DOID:1826	epilepsy_syndrome	57468
DOID:1826	epilepsy_syndrome	57526
DOID:1826	epilepsy_syndrome	57582
DOID:1826	epilepsy_syndrome	79633
DOID:1826	epilepsy_syndrome	79751
DOID:1826	epilepsy_syndrome	79809
DOID:1826	epilepsy_syndrome	79868
DOID:1826	epilepsy_syndrome	84823
DOID:1826	epilepsy_syndrome	85440
DOID:1826	epilepsy_syndrome	92335
DOID:1826	epilepsy_syndrome	112476
DOID:1826	epilepsy_syndrome	112755
DOID:1826	epilepsy_syndrome	114327
DOID:1826	epilepsy_syndrome	144165
DOID:1826	epilepsy_syndrome	166336
DOID:1826	epilepsy_syndrome	166378
DOID:1826	epilepsy_syndrome	284111
DOID:1826	epilepsy_syndrome	348980
DOID:1826	epilepsy_syndrome	115
DOID:1826	epilepsy_syndrome	267
DOID:1826	epilepsy_syndrome	369
DOID:1826	epilepsy_syndrome	527
DOID:1826	epilepsy_syndrome	1131
DOID:1826	epilepsy_syndrome	2053
DOID:1826	epilepsy_syndrome	2185
DOID:1826	epilepsy_syndrome	2558
DOID:1826	epilepsy_syndrome	2565
DOID:1826	epilepsy_syndrome	2823
DOID:1826	epilepsy_syndrome	2940
DOID:1826	epilepsy_syndrome	3269
DOID:1826	epilepsy_syndrome	3781
DOID:1826	epilepsy_syndrome	4064
DOID:1826	epilepsy_syndrome	5099
DOID:1826	epilepsy_syndrome	5108
DOID:1826	epilepsy_syndrome	5321
DOID:1826	epilepsy_syndrome	5590
DOID:1826	epilepsy_syndrome	5789
DOID:1826	epilepsy_syndrome	5905
DOID:1826	epilepsy_syndrome	5976
DOID:1826	epilepsy_syndrome	6263
DOID:1826	epilepsy_syndrome	6328
DOID:1826	epilepsy_syndrome	6332
DOID:1826	epilepsy_syndrome	6538
DOID:1826	epilepsy_syndrome	6810
DOID:1826	epilepsy_syndrome	7402
DOID:1826	epilepsy_syndrome	7533
DOID:1826	epilepsy_syndrome	8566
DOID:1826	epilepsy_syndrome	8568
DOID:1826	epilepsy_syndrome	8893
DOID:1826	epilepsy_syndrome	9498
DOID:1826	epilepsy_syndrome	9759
DOID:1826	epilepsy_syndrome	9839
DOID:1826	epilepsy_syndrome	10188
DOID:1826	epilepsy_syndrome	10242
DOID:1826	epilepsy_syndrome	10254
DOID:1826	epilepsy_syndrome	11316
DOID:1826	epilepsy_syndrome	23114
DOID:1826	epilepsy_syndrome	23271
DOID:1826	epilepsy_syndrome	23284
DOID:1826	epilepsy_syndrome	23287
DOID:1826	epilepsy_syndrome	27342
DOID:1826	epilepsy_syndrome	51286
DOID:1826	epilepsy_syndrome	51347
DOID:1826	epilepsy_syndrome	51649
DOID:1826	epilepsy_syndrome	54664
DOID:1826	epilepsy_syndrome	54726
DOID:1826	epilepsy_syndrome	55163
DOID:1826	epilepsy_syndrome	55521
DOID:1826	epilepsy_syndrome	55585
DOID:1826	epilepsy_syndrome	57537
DOID:1826	epilepsy_syndrome	57655
DOID:1826	epilepsy_syndrome	63971
DOID:1826	epilepsy_syndrome	64848
DOID:1826	epilepsy_syndrome	83699
DOID:1826	epilepsy_syndrome	84064
DOID:1826	epilepsy_syndrome	84245
DOID:1826	epilepsy_syndrome	84335
DOID:1826	epilepsy_syndrome	85452
DOID:1826	epilepsy_syndrome	94121
DOID:1826	epilepsy_syndrome	157922
DOID:1826	epilepsy_syndrome	166614
DOID:1826	epilepsy_syndrome	221981
DOID:1826	epilepsy_syndrome	375449
DOID:1826	epilepsy_syndrome	414149
DOID:1826	epilepsy_syndrome	2194
DOID:0060041	autism_spectrum_disorder	270
DOID:0060041	autism_spectrum_disorder	287
DOID:0060041	autism_spectrum_disorder	288
DOID:0060041	autism_spectrum_disorder	775
DOID:0060041	autism_spectrum_disorder	779
DOID:0060041	autism_spectrum_disorder	783
DOID:0060041	autism_spectrum_disorder	1687
DOID:0060041	autism_spectrum_disorder	1778
DOID:0060041	autism_spectrum_disorder	1859
DOID:0060041	autism_spectrum_disorder	1977
DOID:0060041	autism_spectrum_disorder	2562
DOID:0060041	autism_spectrum_disorder	2566
DOID:0060041	autism_spectrum_disorder	2903
DOID:0060041	autism_spectrum_disorder	2904
DOID:0060041	autism_spectrum_disorder	3094
DOID:0060041	autism_spectrum_disorder	3703
DOID:0060041	autism_spectrum_disorder	3981
DOID:0060041	autism_spectrum_disorder	4204
DOID:0060041	autism_spectrum_disorder	4893
DOID:0060041	autism_spectrum_disorder	5310
DOID:0060041	autism_spectrum_disorder	5621
DOID:0060041	autism_spectrum_disorder	5728
DOID:0060041	autism_spectrum_disorder	6134
DOID:0060041	autism_spectrum_disorder	6323
DOID:0060041	autism_spectrum_disorder	6326
DOID:0060041	autism_spectrum_disorder	6335
DOID:0060041	autism_spectrum_disorder	6529
DOID:0060041	autism_spectrum_disorder	6683
DOID:0060041	autism_spectrum_disorder	6792
DOID:0060041	autism_spectrum_disorder	7018
DOID:0060041	autism_spectrum_disorder	7248
DOID:0060041	autism_spectrum_disorder	7249
DOID:0060041	autism_spectrum_disorder	8379
DOID:0060041	autism_spectrum_disorder	8452
DOID:0060041	autism_spectrum_disorder	8831
DOID:0060041	autism_spectrum_disorder	9129
DOID:0060041	autism_spectrum_disorder	9378
DOID:0060041	autism_spectrum_disorder	9968
DOID:0060041	autism_spectrum_disorder	10142
DOID:0060041	autism_spectrum_disorder	22891
DOID:0060041	autism_spectrum_disorder	22941
DOID:0060041	autism_spectrum_disorder	22978
DOID:0060041	autism_spectrum_disorder	23040
DOID:0060041	autism_spectrum_disorder	23126
DOID:0060041	autism_spectrum_disorder	23345
DOID:0060041	autism_spectrum_disorder	26047
DOID:0060041	autism_spectrum_disorder	26058
DOID:0060041	autism_spectrum_disorder	54413
DOID:0060041	autism_spectrum_disorder	54805
DOID:0060041	autism_spectrum_disorder	57176
DOID:0060041	autism_spectrum_disorder	57502
DOID:0060041	autism_spectrum_disorder	57680
DOID:0060041	autism_spectrum_disorder	79728
DOID:0060041	autism_spectrum_disorder	79809
DOID:0060041	autism_spectrum_disorder	85358
DOID:0060041	autism_spectrum_disorder	317
DOID:0060041	autism_spectrum_disorder	1007
DOID:0060041	autism_spectrum_disorder	1769
DOID:0060041	autism_spectrum_disorder	1788
DOID:0060041	autism_spectrum_disorder	1826
DOID:0060041	autism_spectrum_disorder	1993
DOID:0060041	autism_spectrum_disorder	2020
DOID:0060041	autism_spectrum_disorder	2023
DOID:0060041	autism_spectrum_disorder	2739
DOID:0060041	autism_spectrum_disorder	2897
DOID:0060041	autism_spectrum_disorder	3608
DOID:0060041	autism_spectrum_disorder	3697
DOID:0060041	autism_spectrum_disorder	3699
DOID:0060041	autism_spectrum_disorder	3700
DOID:0060041	autism_spectrum_disorder	3800
DOID:0060041	autism_spectrum_disorder	4706
DOID:0060041	autism_spectrum_disorder	4713
DOID:0060041	autism_spectrum_disorder	4852
DOID:0060041	autism_spectrum_disorder	4916
DOID:0060041	autism_spectrum_disorder	5188
DOID:0060041	autism_spectrum_disorder	5527
DOID:0060041	autism_spectrum_disorder	6447
DOID:0060041	autism_spectrum_disorder	6595
DOID:0060041	autism_spectrum_disorder	7204
DOID:0060041	autism_spectrum_disorder	7812
DOID:0060041	autism_spectrum_disorder	8828
DOID:0060041	autism_spectrum_disorder	9320
DOID:0060041	autism_spectrum_disorder	9644
DOID:0060041	autism_spectrum_disorder	9759
DOID:0060041	autism_spectrum_disorder	9780
DOID:0060041	autism_spectrum_disorder	9824
DOID:0060041	autism_spectrum_disorder	9881
DOID:0060041	autism_spectrum_disorder	10105
DOID:0060041	autism_spectrum_disorder	10286
DOID:0060041	autism_spectrum_disorder	10514
DOID:0060041	autism_spectrum_disorder	10765
DOID:0060041	autism_spectrum_disorder	10787
DOID:0060041	autism_spectrum_disorder	23001
DOID:0060041	autism_spectrum_disorder	23046
DOID:0060041	autism_spectrum_disorder	23112
DOID:0060041	autism_spectrum_disorder	23181
DOID:0060041	autism_spectrum_disorder	23248
DOID:0060041	autism_spectrum_disorder	23394
DOID:0060041	autism_spectrum_disorder	25791
DOID:0060041	autism_spectrum_disorder	26011
DOID:0060041	autism_spectrum_disorder	26354
DOID:0060041	autism_spectrum_disorder	51592
DOID:0060041	autism_spectrum_disorder	51678
DOID:0060041	autism_spectrum_disorder	53335
DOID:0060041	autism_spectrum_disorder	54460
DOID:0060041	autism_spectrum_disorder	54734
DOID:0060041	autism_spectrum_disorder	55074
DOID:0060041	autism_spectrum_disorder	55914
DOID:0060041	autism_spectrum_disorder	56899
DOID:0060041	autism_spectrum_disorder	56964
DOID:0060041	autism_spectrum_disorder	57084
DOID:0060041	autism_spectrum_disorder	57412
DOID:0060041	autism_spectrum_disorder	58508
DOID:0060041	autism_spectrum_disorder	64478
DOID:0060041	autism_spectrum_disorder	79176
DOID:0060041	autism_spectrum_disorder	80143
DOID:0060041	autism_spectrum_disorder	80155
DOID:0060041	autism_spectrum_disorder	83473
DOID:0060041	autism_spectrum_disorder	83992
DOID:0060041	autism_spectrum_disorder	84516
DOID:0060041	autism_spectrum_disorder	84932
DOID:0060041	autism_spectrum_disorder	114781
DOID:0060041	autism_spectrum_disorder	115992
DOID:0060041	autism_spectrum_disorder	121441
DOID:0060041	autism_spectrum_disorder	124976
DOID:0060041	autism_spectrum_disorder	129285
DOID:0060041	autism_spectrum_disorder	136319
DOID:0060041	autism_spectrum_disorder	140733
DOID:0060041	autism_spectrum_disorder	148281
DOID:0060041	autism_spectrum_disorder	163259
DOID:0060041	autism_spectrum_disorder	205428
DOID:0060041	autism_spectrum_disorder	221074
DOID:0060041	autism_spectrum_disorder	337876
DOID:0060041	autism_spectrum_disorder	55870
DOID:0060041	autism_spectrum_disorder	64599
DOID:0060041	autism_spectrum_disorder	5754
DOID:0060041	autism_spectrum_disorder	43
DOID:0060041	autism_spectrum_disorder	2109
DOID:0060041	autism_spectrum_disorder	22981
DOID:12849	autistic_disorder	270
DOID:12849	autistic_disorder	287
DOID:12849	autistic_disorder	288
DOID:12849	autistic_disorder	775
DOID:12849	autistic_disorder	779
DOID:12849	autistic_disorder	783
DOID:12849	autistic_disorder	1687
DOID:12849	autistic_disorder	1778
DOID:12849	autistic_disorder	1859
DOID:12849	autistic_disorder	1977
DOID:12849	autistic_disorder	2562
DOID:12849	autistic_disorder	2566
DOID:12849	autistic_disorder	2903
DOID:12849	autistic_disorder	2904
DOID:12849	autistic_disorder	3094
DOID:12849	autistic_disorder	3703
DOID:12849	autistic_disorder	3981
DOID:12849	autistic_disorder	4204
DOID:12849	autistic_disorder	4893
DOID:12849	autistic_disorder	5310
DOID:12849	autistic_disorder	5621
DOID:12849	autistic_disorder	5728
DOID:12849	autistic_disorder	6134
DOID:12849	autistic_disorder	6323
DOID:12849	autistic_disorder	6326
DOID:12849	autistic_disorder	6335
DOID:12849	autistic_disorder	6529
DOID:12849	autistic_disorder	6683
DOID:12849	autistic_disorder	6792
DOID:12849	autistic_disorder	7018
DOID:12849	autistic_disorder	7248
DOID:12849	autistic_disorder	7249
DOID:12849	autistic_disorder	8379
DOID:12849	autistic_disorder	8452
DOID:12849	autistic_disorder	8831
DOID:12849	autistic_disorder	9129
DOID:12849	autistic_disorder	9378
DOID:12849	autistic_disorder	9968
DOID:12849	autistic_disorder	10142
DOID:12849	autistic_disorder	22891
DOID:12849	autistic_disorder	22941
DOID:12849	autistic_disorder	22978
DOID:12849	autistic_disorder	23040
DOID:12849	autistic_disorder	23126
DOID:12849	autistic_disorder	23345
DOID:12849	autistic_disorder	26047
DOID:12849	autistic_disorder	26058
DOID:12849	autistic_disorder	54413
DOID:12849	autistic_disorder	54805
DOID:12849	autistic_disorder	57176
DOID:12849	autistic_disorder	57502
DOID:12849	autistic_disorder	57680
DOID:12849	autistic_disorder	79728
DOID:12849	autistic_disorder	79809
DOID:12849	autistic_disorder	85358
DOID:12849	autistic_disorder	317
DOID:12849	autistic_disorder	1007
DOID:12849	autistic_disorder	1769
DOID:12849	autistic_disorder	1788
DOID:12849	autistic_disorder	1826
DOID:12849	autistic_disorder	1993
DOID:12849	autistic_disorder	2020
DOID:12849	autistic_disorder	2023
DOID:12849	autistic_disorder	2739
DOID:12849	autistic_disorder	2897
DOID:12849	autistic_disorder	3608
DOID:12849	autistic_disorder	3697
DOID:12849	autistic_disorder	3699
DOID:12849	autistic_disorder	3700
DOID:12849	autistic_disorder	3800
DOID:12849	autistic_disorder	4706
DOID:12849	autistic_disorder	4713
DOID:12849	autistic_disorder	4852
DOID:12849	autistic_disorder	4916
DOID:12849	autistic_disorder	5188
DOID:12849	autistic_disorder	5527
DOID:12849	autistic_disorder	6447
DOID:12849	autistic_disorder	6595
DOID:12849	autistic_disorder	7204
DOID:12849	autistic_disorder	7812
DOID:12849	autistic_disorder	8828
DOID:12849	autistic_disorder	9320
DOID:12849	autistic_disorder	9644
DOID:12849	autistic_disorder	9759
DOID:12849	autistic_disorder	9780
DOID:12849	autistic_disorder	9824
DOID:12849	autistic_disorder	9881
DOID:12849	autistic_disorder	10105
DOID:12849	autistic_disorder	10286
DOID:12849	autistic_disorder	10514
DOID:12849	autistic_disorder	10765
DOID:12849	autistic_disorder	10787
DOID:12849	autistic_disorder	23001
DOID:12849	autistic_disorder	23046
DOID:12849	autistic_disorder	23112
DOID:12849	autistic_disorder	23181
DOID:12849	autistic_disorder	23248
DOID:12849	autistic_disorder	23394
DOID:12849	autistic_disorder	25791
DOID:12849	autistic_disorder	26011
DOID:12849	autistic_disorder	26354
DOID:12849	autistic_disorder	51592
DOID:12849	autistic_disorder	51678
DOID:12849	autistic_disorder	53335
DOID:12849	autistic_disorder	54460
DOID:12849	autistic_disorder	54734
DOID:12849	autistic_disorder	55074
DOID:12849	autistic_disorder	55914
DOID:12849	autistic_disorder	56899
DOID:12849	autistic_disorder	56964
DOID:12849	autistic_disorder	57084
DOID:12849	autistic_disorder	57412
DOID:12849	autistic_disorder	58508
DOID:12849	autistic_disorder	64478
DOID:12849	autistic_disorder	79176
DOID:12849	autistic_disorder	80143
DOID:12849	autistic_disorder	80155
DOID:12849	autistic_disorder	83473
DOID:12849	autistic_disorder	83992
DOID:12849	autistic_disorder	84516
DOID:12849	autistic_disorder	84932
DOID:12849	autistic_disorder	114781
DOID:12849	autistic_disorder	115992
DOID:12849	autistic_disorder	121441
DOID:12849	autistic_disorder	124976
DOID:12849	autistic_disorder	129285
DOID:12849	autistic_disorder	136319
DOID:12849	autistic_disorder	140733
DOID:12849	autistic_disorder	148281
DOID:12849	autistic_disorder	163259
DOID:12849	autistic_disorder	205428
DOID:12849	autistic_disorder	221074
DOID:12849	autistic_disorder	337876
DOID:12849	autistic_disorder	55870
DOID:12849	autistic_disorder	64599
DOID:12849	autistic_disorder	5754
DOID:12849	autistic_disorder	43
DOID:12849	autistic_disorder	2109
DOID:12849	autistic_disorder	22981
DOID:14330	Parkinson's_disease	125
DOID:14330	Parkinson's_disease	126
DOID:14330	Parkinson's_disease	950
DOID:14330	Parkinson's_disease	1272
DOID:14330	Parkinson's_disease	1650
DOID:14330	Parkinson's_disease	1829
DOID:14330	Parkinson's_disease	1981
DOID:14330	Parkinson's_disease	2629
DOID:14330	Parkinson's_disease	4001
DOID:14330	Parkinson's_disease	4137
DOID:14330	Parkinson's_disease	4157
DOID:14330	Parkinson's_disease	6311
DOID:14330	Parkinson's_disease	6390
DOID:14330	Parkinson's_disease	6622
DOID:14330	Parkinson's_disease	7345
DOID:14330	Parkinson's_disease	8398
DOID:14330	Parkinson's_disease	8867
DOID:14330	Parkinson's_disease	9321
DOID:14330	Parkinson's_disease	9531
DOID:14330	Parkinson's_disease	9829
DOID:14330	Parkinson's_disease	9842
DOID:14330	Parkinson's_disease	10654
DOID:14330	Parkinson's_disease	11315
DOID:14330	Parkinson's_disease	23317
DOID:14330	Parkinson's_disease	25793
DOID:14330	Parkinson's_disease	26058
DOID:14330	Parkinson's_disease	27429
DOID:14330	Parkinson's_disease	51142
DOID:14330	Parkinson's_disease	55737
DOID:14330	Parkinson's_disease	56683
DOID:14330	Parkinson's_disease	56922
DOID:14330	Parkinson's_disease	120892
DOID:14330	Parkinson's_disease	205
DOID:14330	Parkinson's_disease	952
DOID:14330	Parkinson's_disease	1508
DOID:14330	Parkinson's_disease	1609
DOID:14330	Parkinson's_disease	1620
DOID:14330	Parkinson's_disease	1740
DOID:14330	Parkinson's_disease	2222
DOID:14330	Parkinson's_disease	2580
DOID:14330	Parkinson's_disease	2747
DOID:14330	Parkinson's_disease	4707
DOID:14330	Parkinson's_disease	4729
DOID:14330	Parkinson's_disease	4905
DOID:14330	Parkinson's_disease	5198
DOID:14330	Parkinson's_disease	5689
DOID:14330	Parkinson's_disease	5708
DOID:14330	Parkinson's_disease	5791
DOID:14330	Parkinson's_disease	6014
DOID:14330	Parkinson's_disease	6456
DOID:14330	Parkinson's_disease	6720
DOID:14330	Parkinson's_disease	8204
DOID:14330	Parkinson's_disease	8224
DOID:14330	Parkinson's_disease	8562
DOID:14330	Parkinson's_disease	8893
DOID:14330	Parkinson's_disease	8987
DOID:14330	Parkinson's_disease	8999
DOID:14330	Parkinson's_disease	9026
DOID:14330	Parkinson's_disease	9762
DOID:14330	Parkinson's_disease	9825
DOID:14330	Parkinson's_disease	10295
DOID:14330	Parkinson's_disease	10381
DOID:14330	Parkinson's_disease	10457
DOID:14330	Parkinson's_disease	10497
DOID:14330	Parkinson's_disease	10656
DOID:14330	Parkinson's_disease	10743
DOID:14330	Parkinson's_disease	10815
DOID:14330	Parkinson's_disease	22828
DOID:14330	Parkinson's_disease	22848
DOID:14330	Parkinson's_disease	22915
DOID:14330	Parkinson's_disease	22980
DOID:14330	Parkinson's_disease	22998
DOID:14330	Parkinson's_disease	23255
DOID:14330	Parkinson's_disease	25966
DOID:14330	Parkinson's_disease	26034
DOID:14330	Parkinson's_disease	27247
DOID:14330	Parkinson's_disease	27347
DOID:14330	Parkinson's_disease	28956
DOID:14330	Parkinson's_disease	29761
DOID:14330	Parkinson's_disease	51059
DOID:14330	Parkinson's_disease	54165
DOID:14330	Parkinson's_disease	54875
DOID:14330	Parkinson's_disease	55236
DOID:14330	Parkinson's_disease	55506
DOID:14330	Parkinson's_disease	56895
DOID:14330	Parkinson's_disease	56928
DOID:14330	Parkinson's_disease	57475
DOID:14330	Parkinson's_disease	57568
DOID:14330	Parkinson's_disease	57626
DOID:14330	Parkinson's_disease	60492
DOID:14330	Parkinson's_disease	64710
DOID:14330	Parkinson's_disease	65992
DOID:14330	Parkinson's_disease	79832
DOID:14330	Parkinson's_disease	80303
DOID:14330	Parkinson's_disease	81615
DOID:14330	Parkinson's_disease	84129
DOID:14330	Parkinson's_disease	114134
DOID:14330	Parkinson's_disease	154043
DOID:14330	Parkinson's_disease	219738
DOID:14330	Parkinson's_disease	219771
DOID:14330	Parkinson's_disease	221061
DOID:14330	Parkinson's_disease	285513
DOID:14330	Parkinson's_disease	360200
DOID:14330	Parkinson's_disease	440279
DOID:12858	Huntington's_disease	3064
DOID:12858	Huntington's_disease	5621
DOID:12858	Huntington's_disease	57338
DOID:3312	bipolar_disorder	288
DOID:3312	bipolar_disorder	338
DOID:3312	bipolar_disorder	478
DOID:3312	bipolar_disorder	775
DOID:3312	bipolar_disorder	779
DOID:3312	bipolar_disorder	783
DOID:3312	bipolar_disorder	966
DOID:3312	bipolar_disorder	1272
DOID:3312	bipolar_disorder	1284
DOID:3312	bipolar_disorder	1687
DOID:3312	bipolar_disorder	1756
DOID:3312	bipolar_disorder	1767
DOID:3312	bipolar_disorder	2898
DOID:3312	bipolar_disorder	2903
DOID:3312	bipolar_disorder	2934
DOID:3312	bipolar_disorder	3094
DOID:3312	bipolar_disorder	3105
DOID:3312	bipolar_disorder	3703
DOID:3312	bipolar_disorder	3815
DOID:3312	bipolar_disorder	3981
DOID:3312	bipolar_disorder	4163
DOID:3312	bipolar_disorder	4607
DOID:3312	bipolar_disorder	4624
DOID:3312	bipolar_disorder	4643
DOID:3312	bipolar_disorder	5621
DOID:3312	bipolar_disorder	6125
DOID:3312	bipolar_disorder	6391
DOID:3312	bipolar_disorder	6469
DOID:3312	bipolar_disorder	6611
DOID:3312	bipolar_disorder	6712
DOID:3312	bipolar_disorder	6789
DOID:3312	bipolar_disorder	8216
DOID:3312	bipolar_disorder	8379
DOID:3312	bipolar_disorder	8642
DOID:3312	bipolar_disorder	8722
DOID:3312	bipolar_disorder	8842
DOID:3312	bipolar_disorder	9129
DOID:3312	bipolar_disorder	9414
DOID:3312	bipolar_disorder	10000
DOID:3312	bipolar_disorder	10075
DOID:3312	bipolar_disorder	10082
DOID:3312	bipolar_disorder	10395
DOID:3312	bipolar_disorder	10397
DOID:3312	bipolar_disorder	11178
DOID:3312	bipolar_disorder	11231
DOID:3312	bipolar_disorder	22978
DOID:3312	bipolar_disorder	23133
DOID:3312	bipolar_disorder	23171
DOID:3312	bipolar_disorder	23312
DOID:3312	bipolar_disorder	23345
DOID:3312	bipolar_disorder	25782
DOID:3312	bipolar_disorder	26047
DOID:3312	bipolar_disorder	26058
DOID:3312	bipolar_disorder	27445
DOID:3312	bipolar_disorder	51185
DOID:3312	bipolar_disorder	51196
DOID:3312	bipolar_disorder	51422
DOID:3312	bipolar_disorder	51741
DOID:3312	bipolar_disorder	51761
DOID:3312	bipolar_disorder	54414
DOID:3312	bipolar_disorder	54453
DOID:3312	bipolar_disorder	54805
DOID:3312	bipolar_disorder	54928
DOID:3312	bipolar_disorder	56922
DOID:3312	bipolar_disorder	57096
DOID:3312	bipolar_disorder	57176
DOID:3312	bipolar_disorder	57338
DOID:3312	bipolar_disorder	57572
DOID:3312	bipolar_disorder	57709
DOID:3312	bipolar_disorder	64072
DOID:3312	bipolar_disorder	79633
DOID:3312	bipolar_disorder	79728
DOID:3312	bipolar_disorder	80055
DOID:3312	bipolar_disorder	80821
DOID:3312	bipolar_disorder	81839
DOID:3312	bipolar_disorder	84668
DOID:3312	bipolar_disorder	84892
DOID:3312	bipolar_disorder	114798
DOID:3312	bipolar_disorder	120892
DOID:3312	bipolar_disorder	220296
DOID:3312	bipolar_disorder	89
DOID:3312	bipolar_disorder	108
DOID:3312	bipolar_disorder	216
DOID:3312	bipolar_disorder	272
DOID:3312	bipolar_disorder	301
DOID:3312	bipolar_disorder	317
DOID:3312	bipolar_disorder	320
DOID:3312	bipolar_disorder	394
DOID:3312	bipolar_disorder	489
DOID:3312	bipolar_disorder	526
DOID:3312	bipolar_disorder	575
DOID:3312	bipolar_disorder	781
DOID:3312	bipolar_disorder	784
DOID:3312	bipolar_disorder	1000
DOID:3312	bipolar_disorder	1002
DOID:3312	bipolar_disorder	1185
DOID:3312	bipolar_disorder	1463
DOID:3312	bipolar_disorder	1496
DOID:3312	bipolar_disorder	1501
DOID:3312	bipolar_disorder	1512
DOID:3312	bipolar_disorder	1565
DOID:3312	bipolar_disorder	1612
DOID:3312	bipolar_disorder	1620
DOID:3312	bipolar_disorder	1907
DOID:3312	bipolar_disorder	1948
DOID:3312	bipolar_disorder	1993
DOID:3312	bipolar_disorder	2023
DOID:3312	bipolar_disorder	2040
DOID:3312	bipolar_disorder	2257
DOID:3312	bipolar_disorder	2262
DOID:3312	bipolar_disorder	2823
DOID:3312	bipolar_disorder	2890
DOID:3312	bipolar_disorder	2897
DOID:3312	bipolar_disorder	2901
DOID:3312	bipolar_disorder	2917
DOID:3312	bipolar_disorder	2918
DOID:3312	bipolar_disorder	3097
DOID:3312	bipolar_disorder	3183
DOID:3312	bipolar_disorder	3631
DOID:3312	bipolar_disorder	3688
DOID:3312	bipolar_disorder	3697
DOID:3312	bipolar_disorder	3699
DOID:3312	bipolar_disorder	3700
DOID:3312	bipolar_disorder	3787
DOID:3312	bipolar_disorder	3799
DOID:3312	bipolar_disorder	3800
DOID:3312	bipolar_disorder	4139
DOID:3312	bipolar_disorder	4199
DOID:3312	bipolar_disorder	4651
DOID:3312	bipolar_disorder	4684
DOID:3312	bipolar_disorder	4697
DOID:3312	bipolar_disorder	4706
DOID:3312	bipolar_disorder	4713
DOID:3312	bipolar_disorder	4774
DOID:3312	bipolar_disorder	4852
DOID:3312	bipolar_disorder	4916
DOID:3312	bipolar_disorder	4925
DOID:3312	bipolar_disorder	5010
DOID:3312	bipolar_disorder	5188
DOID:3312	bipolar_disorder	5286
DOID:3312	bipolar_disorder	5588
DOID:3312	bipolar_disorder	5799
DOID:3312	bipolar_disorder	5908
DOID:3312	bipolar_disorder	5923
DOID:3312	bipolar_disorder	6009
DOID:3312	bipolar_disorder	6207
DOID:3312	bipolar_disorder	6233
DOID:3312	bipolar_disorder	6451
DOID:3312	bipolar_disorder	6498
DOID:3312	bipolar_disorder	6595
DOID:3312	bipolar_disorder	6641
DOID:3312	bipolar_disorder	6874
DOID:3312	bipolar_disorder	6903
DOID:3312	bipolar_disorder	6942
DOID:3312	bipolar_disorder	7057
DOID:3312	bipolar_disorder	8340
DOID:3312	bipolar_disorder	8537
DOID:3312	bipolar_disorder	8624
DOID:3312	bipolar_disorder	8650
DOID:3312	bipolar_disorder	8662
DOID:3312	bipolar_disorder	8674
DOID:3312	bipolar_disorder	9079
DOID:3312	bipolar_disorder	9141
DOID:3312	bipolar_disorder	9172
DOID:3312	bipolar_disorder	9416
DOID:3312	bipolar_disorder	9472
DOID:3312	bipolar_disorder	9550
DOID:3312	bipolar_disorder	9644
DOID:3312	bipolar_disorder	9759
DOID:3312	bipolar_disorder	9881
DOID:3312	bipolar_disorder	9892
DOID:3312	bipolar_disorder	9926
DOID:3312	bipolar_disorder	9984
DOID:3312	bipolar_disorder	10100
DOID:3312	bipolar_disorder	10105
DOID:3312	bipolar_disorder	10125
DOID:3312	bipolar_disorder	10242
DOID:3312	bipolar_disorder	10335
DOID:3312	bipolar_disorder	10409
DOID:3312	bipolar_disorder	10497
DOID:3312	bipolar_disorder	10772
DOID:3312	bipolar_disorder	10846
DOID:3312	bipolar_disorder	10933
DOID:3312	bipolar_disorder	11056
DOID:3312	bipolar_disorder	11075
DOID:3312	bipolar_disorder	22823
DOID:3312	bipolar_disorder	23037
DOID:3312	bipolar_disorder	23046
DOID:3312	bipolar_disorder	23140
DOID:3312	bipolar_disorder	23195
DOID:3312	bipolar_disorder	23237
DOID:3312	bipolar_disorder	23248
DOID:3312	bipolar_disorder	23379
DOID:3312	bipolar_disorder	23426
DOID:3312	bipolar_disorder	23499
DOID:3312	bipolar_disorder	23544
DOID:3312	bipolar_disorder	23705
DOID:3312	bipolar_disorder	25758
DOID:3312	bipolar_disorder	25791
DOID:3312	bipolar_disorder	26011
DOID:3312	bipolar_disorder	26035
DOID:3312	bipolar_disorder	26059
DOID:3312	bipolar_disorder	26354
DOID:3312	bipolar_disorder	26504
DOID:3312	bipolar_disorder	26999
DOID:3312	bipolar_disorder	27092
DOID:3312	bipolar_disorder	27255
DOID:3312	bipolar_disorder	27306
DOID:3312	bipolar_disorder	29843
DOID:3312	bipolar_disorder	29953
DOID:3312	bipolar_disorder	50863
DOID:3312	bipolar_disorder	51059
DOID:3312	bipolar_disorder	51084
DOID:3312	bipolar_disorder	51380
DOID:3312	bipolar_disorder	51592
DOID:3312	bipolar_disorder	51606
DOID:3312	bipolar_disorder	51649
DOID:3312	bipolar_disorder	51678
DOID:3312	bipolar_disorder	54014
DOID:3312	bipolar_disorder	54039
DOID:3312	bipolar_disorder	54460
DOID:3312	bipolar_disorder	54468
DOID:3312	bipolar_disorder	54495
DOID:3312	bipolar_disorder	54522
DOID:3312	bipolar_disorder	54734
DOID:3312	bipolar_disorder	54832
DOID:3312	bipolar_disorder	54861
DOID:3312	bipolar_disorder	54954
DOID:3312	bipolar_disorder	55074
DOID:3312	bipolar_disorder	55186
DOID:3312	bipolar_disorder	55193
DOID:3312	bipolar_disorder	55619
DOID:3312	bipolar_disorder	55763
DOID:3312	bipolar_disorder	55799
DOID:3312	bipolar_disorder	56899
DOID:3312	bipolar_disorder	56926
DOID:3312	bipolar_disorder	56963
DOID:3312	bipolar_disorder	57084
DOID:3312	bipolar_disorder	57142
DOID:3312	bipolar_disorder	57156
DOID:3312	bipolar_disorder	57412
DOID:3312	bipolar_disorder	57455
DOID:3312	bipolar_disorder	57531
DOID:3312	bipolar_disorder	57628
DOID:3312	bipolar_disorder	57665
DOID:3312	bipolar_disorder	57683
DOID:3312	bipolar_disorder	57687
DOID:3312	bipolar_disorder	57689
DOID:3312	bipolar_disorder	58508
DOID:3312	bipolar_disorder	64409
DOID:3312	bipolar_disorder	64478
DOID:3312	bipolar_disorder	64786
DOID:3312	bipolar_disorder	65985
DOID:3312	bipolar_disorder	80205
DOID:3312	bipolar_disorder	80224
DOID:3312	bipolar_disorder	80705
DOID:3312	bipolar_disorder	80709
DOID:3312	bipolar_disorder	80856
DOID:3312	bipolar_disorder	81555
DOID:3312	bipolar_disorder	81562
DOID:3312	bipolar_disorder	83659
DOID:3312	bipolar_disorder	84166
DOID:3312	bipolar_disorder	84250
DOID:3312	bipolar_disorder	84516
DOID:3312	bipolar_disorder	84952
DOID:3312	bipolar_disorder	85449
DOID:3312	bipolar_disorder	92797
DOID:3312	bipolar_disorder	94134
DOID:3312	bipolar_disorder	114795
DOID:3312	bipolar_disorder	116443
DOID:3312	bipolar_disorder	118987
DOID:3312	bipolar_disorder	122402
DOID:3312	bipolar_disorder	127795
DOID:3312	bipolar_disorder	129285
DOID:3312	bipolar_disorder	136319
DOID:3312	bipolar_disorder	140707
DOID:3312	bipolar_disorder	145773
DOID:3312	bipolar_disorder	148281
DOID:3312	bipolar_disorder	149465
DOID:3312	bipolar_disorder	152330
DOID:3312	bipolar_disorder	158326
DOID:3312	bipolar_disorder	161742
DOID:3312	bipolar_disorder	164592
DOID:3312	bipolar_disorder	170690
DOID:3312	bipolar_disorder	200734
DOID:3312	bipolar_disorder	202018
DOID:3312	bipolar_disorder	202333
DOID:3312	bipolar_disorder	219793
DOID:3312	bipolar_disorder	221074
DOID:3312	bipolar_disorder	221184
DOID:3312	bipolar_disorder	259232
DOID:3312	bipolar_disorder	337876
DOID:3312	bipolar_disorder	343990
DOID:3312	bipolar_disorder	388135
DOID:3312	bipolar_disorder	404037
DOID:3312	bipolar_disorder	10938
DOID:3312	bipolar_disorder	9256
DOID:3312	bipolar_disorder	113026
DOID:3312	bipolar_disorder	23049
DOID:3312	bipolar_disorder	10645
DOID:3312	bipolar_disorder	2947
DOID:3312	bipolar_disorder	7405
DOID:3312	bipolar_disorder	55704
DOID:3312	bipolar_disorder	9590
DOID:3312	bipolar_disorder	5335
DOID:10652	Alzheimer's_disease	2
DOID:10652	Alzheimer's_disease	102
DOID:10652	Alzheimer's_disease	274
DOID:10652	Alzheimer's_disease	348
DOID:10652	Alzheimer's_disease	351
DOID:10652	Alzheimer's_disease	642
DOID:10652	Alzheimer's_disease	1272
DOID:10652	Alzheimer's_disease	1636
DOID:10652	Alzheimer's_disease	1778
DOID:10652	Alzheimer's_disease	1828
DOID:10652	Alzheimer's_disease	2177
DOID:10652	Alzheimer's_disease	2266
DOID:10652	Alzheimer's_disease	2956
DOID:10652	Alzheimer's_disease	3757
DOID:10652	Alzheimer's_disease	4000
DOID:10652	Alzheimer's_disease	4208
DOID:10652	Alzheimer's_disease	4210
DOID:10652	Alzheimer's_disease	4353
DOID:10652	Alzheimer's_disease	4722
DOID:10652	Alzheimer's_disease	4846
DOID:10652	Alzheimer's_disease	5621
DOID:10652	Alzheimer's_disease	5649
DOID:10652	Alzheimer's_disease	5663
DOID:10652	Alzheimer's_disease	6334
DOID:10652	Alzheimer's_disease	6505
DOID:10652	Alzheimer's_disease	6521
DOID:10652	Alzheimer's_disease	6653
DOID:10652	Alzheimer's_disease	6794
DOID:10652	Alzheimer's_disease	7018
DOID:10652	Alzheimer's_disease	7414
DOID:10652	Alzheimer's_disease	8301
DOID:10652	Alzheimer's_disease	8878
DOID:10652	Alzheimer's_disease	9639
DOID:10652	Alzheimer's_disease	10082
DOID:10652	Alzheimer's_disease	10165
DOID:10652	Alzheimer's_disease	22800
DOID:10652	Alzheimer's_disease	23299
DOID:10652	Alzheimer's_disease	23431
DOID:10652	Alzheimer's_disease	23607
DOID:10652	Alzheimer's_disease	23646
DOID:10652	Alzheimer's_disease	26047
DOID:10652	Alzheimer's_disease	54205
DOID:10652	Alzheimer's_disease	54822
DOID:10652	Alzheimer's_disease	55054
DOID:10652	Alzheimer's_disease	55130
DOID:10652	Alzheimer's_disease	55967
DOID:10652	Alzheimer's_disease	56203
DOID:10652	Alzheimer's_disease	56776
DOID:10652	Alzheimer's_disease	56997
DOID:10652	Alzheimer's_disease	63982
DOID:10652	Alzheimer's_disease	79188
DOID:10652	Alzheimer's_disease	80821
DOID:10652	Alzheimer's_disease	120892
DOID:10652	Alzheimer's_disease	123041
DOID:10652	Alzheimer's_disease	137682
DOID:10652	Alzheimer's_disease	48
DOID:10652	Alzheimer's_disease	114
DOID:10652	Alzheimer's_disease	159
DOID:10652	Alzheimer's_disease	161
DOID:10652	Alzheimer's_disease	528
DOID:10652	Alzheimer's_disease	814
DOID:10652	Alzheimer's_disease	818
DOID:10652	Alzheimer's_disease	1004
DOID:10652	Alzheimer's_disease	1131
DOID:10652	Alzheimer's_disease	1191
DOID:10652	Alzheimer's_disease	1350
DOID:10652	Alzheimer's_disease	1379
DOID:10652	Alzheimer's_disease	1456
DOID:10652	Alzheimer's_disease	1496
DOID:10652	Alzheimer's_disease	1657
DOID:10652	Alzheimer's_disease	1780
DOID:10652	Alzheimer's_disease	2053
DOID:10652	Alzheimer's_disease	2054
DOID:10652	Alzheimer's_disease	2185
DOID:10652	Alzheimer's_disease	2246
DOID:10652	Alzheimer's_disease	2262
DOID:10652	Alzheimer's_disease	2558
DOID:10652	Alzheimer's_disease	2590
DOID:10652	Alzheimer's_disease	2840
DOID:10652	Alzheimer's_disease	3006
DOID:10652	Alzheimer's_disease	3018
DOID:10652	Alzheimer's_disease	3635
DOID:10652	Alzheimer's_disease	3800
DOID:10652	Alzheimer's_disease	3921
DOID:10652	Alzheimer's_disease	4214
DOID:10652	Alzheimer's_disease	4299
DOID:10652	Alzheimer's_disease	4336
DOID:10652	Alzheimer's_disease	4648
DOID:10652	Alzheimer's_disease	5099
DOID:10652	Alzheimer's_disease	5151
DOID:10652	Alzheimer's_disease	5629
DOID:10652	Alzheimer's_disease	5858
DOID:10652	Alzheimer's_disease	5930
DOID:10652	Alzheimer's_disease	5983
DOID:10652	Alzheimer's_disease	6546
DOID:10652	Alzheimer's_disease	6558
DOID:10652	Alzheimer's_disease	7053
DOID:10652	Alzheimer's_disease	7422
DOID:10652	Alzheimer's_disease	7447
DOID:10652	Alzheimer's_disease	8428
DOID:10652	Alzheimer's_disease	8440
DOID:10652	Alzheimer's_disease	8801
DOID:10652	Alzheimer's_disease	8854
DOID:10652	Alzheimer's_disease	8913
DOID:10652	Alzheimer's_disease	9135
DOID:10652	Alzheimer's_disease	9223
DOID:10652	Alzheimer's_disease	9435
DOID:10652	Alzheimer's_disease	9498
DOID:10652	Alzheimer's_disease	9844
DOID:10652	Alzheimer's_disease	9891
DOID:10652	Alzheimer's_disease	9948
DOID:10652	Alzheimer's_disease	10085
DOID:10652	Alzheimer's_disease	10160
DOID:10652	Alzheimer's_disease	10347
DOID:10652	Alzheimer's_disease	10452
DOID:10652	Alzheimer's_disease	10658
DOID:10652	Alzheimer's_disease	10659
DOID:10652	Alzheimer's_disease	10979
DOID:10652	Alzheimer's_disease	22904
DOID:10652	Alzheimer's_disease	22982
DOID:10652	Alzheimer's_disease	22990
DOID:10652	Alzheimer's_disease	23026
DOID:10652	Alzheimer's_disease	23060
DOID:10652	Alzheimer's_disease	23072
DOID:10652	Alzheimer's_disease	23150
DOID:10652	Alzheimer's_disease	23167
DOID:10652	Alzheimer's_disease	23215
DOID:10652	Alzheimer's_disease	23328
DOID:10652	Alzheimer's_disease	23413
DOID:10652	Alzheimer's_disease	23504
DOID:10652	Alzheimer's_disease	23526
DOID:10652	Alzheimer's_disease	25813
DOID:10652	Alzheimer's_disease	25902
DOID:10652	Alzheimer's_disease	25924
DOID:10652	Alzheimer's_disease	25994
DOID:10652	Alzheimer's_disease	26031
DOID:10652	Alzheimer's_disease	26037
DOID:10652	Alzheimer's_disease	27075
DOID:10652	Alzheimer's_disease	27327
DOID:10652	Alzheimer's_disease	28969
DOID:10652	Alzheimer's_disease	29118
DOID:10652	Alzheimer's_disease	29780
DOID:10652	Alzheimer's_disease	51617
DOID:10652	Alzheimer's_disease	53981
DOID:10652	Alzheimer's_disease	54749
DOID:10652	Alzheimer's_disease	54828
DOID:10652	Alzheimer's_disease	55691
DOID:10652	Alzheimer's_disease	55719
DOID:10652	Alzheimer's_disease	55763
DOID:10652	Alzheimer's_disease	55831
DOID:10652	Alzheimer's_disease	55845
DOID:10652	Alzheimer's_disease	55860
DOID:10652	Alzheimer's_disease	57037
DOID:10652	Alzheimer's_disease	57198
DOID:10652	Alzheimer's_disease	57507
DOID:10652	Alzheimer's_disease	57538
DOID:10652	Alzheimer's_disease	57569
DOID:10652	Alzheimer's_disease	57687
DOID:10652	Alzheimer's_disease	58477
DOID:10652	Alzheimer's_disease	58517
DOID:10652	Alzheimer's_disease	60412
DOID:10652	Alzheimer's_disease	64388
DOID:10652	Alzheimer's_disease	64478
DOID:10652	Alzheimer's_disease	66005
DOID:10652	Alzheimer's_disease	79677
DOID:10652	Alzheimer's_disease	79789
DOID:10652	Alzheimer's_disease	80070
DOID:10652	Alzheimer's_disease	81553
DOID:10652	Alzheimer's_disease	90701
DOID:10652	Alzheimer's_disease	114876
DOID:10652	Alzheimer's_disease	121601
DOID:10652	Alzheimer's_disease	133619
DOID:10652	Alzheimer's_disease	136332
DOID:10652	Alzheimer's_disease	140886
DOID:10652	Alzheimer's_disease	143098
DOID:10652	Alzheimer's_disease	147746
DOID:10652	Alzheimer's_disease	196051
DOID:10652	Alzheimer's_disease	219738
DOID:10652	Alzheimer's_disease	255057
DOID:10652	Alzheimer's_disease	256158
DOID:10652	Alzheimer's_disease	347730
DOID:10763	hypertension	91
DOID:10763	hypertension	118
DOID:10763	hypertension	126
DOID:10763	hypertension	183
DOID:10763	hypertension	659
DOID:10763	hypertension	776
DOID:10763	hypertension	783
DOID:10763	hypertension	1373
DOID:10763	hypertension	2052
DOID:10763	hypertension	2066
DOID:10763	hypertension	2778
DOID:10763	hypertension	2784
DOID:10763	hypertension	2982
DOID:10763	hypertension	3030
DOID:10763	hypertension	3736
DOID:10763	hypertension	3757
DOID:10763	hypertension	3779
DOID:10763	hypertension	4646
DOID:10763	hypertension	4843
DOID:10763	hypertension	4846
DOID:10763	hypertension	5195
DOID:10763	hypertension	5621
DOID:10763	hypertension	6327
DOID:10763	hypertension	6444
DOID:10763	hypertension	6469
DOID:10763	hypertension	6487
DOID:10763	hypertension	6507
DOID:10763	hypertension	11178
DOID:10763	hypertension	27130
DOID:10763	hypertension	51196
DOID:10763	hypertension	54938
DOID:10763	hypertension	55714
DOID:10763	hypertension	57623
DOID:10763	hypertension	440275
DOID:10763	hypertension	389
DOID:10763	hypertension	490
DOID:10763	hypertension	829
DOID:10763	hypertension	1012
DOID:10763	hypertension	1131
DOID:10763	hypertension	1388
DOID:10763	hypertension	1462
DOID:10763	hypertension	1496
DOID:10763	hypertension	1522
DOID:10763	hypertension	2050
DOID:10763	hypertension	2242
DOID:10763	hypertension	2983
DOID:10763	hypertension	3006
DOID:10763	hypertension	3018
DOID:10763	hypertension	4122
DOID:10763	hypertension	4343
DOID:10763	hypertension	4642
DOID:10763	hypertension	4856
DOID:10763	hypertension	5121
DOID:10763	hypertension	5792
DOID:10763	hypertension	6128
DOID:10763	hypertension	6183
DOID:10763	hypertension	6726
DOID:10763	hypertension	6727
DOID:10763	hypertension	7074
DOID:10763	hypertension	7916
DOID:10763	hypertension	7917
DOID:10763	hypertension	8633
DOID:10763	hypertension	8851
DOID:10763	hypertension	8854
DOID:10763	hypertension	9392
DOID:10763	hypertension	9497
DOID:10763	hypertension	10539
DOID:10763	hypertension	10611
DOID:10763	hypertension	10788
DOID:10763	hypertension	10944
DOID:10763	hypertension	22987
DOID:10763	hypertension	23071
DOID:10763	hypertension	23077
DOID:10763	hypertension	23389
DOID:10763	hypertension	25813
DOID:10763	hypertension	26034
DOID:10763	hypertension	26575
DOID:10763	hypertension	29780
DOID:10763	hypertension	30820
DOID:10763	hypertension	49854
DOID:10763	hypertension	51602
DOID:10763	hypertension	53919
DOID:10763	hypertension	54881
DOID:10763	hypertension	54897
DOID:10763	hypertension	54978
DOID:10763	hypertension	55349
DOID:10763	hypertension	55614
DOID:10763	hypertension	55749
DOID:10763	hypertension	56996
DOID:10763	hypertension	57412
DOID:10763	hypertension	57476
DOID:10763	hypertension	57554
DOID:10763	hypertension	81488
DOID:10763	hypertension	116372
DOID:10763	hypertension	140733
DOID:10763	hypertension	143872
DOID:10763	hypertension	196527
DOID:10763	hypertension	200734
DOID:10763	hypertension	221074
DOID:10763	hypertension	283450
DOID:9255	frontotemporal_dementia	2521
DOID:9255	frontotemporal_dementia	2896
DOID:9255	frontotemporal_dementia	3178
DOID:9255	frontotemporal_dementia	3181
DOID:9255	frontotemporal_dementia	3300
DOID:9255	frontotemporal_dementia	4137
DOID:9255	frontotemporal_dementia	5663
DOID:9255	frontotemporal_dementia	7277
DOID:9255	frontotemporal_dementia	7415
DOID:9255	frontotemporal_dementia	8878
DOID:9255	frontotemporal_dementia	9897
DOID:9255	frontotemporal_dementia	23435
DOID:9255	frontotemporal_dementia	25978
DOID:9255	frontotemporal_dementia	29110
DOID:9255	frontotemporal_dementia	29978
DOID:9255	frontotemporal_dementia	11260
DOID:9255	frontotemporal_dementia	11335
DOID:9255	frontotemporal_dementia	23025
DOID:9255	frontotemporal_dementia	29108
DOID:9255	frontotemporal_dementia	55201
DOID:9255	frontotemporal_dementia	58517
DOID:9255	frontotemporal_dementia	79709
DOID:9255	frontotemporal_dementia	284069
