#flatfile
GO:0014069	postsynaptic_density	1000
GO:0014069	postsynaptic_density	10006
GO:0014069	postsynaptic_density	10097
GO:0014069	postsynaptic_density	102
GO:0014069	postsynaptic_density	1020
GO:0014069	postsynaptic_density	10369
GO:0014069	postsynaptic_density	10458
GO:0014069	postsynaptic_density	10486
GO:0014069	postsynaptic_density	10611
GO:0014069	postsynaptic_density	10636
GO:0014069	postsynaptic_density	11178
GO:0014069	postsynaptic_density	1128
GO:0014069	postsynaptic_density	11346
GO:0014069	postsynaptic_density	116443
GO:0014069	postsynaptic_density	119
GO:0014069	postsynaptic_density	120
GO:0014069	postsynaptic_density	1266
GO:0014069	postsynaptic_density	1410
GO:0014069	postsynaptic_density	1496
GO:0014069	postsynaptic_density	1600
GO:0014069	postsynaptic_density	1739
GO:0014069	postsynaptic_density	1740
GO:0014069	postsynaptic_density	1741
GO:0014069	postsynaptic_density	1785
GO:0014069	postsynaptic_density	1821
GO:0014069	postsynaptic_density	1855
GO:0014069	postsynaptic_density	200933
GO:0014069	postsynaptic_density	2035
GO:0014069	postsynaptic_density	2039
GO:0014069	postsynaptic_density	2043
GO:0014069	postsynaptic_density	2059
GO:0014069	postsynaptic_density	2185
GO:0014069	postsynaptic_density	22849
GO:0014069	postsynaptic_density	22866
GO:0014069	postsynaptic_density	22871
GO:0014069	postsynaptic_density	22883
GO:0014069	postsynaptic_density	22941
GO:0014069	postsynaptic_density	23136
GO:0014069	postsynaptic_density	23208
GO:0014069	postsynaptic_density	23237
GO:0014069	postsynaptic_density	2332
GO:0014069	postsynaptic_density	23362
GO:0014069	postsynaptic_density	23380
GO:0014069	postsynaptic_density	23513
GO:0014069	postsynaptic_density	23542
GO:0014069	postsynaptic_density	23623
GO:0014069	postsynaptic_density	2534
GO:0014069	postsynaptic_density	2596
GO:0014069	postsynaptic_density	26012
GO:0014069	postsynaptic_density	26037
GO:0014069	postsynaptic_density	26052
GO:0014069	postsynaptic_density	27020
GO:0014069	postsynaptic_density	27445
GO:0014069	postsynaptic_density	2785
GO:0014069	postsynaptic_density	2890
GO:0014069	postsynaptic_density	2898
GO:0014069	postsynaptic_density	28988
GO:0014069	postsynaptic_density	2901
GO:0014069	postsynaptic_density	2902
GO:0014069	postsynaptic_density	2903
GO:0014069	postsynaptic_density	2904
GO:0014069	postsynaptic_density	2905
GO:0014069	postsynaptic_density	2911
GO:0014069	postsynaptic_density	2913
GO:0014069	postsynaptic_density	2915
GO:0014069	postsynaptic_density	3708
GO:0014069	postsynaptic_density	375
GO:0014069	postsynaptic_density	400745
GO:0014069	postsynaptic_density	4038
GO:0014069	postsynaptic_density	4067
GO:0014069	postsynaptic_density	408
GO:0014069	postsynaptic_density	4131
GO:0014069	postsynaptic_density	4133
GO:0014069	postsynaptic_density	4134
GO:0014069	postsynaptic_density	4218
GO:0014069	postsynaptic_density	4355
GO:0014069	postsynaptic_density	4744
GO:0014069	postsynaptic_density	476
GO:0014069	postsynaptic_density	4900
GO:0014069	postsynaptic_density	4905
GO:0014069	postsynaptic_density	4915
GO:0014069	postsynaptic_density	50488
GO:0014069	postsynaptic_density	5064
GO:0014069	postsynaptic_density	50944
GO:0014069	postsynaptic_density	51104
GO:0014069	postsynaptic_density	5142
GO:0014069	postsynaptic_density	5170
GO:0014069	postsynaptic_density	5332
GO:0014069	postsynaptic_density	53335
GO:0014069	postsynaptic_density	55327
GO:0014069	postsynaptic_density	55450
GO:0014069	postsynaptic_density	55607
GO:0014069	postsynaptic_density	55737
GO:0014069	postsynaptic_density	55738
GO:0014069	postsynaptic_density	5582
GO:0014069	postsynaptic_density	5621
GO:0014069	postsynaptic_density	5662
GO:0014069	postsynaptic_density	56899
GO:0014069	postsynaptic_density	57120
GO:0014069	postsynaptic_density	57142
GO:0014069	postsynaptic_density	575
GO:0014069	postsynaptic_density	57502
GO:0014069	postsynaptic_density	57554
GO:0014069	postsynaptic_density	57622
GO:0014069	postsynaptic_density	57679
GO:0014069	postsynaptic_density	5802
GO:0014069	postsynaptic_density	58512
GO:0014069	postsynaptic_density	613
GO:0014069	postsynaptic_density	64130
GO:0014069	postsynaptic_density	664
GO:0014069	postsynaptic_density	6654
GO:0014069	postsynaptic_density	6711
GO:0014069	postsynaptic_density	6714
GO:0014069	postsynaptic_density	6801
GO:0014069	postsynaptic_density	6804
GO:0014069	postsynaptic_density	6853
GO:0014069	postsynaptic_density	7074
GO:0014069	postsynaptic_density	775
GO:0014069	postsynaptic_density	801
GO:0014069	postsynaptic_density	80725
GO:0014069	postsynaptic_density	808
GO:0014069	postsynaptic_density	815
GO:0014069	postsynaptic_density	818
GO:0014069	postsynaptic_density	81831
GO:0014069	postsynaptic_density	81832
GO:0014069	postsynaptic_density	8224
GO:0014069	postsynaptic_density	8440
GO:0014069	postsynaptic_density	8502
GO:0014069	postsynaptic_density	8514
GO:0014069	postsynaptic_density	85358
GO:0014069	postsynaptic_density	85461
GO:0014069	postsynaptic_density	8777
GO:0014069	postsynaptic_density	8825
GO:0014069	postsynaptic_density	8831
GO:0014069	postsynaptic_density	8851
GO:0014069	postsynaptic_density	8898
GO:0014069	postsynaptic_density	8927
GO:0014069	postsynaptic_density	8997
GO:0014069	postsynaptic_density	9026
GO:0014069	postsynaptic_density	9101
GO:0014069	postsynaptic_density	9162
GO:0014069	postsynaptic_density	9181
GO:0014069	postsynaptic_density	9201
GO:0014069	postsynaptic_density	9228
GO:0014069	postsynaptic_density	9229
GO:0014069	postsynaptic_density	9231
GO:0014069	postsynaptic_density	9454
GO:0014069	postsynaptic_density	9455
GO:0014069	postsynaptic_density	9456
GO:0014069	postsynaptic_density	9463
GO:0014069	postsynaptic_density	9478
GO:0014069	postsynaptic_density	9743
GO:0014069	postsynaptic_density	9746
GO:0014069	postsynaptic_density	9762
GO:0014069	postsynaptic_density	9829
GO:0014069	postsynaptic_density	9863
GO:0033267	axon_part	10228
GO:0033267	axon_part	10239
GO:0033267	axon_part	10382
GO:0033267	axon_part	10439
GO:0033267	axon_part	10479
GO:0033267	axon_part	10497
GO:0033267	axon_part	10814
GO:0033267	axon_part	10815
GO:0033267	axon_part	10947
GO:0033267	axon_part	1174
GO:0033267	axon_part	1176
GO:0033267	axon_part	120892
GO:0033267	axon_part	1605
GO:0033267	axon_part	1739
GO:0033267	axon_part	1740
GO:0033267	axon_part	1759
GO:0033267	axon_part	2043
GO:0033267	axon_part	22848
GO:0033267	axon_part	2288
GO:0033267	axon_part	22906
GO:0033267	axon_part	22933
GO:0033267	axon_part	23011
GO:0033267	axon_part	23025
GO:0033267	axon_part	23095
GO:0033267	axon_part	23114
GO:0033267	axon_part	23136
GO:0033267	axon_part	23191
GO:0033267	axon_part	23208
GO:0033267	axon_part	23242
GO:0033267	axon_part	23303
GO:0033267	axon_part	24137
GO:0033267	axon_part	26047
GO:0033267	axon_part	26985
GO:0033267	axon_part	274
GO:0033267	axon_part	2823
GO:0033267	axon_part	282991
GO:0033267	axon_part	286
GO:0033267	axon_part	288
GO:0033267	axon_part	2890
GO:0033267	axon_part	2898
GO:0033267	axon_part	2899
GO:0033267	axon_part	2901
GO:0033267	axon_part	2902
GO:0033267	axon_part	322
GO:0033267	axon_part	3315
GO:0033267	axon_part	351
GO:0033267	axon_part	3611
GO:0033267	axon_part	3736
GO:0033267	axon_part	3737
GO:0033267	axon_part	3746
GO:0033267	axon_part	3747
GO:0033267	axon_part	3785
GO:0033267	axon_part	3786
GO:0033267	axon_part	3799
GO:0033267	axon_part	3897
GO:0033267	axon_part	4099
GO:0033267	axon_part	4137
GO:0033267	axon_part	4155
GO:0033267	axon_part	4642
GO:0033267	axon_part	4747
GO:0033267	axon_part	4897
GO:0033267	axon_part	4915
GO:0033267	axon_part	4976
GO:0033267	axon_part	4983
GO:0033267	axon_part	5048
GO:0033267	axon_part	5217
GO:0033267	axon_part	5413
GO:0033267	axon_part	547
GO:0033267	axon_part	55638
GO:0033267	axon_part	5590
GO:0033267	axon_part	56288
GO:0033267	axon_part	57471
GO:0033267	axon_part	57698
GO:0033267	axon_part	57731
GO:0033267	axon_part	5799
GO:0033267	axon_part	5864
GO:0033267	axon_part	5868
GO:0033267	axon_part	5905
GO:0033267	axon_part	6092
GO:0033267	axon_part	6323
GO:0033267	axon_part	6324
GO:0033267	axon_part	6326
GO:0033267	axon_part	6334
GO:0033267	axon_part	645
GO:0033267	axon_part	6506
GO:0033267	axon_part	65078
GO:0033267	axon_part	6622
GO:0033267	axon_part	6647
GO:0033267	axon_part	667
GO:0033267	axon_part	6683
GO:0033267	axon_part	6687
GO:0033267	axon_part	6711
GO:0033267	axon_part	6812
GO:0033267	axon_part	6843
GO:0033267	axon_part	6853
GO:0033267	axon_part	6855
GO:0033267	axon_part	6857
GO:0033267	axon_part	6900
GO:0033267	axon_part	7070
GO:0033267	axon_part	7074
GO:0033267	axon_part	7345
GO:0033267	axon_part	747
GO:0033267	axon_part	7879
GO:0033267	axon_part	7881
GO:0033267	axon_part	790
GO:0033267	axon_part	793
GO:0033267	axon_part	794
GO:0033267	axon_part	80128
GO:0033267	axon_part	80331
GO:0033267	axon_part	8120
GO:0033267	axon_part	81565
GO:0033267	axon_part	8411
GO:0033267	axon_part	8506
GO:0033267	axon_part	8514
GO:0033267	axon_part	8546
GO:0033267	axon_part	8775
GO:0033267	axon_part	8867
GO:0033267	axon_part	8943
GO:0033267	axon_part	89796
GO:0033267	axon_part	9001
GO:0033267	axon_part	9066
GO:0033267	axon_part	9145
GO:0033267	axon_part	9371
GO:0033267	axon_part	9479
GO:0033267	axon_part	9900
GO:0043197	dendritic_spine	10160
GO:0043197	dendritic_spine	10458
GO:0043197	dendritic_spine	10564
GO:0043197	dendritic_spine	10636
GO:0043197	dendritic_spine	10755
GO:0043197	dendritic_spine	11178
GO:0043197	dendritic_spine	11346
GO:0043197	dendritic_spine	1266
GO:0043197	dendritic_spine	1312
GO:0043197	dendritic_spine	1410
GO:0043197	dendritic_spine	1500
GO:0043197	dendritic_spine	1855
GO:0043197	dendritic_spine	2017
GO:0043197	dendritic_spine	2043
GO:0043197	dendritic_spine	2185
GO:0043197	dendritic_spine	22871
GO:0043197	dendritic_spine	22941
GO:0043197	dendritic_spine	23109
GO:0043197	dendritic_spine	23191
GO:0043197	dendritic_spine	23208
GO:0043197	dendritic_spine	23237
GO:0043197	dendritic_spine	2332
GO:0043197	dendritic_spine	23380
GO:0043197	dendritic_spine	2521
GO:0043197	dendritic_spine	25843
GO:0043197	dendritic_spine	26037
GO:0043197	dendritic_spine	26052
GO:0043197	dendritic_spine	26232
GO:0043197	dendritic_spine	2823
GO:0043197	dendritic_spine	2890
GO:0043197	dendritic_spine	2891
GO:0043197	dendritic_spine	2893
GO:0043197	dendritic_spine	2895
GO:0043197	dendritic_spine	2902
GO:0043197	dendritic_spine	2913
GO:0043197	dendritic_spine	29888
GO:0043197	dendritic_spine	3208
GO:0043197	dendritic_spine	322
GO:0043197	dendritic_spine	351
GO:0043197	dendritic_spine	3688
GO:0043197	dendritic_spine	3706
GO:0043197	dendritic_spine	3751
GO:0043197	dendritic_spine	378
GO:0043197	dendritic_spine	3781
GO:0043197	dendritic_spine	387
GO:0043197	dendritic_spine	3908
GO:0043197	dendritic_spine	392862
GO:0043197	dendritic_spine	40
GO:0043197	dendritic_spine	408
GO:0043197	dendritic_spine	4131
GO:0043197	dendritic_spine	4218
GO:0043197	dendritic_spine	4355
GO:0043197	dendritic_spine	4734
GO:0043197	dendritic_spine	477
GO:0043197	dendritic_spine	478
GO:0043197	dendritic_spine	4842
GO:0043197	dendritic_spine	490
GO:0043197	dendritic_spine	4900
GO:0043197	dendritic_spine	4983
GO:0043197	dendritic_spine	5064
GO:0043197	dendritic_spine	50807
GO:0043197	dendritic_spine	50944
GO:0043197	dendritic_spine	5142
GO:0043197	dendritic_spine	54873
GO:0043197	dendritic_spine	5501
GO:0043197	dendritic_spine	55607
GO:0043197	dendritic_spine	55619
GO:0043197	dendritic_spine	5566
GO:0043197	dendritic_spine	55752
GO:0043197	dendritic_spine	5577
GO:0043197	dendritic_spine	5662
GO:0043197	dendritic_spine	56899
GO:0043197	dendritic_spine	5728
GO:0043197	dendritic_spine	575
GO:0043197	dendritic_spine	57679
GO:0043197	dendritic_spine	5879
GO:0043197	dendritic_spine	64101
GO:0043197	dendritic_spine	6546
GO:0043197	dendritic_spine	6717
GO:0043197	dendritic_spine	6801
GO:0043197	dendritic_spine	6810
GO:0043197	dendritic_spine	7074
GO:0043197	dendritic_spine	793
GO:0043197	dendritic_spine	8087
GO:0043197	dendritic_spine	821
GO:0043197	dendritic_spine	83992
GO:0043197	dendritic_spine	84687
GO:0043197	dendritic_spine	85358
GO:0043197	dendritic_spine	88
GO:0043197	dendritic_spine	8851
GO:0043197	dendritic_spine	8898
GO:0043197	dendritic_spine	9026
GO:0043197	dendritic_spine	9101
GO:0043197	dendritic_spine	9162
GO:0043197	dendritic_spine	9743
GO:0043197	dendritic_spine	9758
GO:0043197	dendritic_spine	9912
GO:0043197	dendritic_spine	998
GO:0005776	autophagosome	100287171
GO:0005776	autophagosome	10133
GO:0005776	autophagosome	11345
GO:0005776	autophagosome	120892
GO:0005776	autophagosome	124997
GO:0005776	autophagosome	143187
GO:0005776	autophagosome	201475
GO:0005776	autophagosome	23001
GO:0005776	autophagosome	23710
GO:0005776	autophagosome	2495
GO:0005776	autophagosome	2512
GO:0005776	autophagosome	25851
GO:0005776	autophagosome	29978
GO:0005776	autophagosome	29979
GO:0005776	autophagosome	29982
GO:0005776	autophagosome	3064
GO:0005776	autophagosome	30849
GO:0005776	autophagosome	3916
GO:0005776	autophagosome	3920
GO:0005776	autophagosome	4210
GO:0005776	autophagosome	51100
GO:0005776	autophagosome	51715
GO:0005776	autophagosome	5178
GO:0005776	autophagosome	5289
GO:0005776	autophagosome	5305
GO:0005776	autophagosome	53349
GO:0005776	autophagosome	53917
GO:0005776	autophagosome	55054
GO:0005776	autophagosome	55823
GO:0005776	autophagosome	5587
GO:0005776	autophagosome	57617
GO:0005776	autophagosome	6185
GO:0005776	autophagosome	64601
GO:0005776	autophagosome	65082
GO:0005776	autophagosome	6737
GO:0005776	autophagosome	7879
GO:0005776	autophagosome	79065
GO:0005776	autophagosome	79443
GO:0005776	autophagosome	79735
GO:0005776	autophagosome	79837
GO:0005776	autophagosome	81631
GO:0005776	autophagosome	8396
GO:0005776	autophagosome	8408
GO:0005776	autophagosome	84557
GO:0005776	autophagosome	8678
GO:0005776	autophagosome	8878
GO:0005776	autophagosome	9001
GO:0005776	autophagosome	9342
GO:0005776	autophagosome	9779
GO:0030427	site_of_polarized_growth	10006
GO:0030427	site_of_polarized_growth	10092
GO:0030427	site_of_polarized_growth	10094
GO:0030427	site_of_polarized_growth	10129
GO:0030427	site_of_polarized_growth	1020
GO:0030427	site_of_polarized_growth	10236
GO:0030427	site_of_polarized_growth	10409
GO:0030427	site_of_polarized_growth	10439
GO:0030427	site_of_polarized_growth	10540
GO:0030427	site_of_polarized_growth	11075
GO:0030427	site_of_polarized_growth	11336
GO:0030427	site_of_polarized_growth	11344
GO:0030427	site_of_polarized_growth	114787
GO:0030427	site_of_polarized_growth	120892
GO:0030427	site_of_polarized_growth	1268
GO:0030427	site_of_polarized_growth	1454
GO:0030427	site_of_polarized_growth	149371
GO:0030427	site_of_polarized_growth	1500
GO:0030427	site_of_polarized_growth	1525
GO:0030427	site_of_polarized_growth	1627
GO:0030427	site_of_polarized_growth	1741
GO:0030427	site_of_polarized_growth	1785
GO:0030427	site_of_polarized_growth	1809
GO:0030427	site_of_polarized_growth	1855
GO:0030427	site_of_polarized_growth	2017
GO:0030427	site_of_polarized_growth	2043
GO:0030427	site_of_polarized_growth	2059
GO:0030427	site_of_polarized_growth	2185
GO:0030427	site_of_polarized_growth	22853
GO:0030427	site_of_polarized_growth	22859
GO:0030427	site_of_polarized_growth	2288
GO:0030427	site_of_polarized_growth	22902
GO:0030427	site_of_polarized_growth	22906
GO:0030427	site_of_polarized_growth	22933
GO:0030427	site_of_polarized_growth	22941
GO:0030427	site_of_polarized_growth	23046
GO:0030427	site_of_polarized_growth	23191
GO:0030427	site_of_polarized_growth	23242
GO:0030427	site_of_polarized_growth	23265
GO:0030427	site_of_polarized_growth	23307
GO:0030427	site_of_polarized_growth	2332
GO:0030427	site_of_polarized_growth	23405
GO:0030427	site_of_polarized_growth	25791
GO:0030427	site_of_polarized_growth	2596
GO:0030427	site_of_polarized_growth	26059
GO:0030427	site_of_polarized_growth	26230
GO:0030427	site_of_polarized_growth	27124
GO:0030427	site_of_polarized_growth	2823
GO:0030427	site_of_polarized_growth	285527
GO:0030427	site_of_polarized_growth	29767
GO:0030427	site_of_polarized_growth	322
GO:0030427	site_of_polarized_growth	3508
GO:0030427	site_of_polarized_growth	351
GO:0030427	site_of_polarized_growth	3799
GO:0030427	site_of_polarized_growth	3831
GO:0030427	site_of_polarized_growth	3897
GO:0030427	site_of_polarized_growth	4137
GO:0030427	site_of_polarized_growth	4308
GO:0030427	site_of_polarized_growth	4644
GO:0030427	site_of_polarized_growth	4747
GO:0030427	site_of_polarized_growth	5048
GO:0030427	site_of_polarized_growth	50861
GO:0030427	site_of_polarized_growth	5101
GO:0030427	site_of_polarized_growth	54434
GO:0030427	site_of_polarized_growth	54536
GO:0030427	site_of_polarized_growth	55118
GO:0030427	site_of_polarized_growth	55361
GO:0030427	site_of_polarized_growth	55607
GO:0030427	site_of_polarized_growth	56288
GO:0030427	site_of_polarized_growth	5663
GO:0030427	site_of_polarized_growth	57447
GO:0030427	site_of_polarized_growth	57580
GO:0030427	site_of_polarized_growth	57679
GO:0030427	site_of_polarized_growth	57698
GO:0030427	site_of_polarized_growth	58155
GO:0030427	site_of_polarized_growth	5818
GO:0030427	site_of_polarized_growth	5881
GO:0030427	site_of_polarized_growth	5923
GO:0030427	site_of_polarized_growth	60412
GO:0030427	site_of_polarized_growth	65078
GO:0030427	site_of_polarized_growth	6616
GO:0030427	site_of_polarized_growth	6622
GO:0030427	site_of_polarized_growth	6624
GO:0030427	site_of_polarized_growth	6792
GO:0030427	site_of_polarized_growth	7070
GO:0030427	site_of_polarized_growth	7074
GO:0030427	site_of_polarized_growth	7224
GO:0030427	site_of_polarized_growth	7248
GO:0030427	site_of_polarized_growth	7402
GO:0030427	site_of_polarized_growth	7531
GO:0030427	site_of_polarized_growth	7786
GO:0030427	site_of_polarized_growth	79784
GO:0030427	site_of_polarized_growth	81565
GO:0030427	site_of_polarized_growth	8239
GO:0030427	site_of_polarized_growth	85440
GO:0030427	site_of_polarized_growth	8826
GO:0030427	site_of_polarized_growth	8829
GO:0030427	site_of_polarized_growth	8851
GO:0030427	site_of_polarized_growth	9266
GO:0030427	site_of_polarized_growth	9479
GO:0030427	site_of_polarized_growth	9585
GO:0030427	site_of_polarized_growth	9638
GO:0030427	site_of_polarized_growth	9860
GO:0030426	growth_cone	10006
GO:0030426	growth_cone	10092
GO:0030426	growth_cone	10094
GO:0030426	growth_cone	1020
GO:0030426	growth_cone	10236
GO:0030426	growth_cone	10409
GO:0030426	growth_cone	10439
GO:0030426	growth_cone	10540
GO:0030426	growth_cone	11075
GO:0030426	growth_cone	11336
GO:0030426	growth_cone	11344
GO:0030426	growth_cone	114787
GO:0030426	growth_cone	120892
GO:0030426	growth_cone	1268
GO:0030426	growth_cone	1454
GO:0030426	growth_cone	149371
GO:0030426	growth_cone	1500
GO:0030426	growth_cone	1525
GO:0030426	growth_cone	1627
GO:0030426	growth_cone	1741
GO:0030426	growth_cone	1785
GO:0030426	growth_cone	1809
GO:0030426	growth_cone	1855
GO:0030426	growth_cone	2017
GO:0030426	growth_cone	2043
GO:0030426	growth_cone	2059
GO:0030426	growth_cone	2185
GO:0030426	growth_cone	22853
GO:0030426	growth_cone	22859
GO:0030426	growth_cone	2288
GO:0030426	growth_cone	22902
GO:0030426	growth_cone	22906
GO:0030426	growth_cone	22933
GO:0030426	growth_cone	22941
GO:0030426	growth_cone	23046
GO:0030426	growth_cone	23191
GO:0030426	growth_cone	23242
GO:0030426	growth_cone	23265
GO:0030426	growth_cone	23307
GO:0030426	growth_cone	2332
GO:0030426	growth_cone	23405
GO:0030426	growth_cone	25791
GO:0030426	growth_cone	2596
GO:0030426	growth_cone	26059
GO:0030426	growth_cone	26230
GO:0030426	growth_cone	27124
GO:0030426	growth_cone	2823
GO:0030426	growth_cone	29767
GO:0030426	growth_cone	322
GO:0030426	growth_cone	3508
GO:0030426	growth_cone	351
GO:0030426	growth_cone	3799
GO:0030426	growth_cone	3831
GO:0030426	growth_cone	3897
GO:0030426	growth_cone	4137
GO:0030426	growth_cone	4644
GO:0030426	growth_cone	4747
GO:0030426	growth_cone	5048
GO:0030426	growth_cone	50861
GO:0030426	growth_cone	5101
GO:0030426	growth_cone	54434
GO:0030426	growth_cone	54536
GO:0030426	growth_cone	55118
GO:0030426	growth_cone	55607
GO:0030426	growth_cone	56288
GO:0030426	growth_cone	5663
GO:0030426	growth_cone	57447
GO:0030426	growth_cone	57580
GO:0030426	growth_cone	57679
GO:0030426	growth_cone	57698
GO:0030426	growth_cone	58155
GO:0030426	growth_cone	5818
GO:0030426	growth_cone	5881
GO:0030426	growth_cone	5923
GO:0030426	growth_cone	60412
GO:0030426	growth_cone	65078
GO:0030426	growth_cone	6616
GO:0030426	growth_cone	6622
GO:0030426	growth_cone	6624
GO:0030426	growth_cone	6792
GO:0030426	growth_cone	7070
GO:0030426	growth_cone	7074
GO:0030426	growth_cone	7224
GO:0030426	growth_cone	7248
GO:0030426	growth_cone	7402
GO:0030426	growth_cone	7531
GO:0030426	growth_cone	7786
GO:0030426	growth_cone	79784
GO:0030426	growth_cone	81565
GO:0030426	growth_cone	8239
GO:0030426	growth_cone	85440
GO:0030426	growth_cone	8826
GO:0030426	growth_cone	8829
GO:0030426	growth_cone	8851
GO:0030426	growth_cone	9266
GO:0030426	growth_cone	9479
GO:0030426	growth_cone	9585
GO:0030426	growth_cone	9638
GO:0030426	growth_cone	9860
GO:0045211	postsynaptic_membrane	10006
GO:0045211	postsynaptic_membrane	1007
GO:0045211	postsynaptic_membrane	1020
GO:0045211	postsynaptic_membrane	10243
GO:0045211	postsynaptic_membrane	10369
GO:0045211	postsynaptic_membrane	10611
GO:0045211	postsynaptic_membrane	10636
GO:0045211	postsynaptic_membrane	11141
GO:0045211	postsynaptic_membrane	11178
GO:0045211	postsynaptic_membrane	1128
GO:0045211	postsynaptic_membrane	1129
GO:0045211	postsynaptic_membrane	1131
GO:0045211	postsynaptic_membrane	11346
GO:0045211	postsynaptic_membrane	115207
GO:0045211	postsynaptic_membrane	116443
GO:0045211	postsynaptic_membrane	1312
GO:0045211	postsynaptic_membrane	1605
GO:0045211	postsynaptic_membrane	1739
GO:0045211	postsynaptic_membrane	1740
GO:0045211	postsynaptic_membrane	1741
GO:0045211	postsynaptic_membrane	1756
GO:0045211	postsynaptic_membrane	1785
GO:0045211	postsynaptic_membrane	1821
GO:0045211	postsynaptic_membrane	200933
GO:0045211	postsynaptic_membrane	2043
GO:0045211	postsynaptic_membrane	2045
GO:0045211	postsynaptic_membrane	22849
GO:0045211	postsynaptic_membrane	22866
GO:0045211	postsynaptic_membrane	22871
GO:0045211	postsynaptic_membrane	22883
GO:0045211	postsynaptic_membrane	22941
GO:0045211	postsynaptic_membrane	23017
GO:0045211	postsynaptic_membrane	23237
GO:0045211	postsynaptic_membrane	2332
GO:0045211	postsynaptic_membrane	23345
GO:0045211	postsynaptic_membrane	23362
GO:0045211	postsynaptic_membrane	23380
GO:0045211	postsynaptic_membrane	23426
GO:0045211	postsynaptic_membrane	23513
GO:0045211	postsynaptic_membrane	23623
GO:0045211	postsynaptic_membrane	2550
GO:0045211	postsynaptic_membrane	2554
GO:0045211	postsynaptic_membrane	2555
GO:0045211	postsynaptic_membrane	2556
GO:0045211	postsynaptic_membrane	2557
GO:0045211	postsynaptic_membrane	2560
GO:0045211	postsynaptic_membrane	2561
GO:0045211	postsynaptic_membrane	2562
GO:0045211	postsynaptic_membrane	26012
GO:0045211	postsynaptic_membrane	26037
GO:0045211	postsynaptic_membrane	26045
GO:0045211	postsynaptic_membrane	26052
GO:0045211	postsynaptic_membrane	27065
GO:0045211	postsynaptic_membrane	2741
GO:0045211	postsynaptic_membrane	2743
GO:0045211	postsynaptic_membrane	286
GO:0045211	postsynaptic_membrane	287
GO:0045211	postsynaptic_membrane	288
GO:0045211	postsynaptic_membrane	2890
GO:0045211	postsynaptic_membrane	2891
GO:0045211	postsynaptic_membrane	2892
GO:0045211	postsynaptic_membrane	2893
GO:0045211	postsynaptic_membrane	2895
GO:0045211	postsynaptic_membrane	2897
GO:0045211	postsynaptic_membrane	2898
GO:0045211	postsynaptic_membrane	2899
GO:0045211	postsynaptic_membrane	2900
GO:0045211	postsynaptic_membrane	2901
GO:0045211	postsynaptic_membrane	2902
GO:0045211	postsynaptic_membrane	2903
GO:0045211	postsynaptic_membrane	2904
GO:0045211	postsynaptic_membrane	2905
GO:0045211	postsynaptic_membrane	2906
GO:0045211	postsynaptic_membrane	2913
GO:0045211	postsynaptic_membrane	2917
GO:0045211	postsynaptic_membrane	3092
GO:0045211	postsynaptic_membrane	322
GO:0045211	postsynaptic_membrane	3745
GO:0045211	postsynaptic_membrane	3747
GO:0045211	postsynaptic_membrane	375
GO:0045211	postsynaptic_membrane	3751
GO:0045211	postsynaptic_membrane	3761
GO:0045211	postsynaptic_membrane	386617
GO:0045211	postsynaptic_membrane	392862
GO:0045211	postsynaptic_membrane	400745
GO:0045211	postsynaptic_membrane	408
GO:0045211	postsynaptic_membrane	4915
GO:0045211	postsynaptic_membrane	50488
GO:0045211	postsynaptic_membrane	50944
GO:0045211	postsynaptic_membrane	54413
GO:0045211	postsynaptic_membrane	55327
GO:0045211	postsynaptic_membrane	55450
GO:0045211	postsynaptic_membrane	56899
GO:0045211	postsynaptic_membrane	57120
GO:0045211	postsynaptic_membrane	5728
GO:0045211	postsynaptic_membrane	57497
GO:0045211	postsynaptic_membrane	575
GO:0045211	postsynaptic_membrane	57502
GO:0045211	postsynaptic_membrane	57554
GO:0045211	postsynaptic_membrane	57555
GO:0045211	postsynaptic_membrane	57622
GO:0045211	postsynaptic_membrane	57689
GO:0045211	postsynaptic_membrane	5802
GO:0045211	postsynaptic_membrane	58512
GO:0045211	postsynaptic_membrane	613
GO:0045211	postsynaptic_membrane	64101
GO:0045211	postsynaptic_membrane	64130
GO:0045211	postsynaptic_membrane	6546
GO:0045211	postsynaptic_membrane	6801
GO:0045211	postsynaptic_membrane	7402
GO:0045211	postsynaptic_membrane	747
GO:0045211	postsynaptic_membrane	79414
GO:0045211	postsynaptic_membrane	80725
GO:0045211	postsynaptic_membrane	81832
GO:0045211	postsynaptic_membrane	8301
GO:0045211	postsynaptic_membrane	84896
GO:0045211	postsynaptic_membrane	85358
GO:0045211	postsynaptic_membrane	85461
GO:0045211	postsynaptic_membrane	8777
GO:0045211	postsynaptic_membrane	8825
GO:0045211	postsynaptic_membrane	9093
GO:0045211	postsynaptic_membrane	9228
GO:0045211	postsynaptic_membrane	9229
GO:0045211	postsynaptic_membrane	9231
GO:0045211	postsynaptic_membrane	93664
GO:0045211	postsynaptic_membrane	9454
GO:0045211	postsynaptic_membrane	9455
GO:0045211	postsynaptic_membrane	9456
GO:0045211	postsynaptic_membrane	9463
GO:0045211	postsynaptic_membrane	9478
GO:0045211	postsynaptic_membrane	9568
GO:0045211	postsynaptic_membrane	9743
GO:0045211	postsynaptic_membrane	9746
GO:0045211	postsynaptic_membrane	9762
GO:0034702	ion_channel_complex	10021
GO:0034702	ion_channel_complex	10142
GO:0034702	ion_channel_complex	10242
GO:0034702	ion_channel_complex	10367
GO:0034702	ion_channel_complex	10368
GO:0034702	ion_channel_complex	10369
GO:0034702	ion_channel_complex	1080
GO:0034702	ion_channel_complex	116443
GO:0034702	ion_channel_complex	1181
GO:0034702	ion_channel_complex	118427
GO:0034702	ion_channel_complex	134957
GO:0034702	ion_channel_complex	1739
GO:0034702	ion_channel_complex	1740
GO:0034702	ion_channel_complex	1741
GO:0034702	ion_channel_complex	1804
GO:0034702	ion_channel_complex	2017
GO:0034702	ion_channel_complex	2059
GO:0034702	ion_channel_complex	2185
GO:0034702	ion_channel_complex	2280
GO:0034702	ion_channel_complex	2281
GO:0034702	ion_channel_complex	22871
GO:0034702	ion_channel_complex	22908
GO:0034702	ion_channel_complex	22941
GO:0034702	ion_channel_complex	23155
GO:0034702	ion_channel_complex	23507
GO:0034702	ion_channel_complex	23513
GO:0034702	ion_channel_complex	2554
GO:0034702	ion_channel_complex	2555
GO:0034702	ion_channel_complex	2556
GO:0034702	ion_channel_complex	2557
GO:0034702	ion_channel_complex	2560
GO:0034702	ion_channel_complex	2561
GO:0034702	ion_channel_complex	2562
GO:0034702	ion_channel_complex	25932
GO:0034702	ion_channel_complex	26047
GO:0034702	ion_channel_complex	27092
GO:0034702	ion_channel_complex	2741
GO:0034702	ion_channel_complex	2743
GO:0034702	ion_channel_complex	2890
GO:0034702	ion_channel_complex	2891
GO:0034702	ion_channel_complex	2892
GO:0034702	ion_channel_complex	2893
GO:0034702	ion_channel_complex	2895
GO:0034702	ion_channel_complex	2898
GO:0034702	ion_channel_complex	2900
GO:0034702	ion_channel_complex	2901
GO:0034702	ion_channel_complex	2902
GO:0034702	ion_channel_complex	2903
GO:0034702	ion_channel_complex	2904
GO:0034702	ion_channel_complex	2905
GO:0034702	ion_channel_complex	2906
GO:0034702	ion_channel_complex	30818
GO:0034702	ion_channel_complex	30819
GO:0034702	ion_channel_complex	30820
GO:0034702	ion_channel_complex	3306
GO:0034702	ion_channel_complex	348980
GO:0034702	ion_channel_complex	3736
GO:0034702	ion_channel_complex	3737
GO:0034702	ion_channel_complex	3738
GO:0034702	ion_channel_complex	3739
GO:0034702	ion_channel_complex	3742
GO:0034702	ion_channel_complex	3745
GO:0034702	ion_channel_complex	3746
GO:0034702	ion_channel_complex	3747
GO:0034702	ion_channel_complex	3751
GO:0034702	ion_channel_complex	3752
GO:0034702	ion_channel_complex	3757
GO:0034702	ion_channel_complex	3758
GO:0034702	ion_channel_complex	3760
GO:0034702	ion_channel_complex	3761
GO:0034702	ion_channel_complex	3773
GO:0034702	ion_channel_complex	3778
GO:0034702	ion_channel_complex	3779
GO:0034702	ion_channel_complex	3780
GO:0034702	ion_channel_complex	3785
GO:0034702	ion_channel_complex	3786
GO:0034702	ion_channel_complex	4842
GO:0034702	ion_channel_complex	487
GO:0034702	ion_channel_complex	50944
GO:0034702	ion_channel_complex	5142
GO:0034702	ion_channel_complex	5144
GO:0034702	ion_channel_complex	54795
GO:0034702	ion_channel_complex	55144
GO:0034702	ion_channel_complex	5524
GO:0034702	ion_channel_complex	5566
GO:0034702	ion_channel_complex	56262
GO:0034702	ion_channel_complex	56479
GO:0034702	ion_channel_complex	57406
GO:0034702	ion_channel_complex	57628
GO:0034702	ion_channel_complex	610
GO:0034702	ion_channel_complex	6261
GO:0034702	ion_channel_complex	6262
GO:0034702	ion_channel_complex	6323
GO:0034702	ion_channel_complex	6324
GO:0034702	ion_channel_complex	6326
GO:0034702	ion_channel_complex	6327
GO:0034702	ion_channel_complex	6328
GO:0034702	ion_channel_complex	6329
GO:0034702	ion_channel_complex	6331
GO:0034702	ion_channel_complex	6334
GO:0034702	ion_channel_complex	6616
GO:0034702	ion_channel_complex	6804
GO:0034702	ion_channel_complex	6833
GO:0034702	ion_channel_complex	6844
GO:0034702	ion_channel_complex	6900
GO:0034702	ion_channel_complex	7223
GO:0034702	ion_channel_complex	7224
GO:0034702	ion_channel_complex	773
GO:0034702	ion_channel_complex	774
GO:0034702	ion_channel_complex	775
GO:0034702	ion_channel_complex	777
GO:0034702	ion_channel_complex	779
GO:0034702	ion_channel_complex	781
GO:0034702	ion_channel_complex	782
GO:0034702	ion_channel_complex	784
GO:0034702	ion_channel_complex	785
GO:0034702	ion_channel_complex	7881
GO:0034702	ion_channel_complex	801
GO:0034702	ion_channel_complex	80131
GO:0034702	ion_channel_complex	80333
GO:0034702	ion_channel_complex	80727
GO:0034702	ion_channel_complex	808
GO:0034702	ion_channel_complex	817
GO:0034702	ion_channel_complex	84230
GO:0034702	ion_channel_complex	8506
GO:0034702	ion_channel_complex	8514
GO:0034702	ion_channel_complex	8911
GO:0034702	ion_channel_complex	8912
GO:0034702	ion_channel_complex	8913
GO:0034702	ion_channel_complex	90550
GO:0034702	ion_channel_complex	91404
GO:0034702	ion_channel_complex	9254
GO:0034702	ion_channel_complex	9312
GO:0034702	ion_channel_complex	93145
GO:0034702	ion_channel_complex	9472
GO:0034702	ion_channel_complex	9722
GO:0001917	photoreceptor_inner_segment	10681
GO:0001917	photoreceptor_inner_segment	1759
GO:0001917	photoreceptor_inner_segment	1785
GO:0001917	photoreceptor_inner_segment	22941
GO:0001917	photoreceptor_inner_segment	26052
GO:0001917	photoreceptor_inner_segment	2780
GO:0001917	photoreceptor_inner_segment	2782
GO:0001917	photoreceptor_inner_segment	346562
GO:0001917	photoreceptor_inner_segment	4647
GO:0001917	photoreceptor_inner_segment	4842
GO:0001917	photoreceptor_inner_segment	7399
GO:0001917	photoreceptor_inner_segment	8787
GO:0001917	photoreceptor_inner_segment	92840
GO:0001917	photoreceptor_inner_segment	9696
GO:0001917	photoreceptor_inner_segment	9786
GO:0034707	chloride_channel_complex	1080
GO:0034707	chloride_channel_complex	1181
GO:0034707	chloride_channel_complex	23155
GO:0034707	chloride_channel_complex	2554
GO:0034707	chloride_channel_complex	2555
GO:0034707	chloride_channel_complex	2556
GO:0034707	chloride_channel_complex	2557
GO:0034707	chloride_channel_complex	2560
GO:0034707	chloride_channel_complex	2561
GO:0034707	chloride_channel_complex	2562
GO:0034707	chloride_channel_complex	25932
GO:0034707	chloride_channel_complex	2741
GO:0034707	chloride_channel_complex	2743
GO:0034707	chloride_channel_complex	80727
