#flatfile
1	Immune_and_neuronal.neurotrophic_pathways	2260
1	Immune_and_neuronal.neurotrophic_pathways	4853
1	Immune_and_neuronal.neurotrophic_pathways	655
1	Immune_and_neuronal.neurotrophic_pathways	4851
1	Immune_and_neuronal.neurotrophic_pathways	4854
1	Immune_and_neuronal.neurotrophic_pathways	5159
1	Immune_and_neuronal.neurotrophic_pathways	197
1	Immune_and_neuronal.neurotrophic_pathways	49861
1	Immune_and_neuronal.neurotrophic_pathways	4803
1	Immune_and_neuronal.neurotrophic_pathways	9370
1	Immune_and_neuronal.neurotrophic_pathways	339
1	Immune_and_neuronal.neurotrophic_pathways	245972
1	Immune_and_neuronal.neurotrophic_pathways	779
1	Immune_and_neuronal.neurotrophic_pathways	843
1	Immune_and_neuronal.neurotrophic_pathways	919
1	Immune_and_neuronal.neurotrophic_pathways	917
1	Immune_and_neuronal.neurotrophic_pathways	26253
1	Immune_and_neuronal.neurotrophic_pathways	1378
1	Immune_and_neuronal.neurotrophic_pathways	26291
1	Immune_and_neuronal.neurotrophic_pathways	2668
1	Immune_and_neuronal.neurotrophic_pathways	80201
1	Immune_and_neuronal.neurotrophic_pathways	3112
1	Immune_and_neuronal.neurotrophic_pathways	9173
1	Immune_and_neuronal.neurotrophic_pathways	3569
1	Immune_and_neuronal.neurotrophic_pathways	83729
1	Immune_and_neuronal.neurotrophic_pathways	3645
1	Immune_and_neuronal.neurotrophic_pathways	11184
1	Immune_and_neuronal.neurotrophic_pathways	9437
1	Immune_and_neuronal.neurotrophic_pathways	4855
1	Immune_and_neuronal.neurotrophic_pathways	4914
1	Immune_and_neuronal.neurotrophic_pathways	5241
1	Immune_and_neuronal.neurotrophic_pathways	26279
1	Immune_and_neuronal.neurotrophic_pathways	64600
1	Immune_and_neuronal.neurotrophic_pathways	123745
1	Immune_and_neuronal.neurotrophic_pathways	6514
1	Immune_and_neuronal.neurotrophic_pathways	6932
1	Immune_and_neuronal.neurotrophic_pathways	7097
1	Immune_and_neuronal.neurotrophic_pathways	54106
1	Immune_and_neuronal.neurotrophic_pathways	351
1	Immune_and_neuronal.neurotrophic_pathways	1131
1	Immune_and_neuronal.neurotrophic_pathways	5595
1	Immune_and_neuronal.neurotrophic_pathways	6833
1	Immune_and_neuronal.neurotrophic_pathways	108
1	Immune_and_neuronal.neurotrophic_pathways	9114
1	Immune_and_neuronal.neurotrophic_pathways	528
1	Immune_and_neuronal.neurotrophic_pathways	51606
1	Immune_and_neuronal.neurotrophic_pathways	9530
1	Immune_and_neuronal.neurotrophic_pathways	10458
1	Immune_and_neuronal.neurotrophic_pathways	776
1	Immune_and_neuronal.neurotrophic_pathways	816
1	Immune_and_neuronal.neurotrophic_pathways	818
1	Immune_and_neuronal.neurotrophic_pathways	2114
1	Immune_and_neuronal.neurotrophic_pathways	2257
1	Immune_and_neuronal.neurotrophic_pathways	2259
1	Immune_and_neuronal.neurotrophic_pathways	56776
1	Immune_and_neuronal.neurotrophic_pathways	3313
1	Immune_and_neuronal.neurotrophic_pathways	3708
1	Immune_and_neuronal.neurotrophic_pathways	6416
1	Immune_and_neuronal.neurotrophic_pathways	5594
1	Immune_and_neuronal.neurotrophic_pathways	5602
1	Immune_and_neuronal.neurotrophic_pathways	5603
1	Immune_and_neuronal.neurotrophic_pathways	5601
1	Immune_and_neuronal.neurotrophic_pathways	5058
1	Immune_and_neuronal.neurotrophic_pathways	5122
1	Immune_and_neuronal.neurotrophic_pathways	5126
1	Immune_and_neuronal.neurotrophic_pathways	5295
1	Immune_and_neuronal.neurotrophic_pathways	23236
1	Immune_and_neuronal.neurotrophic_pathways	5530
1	Immune_and_neuronal.neurotrophic_pathways	5581
1	Immune_and_neuronal.neurotrophic_pathways	5590
1	Immune_and_neuronal.neurotrophic_pathways	5791
1	Immune_and_neuronal.neurotrophic_pathways	5899
1	Immune_and_neuronal.neurotrophic_pathways	23179
1	Immune_and_neuronal.neurotrophic_pathways	53358
1	Immune_and_neuronal.neurotrophic_pathways	7074
1	Immune_and_neuronal.neurotrophic_pathways	7301
1	Immune_and_neuronal.neurotrophic_pathways	7533
1	Immune_and_neuronal.neurotrophic_pathways	320
1	Immune_and_neuronal.neurotrophic_pathways	9201
1	Immune_and_neuronal.neurotrophic_pathways	2775
1	Immune_and_neuronal.neurotrophic_pathways	10014
1	Immune_and_neuronal.neurotrophic_pathways	3479
1	Immune_and_neuronal.neurotrophic_pathways	7532
1	Immune_and_neuronal.neurotrophic_pathways	1636
1	Immune_and_neuronal.neurotrophic_pathways	91
1	Immune_and_neuronal.neurotrophic_pathways	102
1	Immune_and_neuronal.neurotrophic_pathways	207
1	Immune_and_neuronal.neurotrophic_pathways	229
1	Immune_and_neuronal.neurotrophic_pathways	8992
1	Immune_and_neuronal.neurotrophic_pathways	9564
1	Immune_and_neuronal.neurotrophic_pathways	596
1	Immune_and_neuronal.neurotrophic_pathways	624
1	Immune_and_neuronal.neurotrophic_pathways	773
1	Immune_and_neuronal.neurotrophic_pathways	817
1	Immune_and_neuronal.neurotrophic_pathways	898
1	Immune_and_neuronal.neurotrophic_pathways	999
1	Immune_and_neuronal.neurotrophic_pathways	1499
1	Immune_and_neuronal.neurotrophic_pathways	440275
1	Immune_and_neuronal.neurotrophic_pathways	5167
1	Immune_and_neuronal.neurotrophic_pathways	2033
1	Immune_and_neuronal.neurotrophic_pathways	2066
1	Immune_and_neuronal.neurotrophic_pathways	2263
1	Immune_and_neuronal.neurotrophic_pathways	2885
1	Immune_and_neuronal.neurotrophic_pathways	1839
1	Immune_and_neuronal.neurotrophic_pathways	9734
1	Immune_and_neuronal.neurotrophic_pathways	3624
1	Immune_and_neuronal.neurotrophic_pathways	3725
1	Immune_and_neuronal.neurotrophic_pathways	3791
1	Immune_and_neuronal.neurotrophic_pathways	4067
1	Immune_and_neuronal.neurotrophic_pathways	10459
1	Immune_and_neuronal.neurotrophic_pathways	5607
1	Immune_and_neuronal.neurotrophic_pathways	4916
1	Immune_and_neuronal.neurotrophic_pathways	255738
1	Immune_and_neuronal.neurotrophic_pathways	5155
1	Immune_and_neuronal.neurotrophic_pathways	5289
1	Immune_and_neuronal.neurotrophic_pathways	51196
1	Immune_and_neuronal.neurotrophic_pathways	5468
1	Immune_and_neuronal.neurotrophic_pathways	5518
1	Immune_and_neuronal.neurotrophic_pathways	5584
1	Immune_and_neuronal.neurotrophic_pathways	5663
1	Immune_and_neuronal.neurotrophic_pathways	4092
1	Immune_and_neuronal.neurotrophic_pathways	10580
1	Immune_and_neuronal.neurotrophic_pathways	7161
1	Immune_and_neuronal.neurotrophic_pathways	7249
1	Immune_and_neuronal.neurotrophic_pathways	7391
1	Immune_and_neuronal.neurotrophic_pathways	7421
1	Immune_and_neuronal.neurotrophic_pathways	7534
1	Immune_and_neuronal.neurotrophic_pathways	1387
1	Immune_and_neuronal.neurotrophic_pathways	2778
1	Immune_and_neuronal.neurotrophic_pathways	6885
1	Immune_and_neuronal.neurotrophic_pathways	9252
1	Immune_and_neuronal.neurotrophic_pathways	25
1	Immune_and_neuronal.neurotrophic_pathways	90
1	Immune_and_neuronal.neurotrophic_pathways	196883
1	Immune_and_neuronal.neurotrophic_pathways	112
1	Immune_and_neuronal.neurotrophic_pathways	114
1	Immune_and_neuronal.neurotrophic_pathways	8165
1	Immune_and_neuronal.neurotrophic_pathways	10000
1	Immune_and_neuronal.neurotrophic_pathways	64682
1	Immune_and_neuronal.neurotrophic_pathways	25847
1	Immune_and_neuronal.neurotrophic_pathways	1176
1	Immune_and_neuronal.neurotrophic_pathways	83464
1	Immune_and_neuronal.neurotrophic_pathways	201176
1	Immune_and_neuronal.neurotrophic_pathways	1386
1	Immune_and_neuronal.neurotrophic_pathways	535
1	Immune_and_neuronal.neurotrophic_pathways	50617
1	Immune_and_neuronal.neurotrophic_pathways	245973
1	Immune_and_neuronal.neurotrophic_pathways	9550
1	Immune_and_neuronal.neurotrophic_pathways	23621
1	Immune_and_neuronal.neurotrophic_pathways	573
1	Immune_and_neuronal.neurotrophic_pathways	8915
1	Immune_and_neuronal.neurotrophic_pathways	627
1	Immune_and_neuronal.neurotrophic_pathways	637
1	Immune_and_neuronal.neurotrophic_pathways	649
1	Immune_and_neuronal.neurotrophic_pathways	650
1	Immune_and_neuronal.neurotrophic_pathways	654
1	Immune_and_neuronal.neurotrophic_pathways	353500
1	Immune_and_neuronal.neurotrophic_pathways	656
1	Immune_and_neuronal.neurotrophic_pathways	657
1	Immune_and_neuronal.neurotrophic_pathways	673
1	Immune_and_neuronal.neurotrophic_pathways	81617
1	Immune_and_neuronal.neurotrophic_pathways	777
1	Immune_and_neuronal.neurotrophic_pathways	8913
1	Immune_and_neuronal.neurotrophic_pathways	805
1	Immune_and_neuronal.neurotrophic_pathways	814
1	Immune_and_neuronal.neurotrophic_pathways	11132
1	Immune_and_neuronal.neurotrophic_pathways	842
1	Immune_and_neuronal.neurotrophic_pathways	894
1	Immune_and_neuronal.neurotrophic_pathways	915
1	Immune_and_neuronal.neurotrophic_pathways	974
1	Immune_and_neuronal.neurotrophic_pathways	146059
1	Immune_and_neuronal.neurotrophic_pathways	8881
1	Immune_and_neuronal.neurotrophic_pathways	993
1	Immune_and_neuronal.neurotrophic_pathways	998
1	Immune_and_neuronal.neurotrophic_pathways	1021
1	Immune_and_neuronal.neurotrophic_pathways	1129
1	Immune_and_neuronal.neurotrophic_pathways	1133
1	Immune_and_neuronal.neurotrophic_pathways	1139
1	Immune_and_neuronal.neurotrophic_pathways	1147
1	Immune_and_neuronal.neurotrophic_pathways	10686
1	Immune_and_neuronal.neurotrophic_pathways	90993
1	Immune_and_neuronal.neurotrophic_pathways	64764
1	Immune_and_neuronal.neurotrophic_pathways	148327
1	Immune_and_neuronal.neurotrophic_pathways	9586
1	Immune_and_neuronal.neurotrophic_pathways	1445
1	Immune_and_neuronal.neurotrophic_pathways	55816
1	Immune_and_neuronal.neurotrophic_pathways	1871
1	Immune_and_neuronal.neurotrophic_pathways	8411
1	Immune_and_neuronal.neurotrophic_pathways	5610
1	Immune_and_neuronal.neurotrophic_pathways	9451
1	Immune_and_neuronal.neurotrophic_pathways	3646
1	Immune_and_neuronal.neurotrophic_pathways	1977
1	Immune_and_neuronal.neurotrophic_pathways	2022
1	Immune_and_neuronal.neurotrophic_pathways	2064
1	Immune_and_neuronal.neurotrophic_pathways	2113
1	Immune_and_neuronal.neurotrophic_pathways	2120
1	Immune_and_neuronal.neurotrophic_pathways	27006
1	Immune_and_neuronal.neurotrophic_pathways	2250
1	Immune_and_neuronal.neurotrophic_pathways	2251
1	Immune_and_neuronal.neurotrophic_pathways	2280
1	Immune_and_neuronal.neurotrophic_pathways	2281
1	Immune_and_neuronal.neurotrophic_pathways	23768
1	Immune_and_neuronal.neurotrophic_pathways	2309
1	Immune_and_neuronal.neurotrophic_pathways	10818
1	Immune_and_neuronal.neurotrophic_pathways	5045
1	Immune_and_neuronal.neurotrophic_pathways	51343
1	Immune_and_neuronal.neurotrophic_pathways	2645
1	Immune_and_neuronal.neurotrophic_pathways	2690
1	Immune_and_neuronal.neurotrophic_pathways	2767
1	Immune_and_neuronal.neurotrophic_pathways	9630
1	Immune_and_neuronal.neurotrophic_pathways	2770
1	Immune_and_neuronal.neurotrophic_pathways	2774
1	Immune_and_neuronal.neurotrophic_pathways	2781
1	Immune_and_neuronal.neurotrophic_pathways	57678
1	Immune_and_neuronal.neurotrophic_pathways	2887
1	Immune_and_neuronal.neurotrophic_pathways	2888
1	Immune_and_neuronal.neurotrophic_pathways	3082
1	Immune_and_neuronal.neurotrophic_pathways	3117
1	Immune_and_neuronal.neurotrophic_pathways	3320
1	Immune_and_neuronal.neurotrophic_pathways	3326
1	Immune_and_neuronal.neurotrophic_pathways	7184
1	Immune_and_neuronal.neurotrophic_pathways	3329
1	Immune_and_neuronal.neurotrophic_pathways	3454
1	Immune_and_neuronal.neurotrophic_pathways	3455
1	Immune_and_neuronal.neurotrophic_pathways	3460
1	Immune_and_neuronal.neurotrophic_pathways	3480
1	Immune_and_neuronal.neurotrophic_pathways	3551
1	Immune_and_neuronal.neurotrophic_pathways	3586
1	Immune_and_neuronal.neurotrophic_pathways	3587
1	Immune_and_neuronal.neurotrophic_pathways	3593
1	Immune_and_neuronal.neurotrophic_pathways	3566
1	Immune_and_neuronal.neurotrophic_pathways	3626
1	Immune_and_neuronal.neurotrophic_pathways	3636
1	Immune_and_neuronal.neurotrophic_pathways	3667
1	Immune_and_neuronal.neurotrophic_pathways	8660
1	Immune_and_neuronal.neurotrophic_pathways	3710
1	Immune_and_neuronal.neurotrophic_pathways	3716
1	Immune_and_neuronal.neurotrophic_pathways	3717
1	Immune_and_neuronal.neurotrophic_pathways	131096
1	Immune_and_neuronal.neurotrophic_pathways	3767
1	Immune_and_neuronal.neurotrophic_pathways	3815
1	Immune_and_neuronal.neurotrophic_pathways	9365
1	Immune_and_neuronal.neurotrophic_pathways	64837
1	Immune_and_neuronal.neurotrophic_pathways	3818
1	Immune_and_neuronal.neurotrophic_pathways	3845
1	Immune_and_neuronal.neurotrophic_pathways	3949
1	Immune_and_neuronal.neurotrophic_pathways	23175
1	Immune_and_neuronal.neurotrophic_pathways	8379
1	Immune_and_neuronal.neurotrophic_pathways	5605
1	Immune_and_neuronal.neurotrophic_pathways	5608
1	Immune_and_neuronal.neurotrophic_pathways	4216
1	Immune_and_neuronal.neurotrophic_pathways	4293
1	Immune_and_neuronal.neurotrophic_pathways	5600
1	Immune_and_neuronal.neurotrophic_pathways	4193
1	Immune_and_neuronal.neurotrophic_pathways	2660
1	Immune_and_neuronal.neurotrophic_pathways	23385
1	Immune_and_neuronal.neurotrophic_pathways	4695
1	Immune_and_neuronal.neurotrophic_pathways	4772
1	Immune_and_neuronal.neurotrophic_pathways	4775
1	Immune_and_neuronal.neurotrophic_pathways	4790
1	Immune_and_neuronal.neurotrophic_pathways	64127
1	Immune_and_neuronal.neurotrophic_pathways	4908
1	Immune_and_neuronal.neurotrophic_pathways	142
1	Immune_and_neuronal.neurotrophic_pathways	5125
1	Immune_and_neuronal.neurotrophic_pathways	9159
1	Immune_and_neuronal.neurotrophic_pathways	5139
1	Immune_and_neuronal.neurotrophic_pathways	5140
1	Immune_and_neuronal.neurotrophic_pathways	56034
1	Immune_and_neuronal.neurotrophic_pathways	80310
1	Immune_and_neuronal.neurotrophic_pathways	9063
1	Immune_and_neuronal.neurotrophic_pathways	128869
1	Immune_and_neuronal.neurotrophic_pathways	5294
1	Immune_and_neuronal.neurotrophic_pathways	9088
1	Immune_and_neuronal.neurotrophic_pathways	5585
1	Immune_and_neuronal.neurotrophic_pathways	5586
1	Immune_and_neuronal.neurotrophic_pathways	81579
1	Immune_and_neuronal.neurotrophic_pathways	50487
1	Immune_and_neuronal.neurotrophic_pathways	5332
1	Immune_and_neuronal.neurotrophic_pathways	5335
1	Immune_and_neuronal.neurotrophic_pathways	5338
1	Immune_and_neuronal.neurotrophic_pathways	5465
1	Immune_and_neuronal.neurotrophic_pathways	5471
1	Immune_and_neuronal.neurotrophic_pathways	5494
1	Immune_and_neuronal.neurotrophic_pathways	5516
1	Immune_and_neuronal.neurotrophic_pathways	5520
1	Immune_and_neuronal.neurotrophic_pathways	5521
1	Immune_and_neuronal.neurotrophic_pathways	55844
1	Immune_and_neuronal.neurotrophic_pathways	5531
1	Immune_and_neuronal.neurotrophic_pathways	5562
1	Immune_and_neuronal.neurotrophic_pathways	5571
1	Immune_and_neuronal.neurotrophic_pathways	5578
1	Immune_and_neuronal.neurotrophic_pathways	5583
1	Immune_and_neuronal.neurotrophic_pathways	5771
1	Immune_and_neuronal.neurotrophic_pathways	5868
1	Immune_and_neuronal.neurotrophic_pathways	5879
1	Immune_and_neuronal.neurotrophic_pathways	2889
1	Immune_and_neuronal.neurotrophic_pathways	6002
1	Immune_and_neuronal.neurotrophic_pathways	387
1	Immune_and_neuronal.neurotrophic_pathways	6041
1	Immune_and_neuronal.neurotrophic_pathways	6121
1	Immune_and_neuronal.neurotrophic_pathways	6196
1	Immune_and_neuronal.neurotrophic_pathways	22800
1	Immune_and_neuronal.neurotrophic_pathways	6256
1	Immune_and_neuronal.neurotrophic_pathways	949
1	Immune_and_neuronal.neurotrophic_pathways	6400
1	Immune_and_neuronal.neurotrophic_pathways	399694
1	Immune_and_neuronal.neurotrophic_pathways	6497
1	Immune_and_neuronal.neurotrophic_pathways	6517
1	Immune_and_neuronal.neurotrophic_pathways	29988
1	Immune_and_neuronal.neurotrophic_pathways	4091
1	Immune_and_neuronal.neurotrophic_pathways	57154
1	Immune_and_neuronal.neurotrophic_pathways	6615
1	Immune_and_neuronal.neurotrophic_pathways	6654
1	Immune_and_neuronal.neurotrophic_pathways	6655
1	Immune_and_neuronal.neurotrophic_pathways	56907
1	Immune_and_neuronal.neurotrophic_pathways	6722
1	Immune_and_neuronal.neurotrophic_pathways	252983
1	Immune_and_neuronal.neurotrophic_pathways	29110
1	Immune_and_neuronal.neurotrophic_pathways	83439
1	Immune_and_neuronal.neurotrophic_pathways	6934
1	Immune_and_neuronal.neurotrophic_pathways	7039
1	Immune_and_neuronal.neurotrophic_pathways	7048
1	Immune_and_neuronal.neurotrophic_pathways	26230
1	Immune_and_neuronal.neurotrophic_pathways	114609
1	Immune_and_neuronal.neurotrophic_pathways	7092
1	Immune_and_neuronal.neurotrophic_pathways	7093
1	Immune_and_neuronal.neurotrophic_pathways	7124
1	Immune_and_neuronal.neurotrophic_pathways	10293
1	Immune_and_neuronal.neurotrophic_pathways	7297
1	Immune_and_neuronal.neurotrophic_pathways	7320
1	Immune_and_neuronal.neurotrophic_pathways	7351
1	Immune_and_neuronal.neurotrophic_pathways	7409
1	Immune_and_neuronal.neurotrophic_pathways	10451
1	Immune_and_neuronal.neurotrophic_pathways	7531
1	Immune_and_neuronal.neurotrophic_pathways	9765
1	Immune_and_neuronal.neurotrophic_pathways	9372
1	Immune_and_neuronal.neurotrophic_pathways	10782
1	Immune_and_neuronal.neurotrophic_pathways	775
1	Immune_and_neuronal.neurotrophic_pathways	7248
1	Immune_and_neuronal.neurotrophic_pathways	107
1	Immune_and_neuronal.neurotrophic_pathways	23365
1	Immune_and_neuronal.neurotrophic_pathways	774
1	Immune_and_neuronal.neurotrophic_pathways	64506
1	Immune_and_neuronal.neurotrophic_pathways	5588
1	Immune_and_neuronal.neurotrophic_pathways	2185
1	Immune_and_neuronal.neurotrophic_pathways	4088
1	Immune_and_neuronal.neurotrophic_pathways	8850
1	Immune_and_neuronal.neurotrophic_pathways	51703
1	Immune_and_neuronal.neurotrophic_pathways	8754
1	Immune_and_neuronal.neurotrophic_pathways	109
1	Immune_and_neuronal.neurotrophic_pathways	115
1	Immune_and_neuronal.neurotrophic_pathways	29760
1	Immune_and_neuronal.neurotrophic_pathways	658
1	Immune_and_neuronal.neurotrophic_pathways	718
1	Immune_and_neuronal.neurotrophic_pathways	783
1	Immune_and_neuronal.neurotrophic_pathways	9071
1	Immune_and_neuronal.neurotrophic_pathways	1520
1	Immune_and_neuronal.neurotrophic_pathways	1956
1	Immune_and_neuronal.neurotrophic_pathways	2065
1	Immune_and_neuronal.neurotrophic_pathways	2207
1	Immune_and_neuronal.neurotrophic_pathways	2214
1	Immune_and_neuronal.neurotrophic_pathways	3109
1	Immune_and_neuronal.neurotrophic_pathways	3115
1	Immune_and_neuronal.neurotrophic_pathways	3122
1	Immune_and_neuronal.neurotrophic_pathways	3434
1	Immune_and_neuronal.neurotrophic_pathways	3606
1	Immune_and_neuronal.neurotrophic_pathways	3687
1	Immune_and_neuronal.neurotrophic_pathways	3689
1	Immune_and_neuronal.neurotrophic_pathways	3709
1	Immune_and_neuronal.neurotrophic_pathways	3916
1	Immune_and_neuronal.neurotrophic_pathways	4217
1	Immune_and_neuronal.neurotrophic_pathways	4286
1	Immune_and_neuronal.neurotrophic_pathways	4773
1	Immune_and_neuronal.neurotrophic_pathways	4915
1	Immune_and_neuronal.neurotrophic_pathways	5046
1	Immune_and_neuronal.neurotrophic_pathways	5330
1	Immune_and_neuronal.neurotrophic_pathways	5336
1	Immune_and_neuronal.neurotrophic_pathways	5337
1	Immune_and_neuronal.neurotrophic_pathways	5522
1	Immune_and_neuronal.neurotrophic_pathways	51422
1	Immune_and_neuronal.neurotrophic_pathways	5869
1	Immune_and_neuronal.neurotrophic_pathways	6272
1	Immune_and_neuronal.neurotrophic_pathways	27347
1	Immune_and_neuronal.neurotrophic_pathways	6850
1	Immune_and_neuronal.neurotrophic_pathways	64397
1	Immune_and_neuronal.neurotrophic_pathways	1385
1	Immune_and_neuronal.neurotrophic_pathways	8731
1	Immune_and_neuronal.neurotrophic_pathways	93
1	Immune_and_neuronal.neurotrophic_pathways	1398
1	Immune_and_neuronal.neurotrophic_pathways	196513
1	Immune_and_neuronal.neurotrophic_pathways	55770
1	Immune_and_neuronal.neurotrophic_pathways	2773
1	Immune_and_neuronal.neurotrophic_pathways	2776
1	Immune_and_neuronal.neurotrophic_pathways	2932
1	Immune_and_neuronal.neurotrophic_pathways	3643
1	Immune_and_neuronal.neurotrophic_pathways	5597
1	Immune_and_neuronal.neurotrophic_pathways	4800
1	Immune_and_neuronal.neurotrophic_pathways	4893
1	Immune_and_neuronal.neurotrophic_pathways	5062
1	Immune_and_neuronal.neurotrophic_pathways	55023
1	Immune_and_neuronal.neurotrophic_pathways	5894
1	Immune_and_neuronal.neurotrophic_pathways	6198
1	Immune_and_neuronal.neurotrophic_pathways	4086
1	Immune_and_neuronal.neurotrophic_pathways	7410
2	Histone_methylation_pathways	1312
2	Histone_methylation_pathways	136991
2	Histone_methylation_pathways	51200
2	Histone_methylation_pathways	29958
2	Histone_methylation_pathways	29947
2	Histone_methylation_pathways	10841
2	Histone_methylation_pathways	3662
2	Histone_methylation_pathways	79828
2	Histone_methylation_pathways	1757
2	Histone_methylation_pathways	122402
2	Histone_methylation_pathways	56648
2	Histone_methylation_pathways	5595
2	Histone_methylation_pathways	56341
2	Histone_methylation_pathways	6622
2	Histone_methylation_pathways	2033
2	Histone_methylation_pathways	9734
2	Histone_methylation_pathways	93649
2	Histone_methylation_pathways	4842
2	Histone_methylation_pathways	79960
2	Histone_methylation_pathways	23584
2	Histone_methylation_pathways	86
2	Histone_methylation_pathways	91801
2	Histone_methylation_pathways	275
2	Histone_methylation_pathways	408
2	Histone_methylation_pathways	57412
2	Histone_methylation_pathways	55870
2	Histone_methylation_pathways	11176
2	Histone_methylation_pathways	635
2	Histone_methylation_pathways	675
2	Histone_methylation_pathways	55352
2	Histone_methylation_pathways	55471
2	Histone_methylation_pathways	10498
2	Histone_methylation_pathways	112869
2	Histone_methylation_pathways	1387
2	Histone_methylation_pathways	57325
2	Histone_methylation_pathways	1487
2	Histone_methylation_pathways	30827
2	Histone_methylation_pathways	1677
2	Histone_methylation_pathways	83475
2	Histone_methylation_pathways	84444
2	Histone_methylation_pathways	10919
2	Histone_methylation_pathways	26610
2	Histone_methylation_pathways	57634
2	Histone_methylation_pathways	2107
2	Histone_methylation_pathways	80204
2	Histone_methylation_pathways	29960
2	Histone_methylation_pathways	117246
2	Histone_methylation_pathways	54815
2	Histone_methylation_pathways	2778
2	Histone_methylation_pathways	79807
2	Histone_methylation_pathways	8520
2	Histone_methylation_pathways	3070
2	Histone_methylation_pathways	51451
2	Histone_methylation_pathways	84944
2	Histone_methylation_pathways	6885
2	Histone_methylation_pathways	64863
2	Histone_methylation_pathways	4255
2	Histone_methylation_pathways	4297
2	Histone_methylation_pathways	123263
2	Histone_methylation_pathways	221143
2	Histone_methylation_pathways	54888
2	Histone_methylation_pathways	387338
2	Histone_methylation_pathways	221078
2	Histone_methylation_pathways	5079
2	Histone_methylation_pathways	55251
2	Histone_methylation_pathways	10400
2	Histone_methylation_pathways	7799
2	Histone_methylation_pathways	11107
2	Histone_methylation_pathways	10419
2	Histone_methylation_pathways	54496
2	Histone_methylation_pathways	5929
2	Histone_methylation_pathways	9252
2	Histone_methylation_pathways	10856
2	Histone_methylation_pathways	79918
2	Histone_methylation_pathways	80854
2	Histone_methylation_pathways	83852
2	Histone_methylation_pathways	6470
2	Histone_methylation_pathways	56950
2	Histone_methylation_pathways	64754
2	Histone_methylation_pathways	8464
2	Histone_methylation_pathways	9913
2	Histone_methylation_pathways	23512
2	Histone_methylation_pathways	27097
2	Histone_methylation_pathways	10629
2	Histone_methylation_pathways	6894
2	Histone_methylation_pathways	163589
2	Histone_methylation_pathways	51106
2	Histone_methylation_pathways	64216
2	Histone_methylation_pathways	96764
2	Histone_methylation_pathways	80745
2	Histone_methylation_pathways	25917
2	Histone_methylation_pathways	1787
2	Histone_methylation_pathways	8295
2	Histone_methylation_pathways	9759
2	Histone_methylation_pathways	8850
2	Histone_methylation_pathways	23338
2	Histone_methylation_pathways	10891
2	Histone_methylation_pathways	55904
2	Histone_methylation_pathways	3275
2	Histone_methylation_pathways	54904
2	Histone_methylation_pathways	55729
2	Histone_methylation_pathways	23774
2	Histone_methylation_pathways	1788
2	Histone_methylation_pathways	79813
2	Histone_methylation_pathways	2618
2	Histone_methylation_pathways	9329
2	Histone_methylation_pathways	3720
2	Histone_methylation_pathways	9836
2	Histone_methylation_pathways	8731
2	Histone_methylation_pathways	9869
2	Histone_methylation_pathways	23450
2	Histone_methylation_pathways	51111
2	Histone_methylation_pathways	6929
2	Histone_methylation_pathways	80335
2	Histone_methylation_pathways	7468
2	Histone_methylation_pathways	55689
3	Synaptic_pathways	1495
3	Synaptic_pathways	1785
3	Synaptic_pathways	2260
3	Synaptic_pathways	3655
3	Synaptic_pathways	4853
3	Synaptic_pathways	197
3	Synaptic_pathways	359
3	Synaptic_pathways	846
3	Synaptic_pathways	1080
3	Synaptic_pathways	49861
3	Synaptic_pathways	1308
3	Synaptic_pathways	2147
3	Synaptic_pathways	3077
3	Synaptic_pathways	3172
3	Synaptic_pathways	3575
3	Synaptic_pathways	3792
3	Synaptic_pathways	3827
3	Synaptic_pathways	4703
3	Synaptic_pathways	4803
3	Synaptic_pathways	29948
3	Synaptic_pathways	81607
3	Synaptic_pathways	85477
3	Synaptic_pathways	10326
3	Synaptic_pathways	55423
3	Synaptic_pathways	6708
3	Synaptic_pathways	346673
3	Synaptic_pathways	59341
3	Synaptic_pathways	8838
3	Synaptic_pathways	7475
3	Synaptic_pathways	7484
3	Synaptic_pathways	351
3	Synaptic_pathways	60673
3	Synaptic_pathways	1007
3	Synaptic_pathways	1131
3	Synaptic_pathways	9229
3	Synaptic_pathways	9228
3	Synaptic_pathways	2039
3	Synaptic_pathways	2903
3	Synaptic_pathways	3356
3	Synaptic_pathways	81565
3	Synaptic_pathways	81832
3	Synaptic_pathways	23362
3	Synaptic_pathways	5743
3	Synaptic_pathways	50944
3	Synaptic_pathways	83660
3	Synaptic_pathways	57180
3	Synaptic_pathways	1008
3	Synaptic_pathways	1012
3	Synaptic_pathways	1740
3	Synaptic_pathways	2915
3	Synaptic_pathways	22859
3	Synaptic_pathways	57555
3	Synaptic_pathways	9253
3	Synaptic_pathways	25945
3	Synaptic_pathways	19
3	Synaptic_pathways	1636
3	Synaptic_pathways	71
3	Synaptic_pathways	89
3	Synaptic_pathways	91
3	Synaptic_pathways	102
3	Synaptic_pathways	118
3	Synaptic_pathways	134
3	Synaptic_pathways	136
3	Synaptic_pathways	146
3	Synaptic_pathways	189
3	Synaptic_pathways	199
3	Synaptic_pathways	207
3	Synaptic_pathways	229
3	Synaptic_pathways	57679
3	Synaptic_pathways	56899
3	Synaptic_pathways	323
3	Synaptic_pathways	440
3	Synaptic_pathways	9140
3	Synaptic_pathways	55054
3	Synaptic_pathways	64422
3	Synaptic_pathways	493
3	Synaptic_pathways	8992
3	Synaptic_pathways	9564
3	Synaptic_pathways	53335
3	Synaptic_pathways	596
3	Synaptic_pathways	604
3	Synaptic_pathways	624
3	Synaptic_pathways	8678
3	Synaptic_pathways	773
3	Synaptic_pathways	23705
3	Synaptic_pathways	800
3	Synaptic_pathways	817
3	Synaptic_pathways	726
3	Synaptic_pathways	65981
3	Synaptic_pathways	829
3	Synaptic_pathways	830
3	Synaptic_pathways	857
3	Synaptic_pathways	6369
3	Synaptic_pathways	898
3	Synaptic_pathways	978
3	Synaptic_pathways	10435
3	Synaptic_pathways	999
3	Synaptic_pathways	1009
3	Synaptic_pathways	1010
3	Synaptic_pathways	1013
3	Synaptic_pathways	1016
3	Synaptic_pathways	1001
3	Synaptic_pathways	1002
3	Synaptic_pathways	1003
3	Synaptic_pathways	1005
3	Synaptic_pathways	1006
3	Synaptic_pathways	10669
3	Synaptic_pathways	5119
3	Synaptic_pathways	56994
3	Synaptic_pathways	1136
3	Synaptic_pathways	1266
3	Synaptic_pathways	92359
3	Synaptic_pathways	51232
3	Synaptic_pathways	51379
3	Synaptic_pathways	1499
3	Synaptic_pathways	1500
3	Synaptic_pathways	1525
3	Synaptic_pathways	1621
3	Synaptic_pathways	1630
3	Synaptic_pathways	780
3	Synaptic_pathways	51009
3	Synaptic_pathways	26052
3	Synaptic_pathways	1813
3	Synaptic_pathways	1826
3	Synaptic_pathways	667
3	Synaptic_pathways	84062
3	Synaptic_pathways	1889
3	Synaptic_pathways	1906
3	Synaptic_pathways	1909
3	Synaptic_pathways	9538
3	Synaptic_pathways	440275
3	Synaptic_pathways	5167
3	Synaptic_pathways	957
3	Synaptic_pathways	2033
3	Synaptic_pathways	57669
3	Synaptic_pathways	55914
3	Synaptic_pathways	2066
3	Synaptic_pathways	2100
3	Synaptic_pathways	60412
3	Synaptic_pathways	50848
3	Synaptic_pathways	3992
3	Synaptic_pathways	11116
3	Synaptic_pathways	2263
3	Synaptic_pathways	53834
3	Synaptic_pathways	2318
3	Synaptic_pathways	121643
3	Synaptic_pathways	2550
3	Synaptic_pathways	2706
3	Synaptic_pathways	2786
3	Synaptic_pathways	2885
3	Synaptic_pathways	26585
3	Synaptic_pathways	2890
3	Synaptic_pathways	2893
3	Synaptic_pathways	2895
3	Synaptic_pathways	2911
3	Synaptic_pathways	2913
3	Synaptic_pathways	1839
3	Synaptic_pathways	9734
3	Synaptic_pathways	3162
3	Synaptic_pathways	3383
3	Synaptic_pathways	10642
3	Synaptic_pathways	3487
3	Synaptic_pathways	3490
3	Synaptic_pathways	10207
3	Synaptic_pathways	3621
3	Synaptic_pathways	3624
3	Synaptic_pathways	83737
3	Synaptic_pathways	3672
3	Synaptic_pathways	3678
3	Synaptic_pathways	84962
3	Synaptic_pathways	3725
3	Synaptic_pathways	3751
3	Synaptic_pathways	3791
3	Synaptic_pathways	84162
3	Synaptic_pathways	26153
3	Synaptic_pathways	3801
3	Synaptic_pathways	3910
3	Synaptic_pathways	3911
3	Synaptic_pathways	3915
3	Synaptic_pathways	9211
3	Synaptic_pathways	51474
3	Synaptic_pathways	3987
3	Synaptic_pathways	64130
3	Synaptic_pathways	4009
3	Synaptic_pathways	8425
3	Synaptic_pathways	4067
3	Synaptic_pathways	23499
3	Synaptic_pathways	10459
3	Synaptic_pathways	4131
3	Synaptic_pathways	5607
3	Synaptic_pathways	4137
3	Synaptic_pathways	4149
3	Synaptic_pathways	92140
3	Synaptic_pathways	79594
3	Synaptic_pathways	4628
3	Synaptic_pathways	4633
3	Synaptic_pathways	4645
3	Synaptic_pathways	93649
3	Synaptic_pathways	10499
3	Synaptic_pathways	51079
3	Synaptic_pathways	4842
3	Synaptic_pathways	4846
3	Synaptic_pathways	4878
3	Synaptic_pathways	4897
3	Synaptic_pathways	3084
3	Synaptic_pathways	8829
3	Synaptic_pathways	9423
3	Synaptic_pathways	4916
3	Synaptic_pathways	4521
3	Synaptic_pathways	8650
3	Synaptic_pathways	5025
3	Synaptic_pathways	60676
3	Synaptic_pathways	56288
3	Synaptic_pathways	55742
3	Synaptic_pathways	29780
3	Synaptic_pathways	255738
3	Synaptic_pathways	8654
3	Synaptic_pathways	5155
3	Synaptic_pathways	79960
3	Synaptic_pathways	5289
3	Synaptic_pathways	51196
3	Synaptic_pathways	144100
3	Synaptic_pathways	91584
3	Synaptic_pathways	5366
3	Synaptic_pathways	5467
3	Synaptic_pathways	5468
3	Synaptic_pathways	84687
3	Synaptic_pathways	5518
3	Synaptic_pathways	5584
3	Synaptic_pathways	5663
3	Synaptic_pathways	5797
3	Synaptic_pathways	5921
3	Synaptic_pathways	253260
3	Synaptic_pathways	64121
3	Synaptic_pathways	6251
3	Synaptic_pathways	6257
3	Synaptic_pathways	6259
3	Synaptic_pathways	10371
3	Synaptic_pathways	9792
3	Synaptic_pathways	259230
3	Synaptic_pathways	6546
3	Synaptic_pathways	6585
3	Synaptic_pathways	9353
3	Synaptic_pathways	6586
3	Synaptic_pathways	4092
3	Synaptic_pathways	6608
3	Synaptic_pathways	10580
3	Synaptic_pathways	6711
3	Synaptic_pathways	6712
3	Synaptic_pathways	6720
3	Synaptic_pathways	6801
3	Synaptic_pathways	6869
3	Synaptic_pathways	9344
3	Synaptic_pathways	6904
3	Synaptic_pathways	84260
3	Synaptic_pathways	7094
3	Synaptic_pathways	7161
3	Synaptic_pathways	7205
3	Synaptic_pathways	7249
3	Synaptic_pathways	7251
3	Synaptic_pathways	7391
3	Synaptic_pathways	55031
3	Synaptic_pathways	7408
3	Synaptic_pathways	7421
3	Synaptic_pathways	23584
3	Synaptic_pathways	58189
3	Synaptic_pathways	26100
3	Synaptic_pathways	8840
3	Synaptic_pathways	7473
3	Synaptic_pathways	89780
3	Synaptic_pathways	7474
3	Synaptic_pathways	7476
3	Synaptic_pathways	7534
3	Synaptic_pathways	324
3	Synaptic_pathways	775
3	Synaptic_pathways	116443
3	Synaptic_pathways	9455
3	Synaptic_pathways	84557
3	Synaptic_pathways	23542
3	Synaptic_pathways	5796
3	Synaptic_pathways	5818
3	Synaptic_pathways	22941
3	Synaptic_pathways	6595
3	Synaptic_pathways	7248
3	Synaptic_pathways	87
3	Synaptic_pathways	148
3	Synaptic_pathways	952
3	Synaptic_pathways	6900
3	Synaptic_pathways	64506
3	Synaptic_pathways	1739
3	Synaptic_pathways	55840
3	Synaptic_pathways	1910
3	Synaptic_pathways	2023
3	Synaptic_pathways	2053
3	Synaptic_pathways	2533
3	Synaptic_pathways	10755
3	Synaptic_pathways	2934
3	Synaptic_pathways	5654
3	Synaptic_pathways	55540
3	Synaptic_pathways	3691
3	Synaptic_pathways	23189
3	Synaptic_pathways	1902
3	Synaptic_pathways	64398
3	Synaptic_pathways	143098
3	Synaptic_pathways	65009
3	Synaptic_pathways	10529
3	Synaptic_pathways	4864
3	Synaptic_pathways	26471
3	Synaptic_pathways	4974
3	Synaptic_pathways	9127
3	Synaptic_pathways	10611
3	Synaptic_pathways	5588
3	Synaptic_pathways	2185
3	Synaptic_pathways	85004
3	Synaptic_pathways	26037
3	Synaptic_pathways	140885
3	Synaptic_pathways	8935
3	Synaptic_pathways	6506
3	Synaptic_pathways	6507
3	Synaptic_pathways	4088
3	Synaptic_pathways	6648
3	Synaptic_pathways	8878
3	Synaptic_pathways	6916
3	Synaptic_pathways	7049
3	Synaptic_pathways	7082
3	Synaptic_pathways	55062
3	Synaptic_pathways	10096
3	Synaptic_pathways	1000
3	Synaptic_pathways	1385
3	Synaptic_pathways	8527
3	Synaptic_pathways	2149
3	Synaptic_pathways	8825
3	Synaptic_pathways	55904
3	Synaptic_pathways	4301
3	Synaptic_pathways	8440
3	Synaptic_pathways	22871
3	Synaptic_pathways	3275
3	Synaptic_pathways	6597
3	Synaptic_pathways	85464
3	Synaptic_pathways	8805
3	Synaptic_pathways	54904
3	Synaptic_pathways	51193
