C	Cn	DOID:0060041	actual overlap	expected overlap	OR	95% CI	p-value	p.adjusted	{p_value}	BC	p-value(ALT)	p.adjusted(ALT)	BC(ALT)	DOID:1059	actual overlap	expected overlap	OR	95% CI	p-value	p.adjusted	{p_value}	BC	p-value(ALT)	p.adjusted(ALT)	BC(ALT)	DOID:10652	actual overlap	expected overlap	OR	95% CI	p-value	p.adjusted	{p_value}	BC	p-value(ALT)	p.adjusted(ALT)	BC(ALT)	DOID:10763	actual overlap	expected overlap	OR	95% CI	p-value	p.adjusted	{p_value}	BC	p-value(ALT)	p.adjusted(ALT)	BC(ALT)	DOID:12849	actual overlap	expected overlap	OR	95% CI	p-value	p.adjusted	{p_value}	BC	p-value(ALT)	p.adjusted(ALT)	BC(ALT)	DOID:12858	actual overlap	expected overlap	OR	95% CI	p-value	p.adjusted	{p_value}	BC	p-value(ALT)	p.adjusted(ALT)	BC(ALT)	DOID:14330	actual overlap	expected overlap	OR	95% CI	p-value	p.adjusted	{p_value}	BC	p-value(ALT)	p.adjusted(ALT)	BC(ALT)	DOID:1826	actual overlap	expected overlap	OR	95% CI	p-value	p.adjusted	{p_value}	BC	p-value(ALT)	p.adjusted(ALT)	BC(ALT)	DOID:3312	actual overlap	expected overlap	OR	95% CI	p-value	p.adjusted	{p_value}	BC	p-value(ALT)	p.adjusted(ALT)	BC(ALT)	DOID:5419	actual overlap	expected overlap	OR	95% CI	p-value	p.adjusted	{p_value}	BC	p-value(ALT)	p.adjusted(ALT)	BC(ALT)	DOID:9255	actual overlap	expected overlap	OR	95% CI	p-value	p.adjusted	{p_value}	BC	p-value(ALT)	p.adjusted(ALT)	BC(ALT)	
1	22	66	0	1.16814	0	[0.00,0.00]	1	1	0.1		1	1		69	0	1.22124	0	[0.00,0.00]	1	1	0.1		1	1		209	3	3.69912	0.777976	[0.23,2.65]	0.479776	1	0.1		0.222921	1		111	3	1.9646	1.62719	[0.47,5.59]	0.312278	1	0.1		0.748748	1		66	0	1.16814	0	[0.00,0.00]	1	1	0.1		1	1		39	1	0.690265	1.48246	[0.19,11.31]	0.357499	1	0.1		0.850415	1		80	0	1.41593	0	[0.00,0.00]	1	1	0.1		1	1		109	1	1.9292	0.490741	[0.07,3.68]	0.411344	1	0.1		0.280946	1		79	1	1.39823	0.697802	[0.09,5.26]	0.586886	1	0.1		0.354047	1		262	2	4.63717	0.369615	[0.09,1.59]	0.125604	1	0.1		0.0891397	1		71	1	1.25664	0.782993	[0.10,5.91]	0.638953	1	0.1		0.367875	1		
2	22	66	0	1.16814	0	[0.00,0.00]	1	1	0.1		1	1		69	3	1.22124	2.76316	[0.80,9.57]	0.0886889	1	0.1		0.970217	1		209	0	3.69912	0	[0.00,0.00]	1	1	0.1		1	1		111	0	1.9646	0	[0.00,0.00]	1	1	0.1		1	1		66	0	1.16814	0	[0.00,0.00]	1	1	0.1		1	1		39	0	0.690265	0	[0.00,0.00]	1	1	0.1		1	1		80	0	1.41593	0	[0.00,0.00]	1	1	0.1		1	1		109	1	1.9292	0.490741	[0.07,3.68]	0.411344	1	0.1		0.280946	1		79	0	1.39823	0	[0.00,0.00]	1	1	0.1		1	1		262	3	4.63717	0.586466	[0.17,2.00]	0.286216	1	0.1		0.160612	1		71	0	1.25664	0	[0.00,0.00]	1	1	0.1		1	1		
3	35	66	1	1.85841	0.517195	[0.07,3.84]	0.435465	1	0.1		0.291319	1		69	1	1.94288	0.49308	[0.07,3.66]	0.410556	1	0.1		0.278901	1		209	5	5.88496	0.820261	[0.31,2.14]	0.449041	1	0.1		0.176071	1		111	9	3.1255	3.75339	[1.71,8.23]	0.00194934	0.823435	0.1		0.999416	1		66	1	1.85841	0.517195	[0.07,3.84]	0.435465	1	0.1		0.291319	1		39	0	1.09815	0	[0.00,0.00]	1	1	0.1		1	1		80	2	2.25261	0.878011	[0.21,3.73]	0.605719	1	0.1		0.277768	1		109	6	3.06919	2.21962	[0.90,5.47]	0.0890571	1	0.1		0.933516	1		79	0	2.22446	0	[0.00,0.00]	1	1	0.1		1	1		262	6	7.37731	0.769397	[0.32,1.87]	0.3693	1	0.1		0.149753	1		71	1	1.9992	0.478151	[0.06,3.54]	0.394515	1	0.1		0.270596	1		
4	73	66	10	3.87611	3.1576	[1.54,6.48]	0.00277148	0.851339	0.1		0.998942	1		69	8	4.05229	2.23758	[1.03,4.87]	0.041191	1	0.1		0.970115	1		209	13	12.2743	1.0767	[0.58,2.00]	0.412928	1	0.1		0.372228	1		111	2	6.51891	0.274196	[0.07,1.13]	0.0324166	1	0.1		0.0248789	1		66	10	3.87611	3.1576	[1.54,6.48]	0.00277148	0.851339	0.1		0.998942	1		39	4	2.29043	1.87992	[0.65,5.44]	0.209119	1	0.1		0.835736	1		80	6	4.69831	1.32634	[0.56,3.16]	0.279681	1	0.1		0.680989	1		109	12	6.40145	2.1761	[1.13,4.18]	0.0210146	1	0.1		0.983165	1		79	7	4.63958	1.61742	[0.72,3.65]	0.134748	1	0.1		0.86994	1		262	22	15.387	1.67157	[0.99,2.81]	0.0342262	1	0.1		0.962992	1		71	3	4.16975	0.694538	[0.21,2.26]	0.388102	1	0.1		0.190972	1		
5	22	66	1	1.16814	0.846886	[0.11,6.39]	0.672182	1	0.1		0.374236	1		69	2	1.22124	1.72239	[0.39,7.52]	0.229334	1	0.1		0.881528	1		209	4	3.69912	1.10136	[0.37,3.29]	0.471548	1	0.1		0.437614	1		111	3	1.9646	1.62719	[0.47,5.59]	0.312278	1	0.1		0.748748	1		66	1	1.16814	0.846886	[0.11,6.39]	0.672182	1	0.1		0.374236	1		39	2	0.690265	3.2	[0.72,14.20]	0.120475	1	0.1		0.970889	1		80	2	1.41593	1.46538	[0.34,6.38]	0.483936	1	0.1		0.607557	1		109	2	1.9292	1.04112	[0.24,4.51]	0.697334	1	0.1		0.28599	1		79	3	1.39823	2.37881	[0.69,8.22]	0.113635	1	0.1		0.953986	1		262	8	4.63717	2.17548	[0.90,5.24]	0.0811423	1	0.1		0.936842	1		71	2	1.25664	1.66957	[0.38,7.29]	0.234712	1	0.1		0.873665	1		
6	21	66	1	1.11504	0.89	[0.12,6.74]	0.692251	1	0.1		0.377294	1		69	0	1.16573	0	[0.00,0.00]	1	1	0.1		1	1		209	5	3.53097	1.55944	[0.56,4.30]	0.252312	1	0.1		0.766587	1		111	1	1.8753	0.505455	[0.07,3.80]	0.427007	1	0.1		0.289095	1		66	1	1.11504	0.89	[0.12,6.74]	0.692251	1	0.1		0.377294	1		39	0	0.65889	0	[0.00,0.00]	1	1	0.1		1	1		80	0	1.35157	0	[0.00,0.00]	1	1	0.1		1	1		109	1	1.84151	0.515741	[0.07,3.88]	0.437343	1	0.1		0.294175	1		79	4	1.33467	3.59843	[1.18,10.96]	0.0312027	1	0.1		0.991697	1		262	7	4.42639	1.89608	[0.76,4.75]	0.122424	1	0.1		0.900307	1		71	2	1.19952	1.75896	[0.40,7.71]	0.226144	1	0.1		0.886434	1		
7	24	66	0	1.27434	0	[0.00,0.00]	1	1	0.1		1	1		69	3	1.33226	2.49567	[0.73,8.58]	0.104297	1	0.1		0.960204	1		209	1	4.0354	0.211329	[0.03,1.57]	0.0686704	1	0.1		0.0571513	1		111	1	2.1432	0.43834	[0.06,3.28]	0.352517	1	0.1		0.248901	1		66	0	1.27434	0	[0.00,0.00]	1	1	0.1		1	1		39	0	0.753017	0	[0.00,0.00]	1	1	0.1		1	1		80	1	1.54465	0.627408	[0.08,4.71]	0.535429	1	0.1		0.335955	1		109	3	2.10459	1.5	[0.44,5.11]	0.30866	1	0.1		0.739575	1		79	2	1.52534	1.34829	[0.31,5.84]	0.469508	1	0.1		0.604278	1		262	4	5.05873	0.744961	[0.25,2.20]	0.406617	1	0.1		0.185364	1		71	0	1.37088	0	[0.00,0.00]	1	1	0.1		1	1		
8	34	66	3	1.80531	1.76037	[0.52,5.91]	0.319346	1	0.1		0.746089	1		69	3	1.88737	1.67595	[0.50,5.62]	0.315978	1	0.1		0.745485	1		209	7	5.71681	1.29245	[0.56,3.01]	0.293266	1	0.1		0.651323	1		111	5	3.0362	1.79408	[0.68,4.73]	0.144841	1	0.1		0.885033	1		66	3	1.80531	1.76037	[0.52,5.91]	0.319346	1	0.1		0.746089	1		39	1	1.06677	0.933812	[0.12,7.01]	0.710684	1	0.1		0.3774	1		80	4	2.18825	1.98772	[0.68,5.79]	0.20929	1	0.1		0.837006	1		109	3	2.9815	1.007	[0.30,3.35]	0.65209	1	0.1		0.23785	1		79	2	2.1609	0.918831	[0.22,3.91]	0.631497	1	0.1		0.280675	1		262	6	7.16653	0.797712	[0.33,1.95]	0.402631	1	0.1		0.157412	1		71	1	1.94208	0.493074	[0.07,3.66]	0.41067	1	0.1		0.27902	1		
9	58	66	2	3.07965	0.625558	[0.15,2.62]	0.393655	1	0.1		0.220885	1		69	4	3.21963	1.27635	[0.45,3.63]	0.34298	1	0.1		0.630922	1		209	5	9.75221	0.453663	[0.18,1.15]	0.0555106	1	0.1		0.0338035	1		111	2	5.1794	0.352556	[0.08,1.46]	0.0940361	1	0.1		0.0671431	1		66	2	3.07965	0.625558	[0.15,2.62]	0.393655	1	0.1		0.220885	1		39	1	1.81979	0.529548	[0.07,3.93]	0.447465	1	0.1		0.29691	1		80	3	3.7329	0.784888	[0.24,2.57]	0.47881	1	0.1		0.21526	1		109	4	5.08608	0.761905	[0.27,2.15]	0.412572	1	0.1		0.178961	1		79	2	3.68624	0.513915	[0.12,2.15]	0.271622	1	0.1		0.167788	1		262	9	12.2253	0.676615	[0.33,1.40]	0.185876	1	0.1		0.0796863	1		71	1	3.31295	0.279449	[0.04,2.05]	0.142499	1	0.1		0.112136	1		
10	46	66	2	2.44248	0.804688	[0.19,3.39]	0.553581	1	0.1		0.268266	1		69	1	2.5535	0.368954	[0.05,2.72]	0.26202	1	0.1		0.193273	1		209	4	7.73451	0.460859	[0.16,1.30]	0.0904058	1	0.1		0.0555219	1		111	2	4.1078	0.453711	[0.11,1.90]	0.203826	1	0.1		0.132944	1		66	2	2.44248	0.804688	[0.19,3.39]	0.553581	1	0.1		0.268266	1		39	3	1.44328	2.25	[0.67,7.59]	0.119697	1	0.1		0.947672	1		80	1	2.96058	0.314487	[0.04,2.31]	0.189711	1	0.1		0.145506	1		109	5	4.03379	1.28166	[0.50,3.31]	0.382527	1	0.1		0.575851	1		79	1	2.92357	0.318803	[0.04,2.34]	0.195489	1	0.1		0.149465	1		262	7	9.6959	0.663047	[0.29,1.50]	0.212726	1	0.1		0.0965327	1		71	3	2.62751	1.15834	[0.35,3.83]	0.477562	1	0.1		0.48698	1		
11	20	66	0	1.06195	0	[0.00,0.00]	1	1	0.1		1	1		69	0	1.11022	0	[0.00,0.00]	1	1	0.1		1	1		209	2	3.36283	0.545357	[0.13,2.37]	0.320333	1	0.1		0.195442	1		111	2	1.786	1.13558	[0.26,4.96]	0.435479	1	0.1		0.58634	1		66	0	1.06195	0	[0.00,0.00]	1	1	0.1		1	1		39	0	0.627514	0	[0.00,0.00]	1	1	0.1		1	1		80	1	1.28721	0.762159	[0.10,5.77]	0.627355	1	0.1		0.365805	1		109	1	1.75382	0.543372	[0.07,4.10]	0.46448	1	0.1		0.307304	1		79	0	1.27112	0	[0.00,0.00]	1	1	0.1		1	1		262	3	4.21561	0.656825	[0.19,2.26]	0.364057	1	0.1		0.191406	1		71	3	1.1424	2.9974	[0.86,10.48]	0.0777244	1	0.1		0.976392	1		
12	23	66	0	1.22124	0	[0.00,0.00]	1	1	0.1		1	1		69	1	1.27675	0.770053	[0.10,5.80]	0.631552	1	0.1		0.365927	1		209	2	3.86726	0.466069	[0.11,2.00]	0.229059	1	0.1		0.149131	1		111	1	2.0539	0.458678	[0.06,3.44]	0.376155	1	0.1		0.262169	1		66	0	1.22124	0	[0.00,0.00]	1	1	0.1		1	1		39	0	0.721641	0	[0.00,0.00]	1	1	0.1		1	1		80	2	1.48029	1.39438	[0.32,6.06]	0.475426	1	0.1		0.606203	1		109	0	2.01689	0	[0.00,0.00]	1	1	0.1		1	1		79	0	1.46179	0	[0.00,0.00]	1	1	0.1		1	1		262	1	4.84795	0.167015	[0.02,1.24]	0.0297826	1	0.1		0.0256936	1		71	2	1.31376	1.58868	[0.37,6.91]	0.242538	1	0.1		0.860401	1		
13	31	66	1	1.64602	0.588205	[0.08,4.38]	0.502151	1	0.1		0.321767	1		69	3	1.72084	1.86039	[0.55,6.28]	0.156726	1	0.1		0.911831	1		209	2	5.21239	0.334833	[0.08,1.41]	0.0845698	1	0.1		0.0616384	1		111	2	2.7683	0.69788	[0.16,2.96]	0.466216	1	0.1		0.247649	1		66	1	1.64602	0.588205	[0.08,4.38]	0.502151	1	0.1		0.321767	1		39	0	0.972647	0	[0.00,0.00]	1	1	0.1		1	1		80	1	1.99517	0.478059	[0.06,3.55]	0.395035	1	0.1		0.271156	1		109	1	2.71842	0.340741	[0.05,2.52]	0.227567	1	0.1		0.171526	1		79	1	1.97023	0.484615	[0.07,3.60]	0.402119	1	0.1		0.27485	1		262	1	6.53419	0.121456	[0.02,0.89]	0.00560392	1	0.1		0.00501654	1		71	1	1.77072	0.54381	[0.07,4.05]	0.461966	1	0.1		0.304154	1		
14	30	66	1	1.59292	0.609019	[0.08,4.54]	0.519782	1	0.1		0.329018	1		69	0	1.66533	0	[0.00,0.00]	1	1	0.1		1	1		209	5	5.04425	0.989216	[0.37,2.61]	0.608239	1	0.1		0.194404	1		111	0	2.679	0	[0.00,0.00]	1	1	0.1		1	1		66	1	1.59292	0.609019	[0.08,4.54]	0.519782	1	0.1		0.329018	1		39	1	0.941271	1.06624	[0.14,8.03]	0.378273	1	0.1		0.758162	1		80	4	1.93081	2.30162	[0.78,6.76]	0.0829876	1	0.1		0.961133	1		109	4	2.63073	1.62344	[0.56,4.74]	0.211877	1	0.1		0.823276	1		79	1	1.90668	0.501768	[0.07,3.73]	0.420398	1	0.1		0.284263	1		262	4	6.32341	0.569469	[0.20,1.65]	0.208366	1	0.1		0.114384	1		71	4	1.7136	2.63146	[0.89,7.76]	0.0624333	1	0.1		0.97545	1		
15	33	66	1	1.75221	0.550481	[0.07,4.09]	0.468023	1	0.1		0.306757	1		69	1	1.83186	0.524816	[0.07,3.90]	0.443294	1	0.1		0.295227	1		209	8	5.54867	1.60637	[0.71,3.61]	0.153718	1	0.1		0.848208	1		111	1	2.9469	0.3125	[0.04,2.31]	0.189429	1	0.1		0.145681	1		66	1	1.75221	0.550481	[0.07,4.09]	0.468023	1	0.1		0.306757	1		39	0	1.0354	0	[0.00,0.00]	1	1	0.1		1	1		80	2	2.12389	0.936311	[0.22,3.98]	0.641936	1	0.1		0.281645	1		109	1	2.89381	0.318866	[0.04,2.36]	0.197899	1	0.1		0.151488	1		79	2	2.09735	0.949309	[0.22,4.04]	0.64945	1	0.1		0.282117	1		262	4	6.95575	0.508955	[0.18,1.46]	0.142211	1	0.1		0.0832929	1		71	2	1.88496	1.06685	[0.25,4.55]	0.422009	1	0.1		0.569594	1		
16	22	66	0	1.16814	0	[0.00,0.00]	1	1	0.1		1	1		69	0	1.22124	0	[0.00,0.00]	1	1	0.1		1	1		209	2	3.69912	0.489855	[0.11,2.11]	0.256855	1	0.1		0.16396	1		111	0	1.9646	0	[0.00,0.00]	1	1	0.1		1	1		66	0	1.16814	0	[0.00,0.00]	1	1	0.1		1	1		39	0	0.690265	0	[0.00,0.00]	1	1	0.1		1	1		80	0	1.41593	0	[0.00,0.00]	1	1	0.1		1	1		109	0	1.9292	0	[0.00,0.00]	1	1	0.1		1	1		79	0	1.39823	0	[0.00,0.00]	1	1	0.1		1	1		262	3	4.63717	0.586466	[0.17,2.00]	0.286216	1	0.1		0.160612	1		71	0	1.25664	0	[0.00,0.00]	1	1	0.1		1	1		
17	47	66	1	2.49558	0.378261	[0.05,2.79]	0.27403	1	0.1		0.200813	1		69	2	2.60901	0.748922	[0.18,3.15]	0.50906	1	0.1		0.25802	1		209	5	7.90265	0.578898	[0.23,1.48]	0.170279	1	0.1		0.0893824	1		111	2	4.1971	0.443221	[0.11,1.85]	0.19172	1	0.1		0.126208	1		66	1	2.49558	0.378261	[0.05,2.79]	0.27403	1	0.1		0.200813	1		39	1	1.47466	0.662471	[0.09,4.93]	0.560862	1	0.1		0.343718	1		80	1	3.02494	0.307375	[0.04,2.26]	0.180108	1	0.1		0.138857	1		109	5	4.12148	1.25	[0.48,3.23]	0.373792	1	0.1		0.573652	1		79	5	2.98713	1.80502	[0.69,4.70]	0.144177	1	0.1		0.88489	1		262	9	9.90668	0.882775	[0.42,1.85]	0.453996	1	0.1		0.141017	1		71	2	2.68463	0.725926	[0.17,3.06]	0.489371	1	0.1		0.252748	1		
18	37	66	2	1.9646	1.01964	[0.24,4.33]	0.686983	1	0.1		0.282462	1		69	3	2.0539	1.52406	[0.46,5.09]	0.310508	1	0.1		0.738195	1		209	4	6.22124	0.59187	[0.21,1.69]	0.227301	1	0.1		0.120924	1		111	4	3.3041	1.24497	[0.43,3.58]	0.33597	1	0.1		0.629062	1		66	2	1.9646	1.01964	[0.24,4.33]	0.686983	1	0.1		0.282462	1		39	0	1.1609	0	[0.00,0.00]	1	1	0.1		1	1		80	2	2.38134	0.826374	[0.20,3.50]	0.570005	1	0.1		0.272043	1		109	2	3.24457	0.586916	[0.14,2.47]	0.355203	1	0.1		0.206604	1		79	4	2.35157	1.82788	[0.63,5.30]	0.209035	1	0.1		0.834941	1		262	9	7.79887	1.21076	[0.56,2.60]	0.444487	1	0.1		0.455204	1		71	5	2.11344	2.69886	[1.02,7.15]	0.0391711	1	0.1		0.984097	1		
19	28	66	2	1.48673	1.38341	[0.32,5.96]	0.474658	1	0.1		0.604134	1		69	1	1.5543	0.624728	[0.08,4.67]	0.532696	1	0.1		0.334254	1		209	9	4.70796	2.40395	[1.07,5.39]	0.027113	1	0.1		0.982939	1		111	5	2.5004	2.27441	[0.85,6.11]	0.0642736	1	0.1		0.967343	1		66	2	1.48673	1.38341	[0.32,5.96]	0.474658	1	0.1		0.604134	1		39	0	0.87852	0	[0.00,0.00]	1	1	0.1		1	1		80	6	1.80209	4.20516	[1.65,10.69]	0.00568903	1	0.1		0.998616	1		109	2	2.45535	0.796549	[0.19,3.40]	0.548812	1	0.1		0.269609	1		79	3	1.77957	1.79842	[0.53,6.09]	0.319991	1	0.1		0.747585	1		262	10	5.90185	2.12302	[0.97,4.66]	0.0418673	1	0.1		0.96897	1		71	3	1.59936	2.02412	[0.60,6.87]	0.141141	1	0.1		0.92924	1		
20	24	66	1	1.27434	0.771906	[0.10,5.81]	0.632524	1	0.1		0.365931	1		69	0	1.33226	0	[0.00,0.00]	1	1	0.1		1	1		209	7	4.0354	2.07309	[0.85,5.06]	0.0684429	1	0.1		0.952816	1		111	2	2.1432	0.925771	[0.21,3.99]	0.636174	1	0.1		0.283658	1		66	1	1.27434	0.771906	[0.10,5.81]	0.632524	1	0.1		0.365931	1		39	0	0.753017	0	[0.00,0.00]	1	1	0.1		1	1		80	2	1.54465	1.32984	[0.31,5.76]	0.466971	1	0.1		0.603453	1		109	2	2.10459	0.944775	[0.22,4.07]	0.647208	1	0.1		0.284416	1		79	3	1.52534	2.1485	[0.63,7.36]	0.131328	1	0.1		0.939279	1		262	5	5.05873	0.98505	[0.36,2.66]	0.60547	1	0.1		0.198853	1		71	2	1.37088	1.51515	[0.35,6.58]	0.490079	1	0.1		0.606227	1		
21	27	66	1	1.43363	0.681065	[0.09,5.10]	0.57478	1	0.1		0.349219	1		69	0	1.49879	0	[0.00,0.00]	1	1	0.1		1	1		209	6	4.53982	1.42576	[0.57,3.58]	0.282603	1	0.1		0.705238	1		111	3	2.4111	1.28241	[0.38,4.33]	0.511813	1	0.1		0.495528	1		66	1	1.43363	0.681065	[0.09,5.10]	0.57478	1	0.1		0.349219	1		39	1	0.847144	1.19231	[0.16,9.02]	0.374496	1	0.1		0.793447	1		80	0	1.73773	0	[0.00,0.00]	1	1	0.1		1	1		109	0	2.36766	0	[0.00,0.00]	1	1	0.1		1	1		79	1	1.71601	0.561144	[0.08,4.19]	0.478741	1	0.1		0.312184	1		262	4	5.69107	0.64577	[0.22,1.88]	0.296181	1	0.1		0.149901	1		71	1	1.54224	0.62967	[0.08,4.71]	0.53672	1	0.1		0.33591	1		
22	56	66	1	2.97345	0.313846	[0.04,2.30]	0.188297	1	0.1		0.144447	1		69	5	3.10861	1.72028	[0.66,4.46]	0.148112	1	0.1		0.877496	1		209	7	9.41593	0.696605	[0.31,1.56]	0.24802	1	0.1		0.106609	1		111	5	5.0008	0.999815	[0.39,2.56]	0.616347	1	0.1		0.18812	1		66	1	2.97345	0.313846	[0.04,2.30]	0.188297	1	0.1		0.144447	1		39	3	1.75704	1.80975	[0.54,6.07]	0.16087	1	0.1		0.905808	1		80	5	3.60418	1.45359	[0.56,3.75]	0.255684	1	0.1		0.743448	1		109	4	4.9107	0.792674	[0.28,2.23]	0.445251	1	0.1		0.186469	1		79	0	3.55913	0	[0.00,0.00]	1	1	0.1		1	1		262	8	11.8037	0.612205	[0.29,1.31]	0.132067	1	0.1		0.063145	1		71	3	3.19871	0.931465	[0.28,3.06]	0.600823	1	0.1		0.233671	1		
23	23	66	2	1.22124	1.72024	[0.39,7.50]	0.229109	1	0.1		0.881368	1		69	2	1.27675	1.63895	[0.38,7.14]	0.237392	1	0.1		0.868944	1		209	2	3.86726	0.466069	[0.11,2.00]	0.229059	1	0.1		0.149131	1		111	3	2.0539	1.54444	[0.45,5.28]	0.309903	1	0.1		0.743615	1		66	2	1.22124	1.72024	[0.39,7.50]	0.229109	1	0.1		0.881368	1		39	1	0.721641	1.41388	[0.19,10.76]	0.362117	1	0.1		0.839289	1		80	0	1.48029	0	[0.00,0.00]	1	1	0.1		1	1		109	0	2.01689	0	[0.00,0.00]	1	1	0.1		1	1		79	1	1.46179	0.665501	[0.09,5.00]	0.564269	1	0.1		0.346494	1		262	4	4.84795	0.784986	[0.26,2.33]	0.448045	1	0.1		0.195898	1		71	1	1.31376	0.746753	[0.10,5.62]	0.617863	1	0.1		0.362547	1		
24	24	66	1	1.27434	0.771906	[0.10,5.81]	0.632524	1	0.1		0.365931	1		69	2	1.33226	1.56309	[0.36,6.79]	0.244751	1	0.1		0.855907	1		209	2	4.0354	0.444444	[0.10,1.90]	0.203755	1	0.1		0.135085	1		111	1	2.1432	0.43834	[0.06,3.28]	0.352517	1	0.1		0.248901	1		66	1	1.27434	0.771906	[0.10,5.81]	0.632524	1	0.1		0.365931	1		39	0	0.753017	0	[0.00,0.00]	1	1	0.1		1	1		80	0	1.54465	0	[0.00,0.00]	1	1	0.1		1	1		109	0	2.10459	0	[0.00,0.00]	1	1	0.1		1	1		79	1	1.52534	0.636009	[0.08,4.77]	0.542116	1	0.1		0.338443	1		262	5	5.05873	0.98505	[0.36,2.66]	0.60547	1	0.1		0.198853	1		71	0	1.37088	0	[0.00,0.00]	1	1	0.1		1	1		
25	49	66	3	2.60177	1.17081	[0.35,3.87]	0.481692	1	0.1		0.487576	1		69	3	2.72003	1.11462	[0.34,3.68]	0.462987	1	0.1		0.48286	1		209	11	8.23894	1.45614	[0.73,2.90]	0.222173	1	0.1		0.753974	1		111	7	4.3757	1.74679	[0.77,3.99]	0.13207	1	0.1		0.880715	1		66	3	2.60177	1.17081	[0.35,3.87]	0.481692	1	0.1		0.487576	1		39	1	1.53741	0.633772	[0.09,4.71]	0.539134	1	0.1		0.335926	1		80	4	3.15366	1.3076	[0.46,3.73]	0.348056	1	0.1		0.635071	1		109	7	4.29686	1.78431	[0.78,4.07]	0.132122	1	0.1		0.881976	1		79	3	3.11424	0.959382	[0.29,3.16]	0.620669	1	0.1		0.235173	1		262	14	10.3282	1.52581	[0.81,2.88]	0.137845	1	0.1		0.847772	1		71	4	2.79887	1.49519	[0.52,4.28]	0.21545	1	0.1		0.804632	1		
26	37	66	6	1.9646	3.69677	[1.49,9.20]	0.00876291	1	0.1		0.997505	1		69	3	2.0539	1.52406	[0.46,5.09]	0.310508	1	0.1		0.738195	1		209	14	6.22124	3.15585	[1.60,6.24]	0.00208494	0.823435	0.1		0.998579	1		111	5	3.3041	1.62146	[0.62,4.25]	0.266265	1	0.1		0.754063	1		66	6	1.9646	3.69677	[1.49,9.20]	0.00876291	1	0.1		0.997505	1		39	0	1.1609	0	[0.00,0.00]	1	1	0.1		1	1		80	5	2.38134	2.35625	[0.89,6.22]	0.0563263	1	0.1		0.972608	1		109	12	3.24457	5.48784	[2.67,11.26]	2.71212e-05	0.0749795	0.1	*	0.999995	1		79	8	2.35157	4.40991	[1.94,10.00]	0.00128272	0.823435	0.1		0.99969	1		262	18	7.79887	3.73512	[1.93,7.23]	0.000105286	0.145537	0.1	*	0.999966	1		71	1	2.11344	0.450794	[0.06,3.34]	0.363629	1	0.1		0.253854	1		
27	35	66	2	1.85841	1.08333	[0.25,4.62]	0.425534	1	0.1		0.572706	1		69	1	1.94288	0.49308	[0.07,3.66]	0.410556	1	0.1		0.278901	1		209	5	5.88496	0.820261	[0.31,2.14]	0.449041	1	0.1		0.176071	1		111	2	3.1255	0.611065	[0.14,2.58]	0.38103	1	0.1		0.217259	1		66	2	1.85841	1.08333	[0.25,4.62]	0.425534	1	0.1		0.572706	1		39	2	1.09815	1.9181	[0.44,8.30]	0.207585	1	0.1		0.906407	1		80	1	2.25261	0.420328	[0.06,3.11]	0.327951	1	0.1		0.233714	1		109	1	3.06919	0.299564	[0.04,2.21]	0.17168	1	0.1		0.133257	1		79	3	2.22446	1.39638	[0.42,4.66]	0.30571	1	0.1		0.725015	1		262	10	7.37731	1.51746	[0.72,3.20]	0.194201	1	0.1		0.79327	1		71	2	1.9992	1.00044	[0.24,4.26]	0.677228	1	0.1		0.282712	1		
28	20	66	1	1.06195	0.937652	[0.12,7.11]	0.712421	1	0.1		0.379498	1		69	0	1.11022	0	[0.00,0.00]	1	1	0.1		1	1		209	3	3.36283	0.871216	[0.25,3.00]	0.559014	1	0.1		0.238681	1		111	1	1.786	0.532536	[0.07,4.02]	0.454218	1	0.1		0.302539	1		66	1	1.06195	0.937652	[0.12,7.11]	0.712421	1	0.1		0.379498	1		39	0	0.627514	0	[0.00,0.00]	1	1	0.1		1	1		80	0	1.28721	0	[0.00,0.00]	1	1	0.1		1	1		109	3	1.75382	1.8596	[0.54,6.45]	0.319557	1	0.1		0.752206	1		79	1	1.27112	0.772605	[0.10,5.85]	0.633349	1	0.1		0.367226	1		262	1	4.21561	0.193991	[0.03,1.46]	0.0543715	1	0.1		0.0459379	1		71	0	1.1424	0	[0.00,0.00]	1	1	0.1		1	1		
29	18	66	1	0.955752	1.04977	[0.14,8.01]	0.752851	1	0.1		0.380915	1		69	1	0.999195	1.00087	[0.13,7.63]	0.736325	1	0.1		0.381207	1		209	5	3.02655	1.92496	[0.68,5.46]	0.140623	1	0.1		0.898283	1		111	0	1.6074	0	[0.00,0.00]	1	1	0.1		1	1		66	1	0.955752	1.04977	[0.14,8.01]	0.752851	1	0.1		0.380915	1		39	0	0.564763	0	[0.00,0.00]	1	1	0.1		1	1		80	1	1.15849	0.853313	[0.11,6.50]	0.675593	1	0.1		0.3762	1		109	1	1.57844	0.608388	[0.08,4.62]	0.522062	1	0.1		0.332668	1		79	2	1.14401	1.86364	[0.42,8.25]	0.21773	1	0.1		0.898829	1		262	5	3.79405	1.44867	[0.51,4.10]	0.399127	1	0.1		0.606893	1		71	2	1.02816	2.0942	[0.47,9.29]	0.19609	1	0.1		0.921371	1		
30	34	66	3	1.80531	1.76037	[0.52,5.91]	0.319346	1	0.1		0.746089	1		69	0	1.88737	0	[0.00,0.00]	1	1	0.1		1	1		209	7	5.71681	1.29245	[0.56,3.01]	0.293266	1	0.1		0.651323	1		111	3	3.0362	0.986559	[0.30,3.28]	0.639081	1	0.1		0.237753	1		66	3	1.80531	1.76037	[0.52,5.91]	0.319346	1	0.1		0.746089	1		39	1	1.06677	0.933812	[0.12,7.01]	0.710684	1	0.1		0.3774	1		80	4	2.18825	1.98772	[0.68,5.79]	0.20929	1	0.1		0.837006	1		109	4	2.9815	1.4019	[0.48,4.06]	0.361366	1	0.1		0.6447	1		79	4	2.1609	2.016	[0.69,5.87]	0.209631	1	0.1		0.836693	1		262	11	7.16653	1.82539	[0.88,3.79]	0.0945118	1	0.1		0.912122	1		71	3	1.94208	1.62381	[0.48,5.45]	0.314	1	0.1		0.744061	1		
31	28	66	4	1.48673	3.09946	[1.04,9.21]	0.0429711	1	0.1		0.986254	1		69	1	1.5543	0.624728	[0.08,4.67]	0.532696	1	0.1		0.334254	1		209	5	4.70796	1.07737	[0.40,2.87]	0.474495	1	0.1		0.392651	1		111	8	2.5004	4.31845	[1.86,10.05]	0.00171573	0.823435	0.1		0.999575	1		66	4	1.48673	3.09946	[1.04,9.21]	0.0429711	1	0.1		0.986254	1		39	2	0.87852	2.44906	[0.56,10.71]	0.163842	1	0.1		0.945586	1		80	5	1.80209	3.30435	[1.22,8.94]	0.022578	1	0.1		0.992927	1		109	5	2.45535	2.32232	[0.86,6.24]	0.0610405	1	0.1		0.969852	1		79	1	1.77957	0.539886	[0.07,4.03]	0.458716	1	0.1		0.30298	1		262	7	5.90185	1.2549	[0.53,2.98]	0.41772	1	0.1		0.514416	1		71	4	1.59936	2.85572	[0.96,8.47]	0.0522516	1	0.1		0.981492	1		
32	23	66	2	1.22124	1.72024	[0.39,7.50]	0.229109	1	0.1		0.881368	1		69	2	1.27675	1.63895	[0.38,7.14]	0.237392	1	0.1		0.868944	1		209	6	3.86726	1.76818	[0.69,4.54]	0.179708	1	0.1		0.844087	1		111	6	2.0539	3.7479	[1.45,9.71]	0.00989475	1	0.1		0.997244	1		66	2	1.22124	1.72024	[0.39,7.50]	0.229109	1	0.1		0.881368	1		39	1	0.721641	1.41388	[0.19,10.76]	0.362117	1	0.1		0.839289	1		80	0	1.48029	0	[0.00,0.00]	1	1	0.1		1	1		109	0	2.01689	0	[0.00,0.00]	1	1	0.1		1	1		79	1	1.46179	0.665501	[0.09,5.00]	0.564269	1	0.1		0.346494	1		262	6	4.84795	1.32904	[0.52,3.41]	0.411656	1	0.1		0.554844	1		71	0	1.31376	0	[0.00,0.00]	1	1	0.1		1	1		
33	43	66	0	2.28319	0	[0.00,0.00]	1	1	0.1		1	1		69	1	2.38697	0.396359	[0.05,2.92]	0.29738	1	0.1		0.215254	1		209	6	7.23009	0.796432	[0.33,1.91]	0.39658	1	0.1		0.153317	1		111	2	3.8399	0.488252	[0.12,2.05]	0.243945	1	0.1		0.154381	1		66	0	2.28319	0	[0.00,0.00]	1	1	0.1		1	1		39	0	1.34916	0	[0.00,0.00]	1	1	0.1		1	1		80	5	2.7675	1.97368	[0.75,5.16]	0.138929	1	0.1		0.892843	1		109	2	3.77072	0.49829	[0.12,2.09]	0.25543	1	0.1		0.160224	1		79	1	2.7329	0.342491	[0.05,2.52]	0.227425	1	0.1		0.170959	1		262	9	9.06356	0.990816	[0.47,2.09]	0.578991	1	0.1		0.150665	1		71	0	2.45615	0	[0.00,0.00]	1	1	0.1		1	1		
34	18	66	1	0.955752	1.04977	[0.14,8.01]	0.752851	1	0.1		0.380915	1		69	2	0.999195	2.16045	[0.49,9.59]	0.190274	1	0.1		0.9266	1		209	3	3.02655	0.98932	[0.28,3.45]	0.641595	1	0.1		0.246944	1		111	4	1.6074	2.98531	[0.97,9.23]	0.0519176	1	0.1		0.982727	1		66	1	0.955752	1.04977	[0.14,8.01]	0.752851	1	0.1		0.380915	1		39	1	0.564763	1.83746	[0.24,14.17]	0.331844	1	0.1		0.892955	1		80	2	1.15849	1.83814	[0.42,8.14]	0.220243	1	0.1		0.895836	1		109	0	1.57844	0	[0.00,0.00]	1	1	0.1		1	1		79	2	1.14401	1.86364	[0.42,8.25]	0.21773	1	0.1		0.898829	1		262	5	3.79405	1.44867	[0.51,4.10]	0.399127	1	0.1		0.606893	1		71	1	1.02816	0.970588	[0.13,7.40]	0.725282	1	0.1		0.380974	1		
35	33	66	1	1.75221	0.550481	[0.07,4.09]	0.468023	1	0.1		0.306757	1		69	0	1.83186	0	[0.00,0.00]	1	1	0.1		1	1		209	2	5.54867	0.312607	[0.07,1.32]	0.0647235	1	0.1		0.0481156	1		111	1	2.9469	0.3125	[0.04,2.31]	0.189429	1	0.1		0.145681	1		66	1	1.75221	0.550481	[0.07,4.09]	0.468023	1	0.1		0.306757	1		39	1	1.0354	0.963816	[0.13,7.24]	0.72256	1	0.1		0.378176	1		80	3	2.12389	1.47143	[0.44,4.93]	0.308417	1	0.1		0.734236	1		109	0	2.89381	0	[0.00,0.00]	1	1	0.1		1	1		79	1	2.09735	0.453526	[0.06,3.36]	0.367332	1	0.1		0.256121	1		262	3	6.95575	0.367181	[0.11,1.21]	0.0589183	1	0.1		0.040821	1		71	1	1.88496	0.508929	[0.07,3.78]	0.427299	1	0.1		0.287442	1		
36	48	66	0	2.54867	0	[0.00,0.00]	1	1	0.1		1	1		69	3	2.66452	1.1404	[0.35,3.77]	0.471719	1	0.1		0.485424	1		209	8	8.0708	0.989055	[0.46,2.14]	0.582414	1	0.1		0.155811	1		111	3	4.2864	0.670988	[0.21,2.20]	0.364254	1	0.1		0.184036	1		66	0	2.54867	0	[0.00,0.00]	1	1	0.1		1	1		39	2	1.50603	1.36075	[0.32,5.82]	0.472163	1	0.1		0.601977	1		80	1	3.0893	0.300566	[0.04,2.21]	0.170936	1	0.1		0.132444	1		109	5	4.20917	1.21981	[0.47,3.15]	0.365286	1	0.1		0.570526	1		79	2	3.05068	0.631282	[0.15,2.65]	0.399894	1	0.1		0.223455	1		262	9	10.1175	0.859228	[0.41,1.80]	0.424165	1	0.1		0.136845	1		71	2	2.74175	0.709515	[0.17,2.98]	0.47479	1	0.1		0.248522	1		
37	33	66	2	1.75221	1.15524	[0.27,4.93]	0.439649	1	0.1		0.58514	1		69	3	1.83186	1.73333	[0.52,5.83]	0.318137	1	0.1		0.746318	1		209	11	5.54867	2.55556	[1.22,5.35]	0.0117103	1	0.1		0.992982	1		111	6	2.9469	2.33862	[0.94,5.79]	0.087734	1	0.1		0.933613	1		66	2	1.75221	1.15524	[0.27,4.93]	0.439649	1	0.1		0.58514	1		39	6	1.0354	7.92593	[3.07,20.49]	0.000341348	0.314565	0.1		0.99996	1		80	1	2.12389	0.447389	[0.06,3.32]	0.360291	1	0.1		0.252233	1		109	3	2.89381	1.04151	[0.31,3.47]	0.672912	1	0.1		0.237686	1		79	2	2.09735	0.949309	[0.22,4.04]	0.64945	1	0.1		0.282117	1		262	8	6.95575	1.20441	[0.54,2.70]	0.420372	1	0.1		0.481797	1		71	2	1.88496	1.06685	[0.25,4.55]	0.422009	1	0.1		0.569594	1		
38	42	66	6	2.23009	3.16944	[1.29,7.81]	0.0153135	1	0.1		0.994715	1		69	4	2.33146	1.83968	[0.64,5.31]	0.209279	1	0.1		0.834609	1		209	13	7.06195	2.29856	[1.17,4.50]	0.0134836	1	0.1		0.990264	1		111	4	3.7506	1.07624	[0.38,3.07]	0.465835	1	0.1		0.422463	1		66	6	2.23009	3.16944	[1.29,7.81]	0.0153135	1	0.1		0.994715	1		39	3	1.31778	2.48932	[0.73,8.43]	0.102256	1	0.1		0.960735	1		80	3	2.70314	1.12288	[0.34,3.72]	0.465538	1	0.1		0.484414	1		109	6	3.68302	1.7767	[0.73,4.32]	0.190208	1	0.1		0.829719	1		79	4	2.66935	1.58035	[0.55,4.55]	0.213014	1	0.1		0.817045	1		262	12	8.85278	1.5216	[0.77,3.01]	0.1631	1	0.1		0.822646	1		71	6	2.39903	2.91282	[1.18,7.16]	0.0206603	1	0.1		0.992053	1		
