Human.Entrez.ID,Human.Gene.Name,Human.Uniprot.ID,Volgyi_2017,Neuner_2017,Sweet_2016,Shi_2014,Chang_2015,Chang_2013,Zolochevska_2018,Krivinko_2018
6709,SPTAN1,Q13813,0,1,0,0,1,0,1,0
6711,SPTBN1,Q01082,0,1,0,0,1,0,0,0
4741,NEFM,P07197,0,0,0,0,1,0,1,0
287,ANK2,Q01484,0,1,1,0,1,0,0,1
1778,DYNC1H1,Q14204,0,0,0,0,1,0,0,0
7280,TUBB2A,Q13885,0,0,0,0,1,0,1,0
1759,DNM1,Q05193,0,0,1,0,1,0,1,1
23136,EPB41L3,Q9Y2J2,0,0,0,0,1,0,0,0
5339,PLEC,Q15149,0,0,0,0,1,0,0,0
6853,SYN1,P17600,0,1,1,1,1,0,1,1
4133,MAP2,P11137,0,0,1,0,1,0,0,1
10376,TUBA1B,P68363,0,0,0,1,1,0,1,0
1213,CLTC,Q00610,0,0,1,0,1,0,0,1
4131,MAP1B,P46821,0,0,0,0,1,0,0,0
4905,NSF,P46459,0,0,1,0,1,0,0,1
6812,STXBP1,P61764,0,0,1,0,1,0,1,1
3320,HSP90AA1,P07900,0,0,1,0,1,0,0,1
4155,MBP,P02686,0,0,0,1,1,0,0,0
10409,BASP1,P80723,0,0,0,0,1,0,0,0
1808,DPYSL2,Q16555,0,0,1,0,1,1,0,1
1267,CNP,P09543,0,0,1,1,1,0,1,1
71,ACTG1,P63261,0,0,0,0,1,0,1,0
4135,MAP6,Q96JE9,0,0,0,1,1,0,0,0
4130,MAP1A,P78559,0,0,1,0,1,0,0,1
3312,HSPA8,P11142,0,1,0,0,1,1,0,0
2597,GAPDH,P04406,0,0,1,0,1,0,1,1
9590,AKAP12,Q02952,0,0,0,0,1,0,0,0
4747,NEFL,P07196,0,0,0,0,1,0,0,0
9118,INA,Q16352,0,0,0,0,1,0,0,0
478,ATP1A3,P13637,1,0,1,1,1,0,0,1
1272,CNTN1,Q12860,0,0,1,0,1,0,0,1
259217,HSPA12A,O43301,0,0,0,0,1,0,0,0
3800,KIF5C,O60282,0,0,0,0,1,0,0,0
30845,EHD3,Q9NZN3,0,0,0,0,1,1,0,0
50,ACO2,Q99798,0,1,0,1,1,0,0,0
3098,HK1,P19367,0,0,1,1,1,0,0,1
523,ATP6V1A,P38606,0,0,1,0,1,1,0,1
498,ATP5A1,P25705,0,0,1,0,1,0,0,1
4137,MAPT,P10636,0,0,1,0,1,0,0,1
2023,ENO1,P06733,0,0,0,1,1,1,0,0
226,ALDOA,P04075,0,0,0,0,1,0,0,0
3309,HSPA5,P11021,0,0,1,0,1,0,0,1
2821,GPI,P06744,0,0,0,1,1,0,0,0
4719,NDUFS1,P28331,0,0,0,1,1,0,0,0
5214,PFKP,Q01813,0,0,0,0,1,0,0,0
7317,UBA1,P22314,0,0,1,0,1,0,0,1
2746,GLUD1,P00367,0,1,1,1,1,1,0,1
5834,PYGB,P11216,0,0,0,0,1,0,0,0
1639,DCTN1,Q14203,0,0,0,0,1,0,0,0
23114,NFASC,O94856,0,0,0,0,1,0,0,0
2664,GDI1,P31150,0,0,0,1,1,1,0,0
4744,NEFH,P12036,0,0,0,0,1,0,0,0
5315,PKM,P14618,0,0,0,0,1,1,0,0
2036,EPB41L1,Q9H4G0,0,0,0,0,1,0,0,0
4644,MYO5A,Q9Y4I1,0,0,0,0,1,0,0,0
3326,HSP90AB1,P08238,0,0,0,0,1,0,0,0
55752,SEPT11,Q9NVA2,0,0,1,0,1,1,0,1
1152,CKB,P12277,0,0,1,0,1,1,1,1
2194,FASN,P49327,0,0,0,0,1,0,0,0
815,CAMK2A,Q9UQM7,0,0,1,0,1,0,1,1
118,ADD1,P35611,0,0,1,0,1,0,0,1
230,ALDOC,P09972,0,0,0,1,1,1,0,0
506,ATP5B,P06576,0,0,0,1,1,0,0,0
2805,GOT1,P17174,0,0,0,0,1,1,0,0
163,AP2B1,P63010,0,1,1,0,1,0,0,1
2596,GAP43,P17677,0,1,0,0,1,0,0,0
160,AP2A1,O95782,0,0,1,0,1,0,0,1
3030,HADHA,P40939,0,0,0,0,1,0,0,0
10989,IMMT,Q16891,0,1,0,0,1,0,0,0
5230,PGK1,P00558,0,0,0,0,1,0,0,0
3313,HSPA9,P38646,0,0,0,1,1,0,0,0
7431,VIM,P08670,0,0,1,0,1,0,0,1
3418,IDH2,P48735,0,0,0,0,1,0,0,0
8867,SYNJ1,O43426,0,0,1,0,1,0,0,1
55748,CNDP2,Q96KP4,0,0,0,0,1,0,0,0
8927,BSN,Q9UPA5,0,0,1,0,1,0,0,1
2923,PDIA3,P30101,0,0,0,0,1,0,0,0
26052,DNM3,Q9UQ16,0,0,0,0,1,0,0,0
989,SEPT7,Q16181,0,0,0,1,1,0,1,0
1410,CRYAB,P02511,0,0,0,0,1,0,0,0
5091,PC,P11498,0,0,1,0,1,0,1,1
4191,MDH2,P40926,0,1,1,1,1,0,1,1
2037,EPB41L2,O43491,0,0,0,0,1,0,0,0
8604,SLC25A12,O75746,0,0,0,0,1,0,0,0
309,ANXA6,P08133,0,0,0,0,1,0,0,0
10801,SEPT9,Q9UHD8,0,0,1,0,1,0,0,1
526,ATP6V1B2,P21281,0,1,1,1,1,0,0,1
1496,CTNNA2,P26232,0,0,0,0,1,0,0,0
9920,KBTBD11,O94819,0,0,0,0,1,0,0,0
23530,NNT,Q13423,0,0,0,0,1,0,0,0
7167,TPI1,P60174,0,0,1,0,1,0,0,1
3295,HSD17B4,P51659,0,0,0,0,1,0,0,0
5058,PAK1,Q13153,0,0,1,0,1,0,0,1
83660,TLN2,Q9Y4G6,0,0,0,0,1,0,0,0
7345,UCHL1,P09936,0,0,1,1,1,1,1,1
10808,HSPH1,Q92598,0,0,0,0,1,0,0,0
23321,TRIM2,Q9C040,0,0,0,0,1,0,0,0
873,CBR1,P16152,0,0,0,0,1,0,0,0
7184,HSP90B1,P14625,0,0,0,0,1,0,0,0
7415,VCP,P55072,0,0,0,0,1,0,0,0
1804,DPP6,P42658,0,0,0,0,1,0,0,0
10382,TUBB4A,P04350,0,0,0,0,1,0,1,0
4522,MTHFD1,P11586,0,0,0,0,1,0,0,0
120,ADD3,Q9UEY8,0,0,0,0,1,0,0,0
57142,RTN4,Q9NQC3,0,1,1,0,1,0,0,1
22895,RPH3A,Q9Y2J0,0,0,0,0,1,0,0,0
55074,OXR1,Q8N573,0,0,0,0,1,0,0,0
8506,CNTNAP1,P78357,0,0,0,0,1,0,0,0
80725,SRCIN1,Q9C0H9,0,1,1,0,1,0,0,1
47,ACLY,P53396,0,0,0,0,1,0,0,0
16,AARS,P49588,0,0,0,0,1,0,0,0
10059,DNM1L,O00429,0,1,0,0,1,0,0,0
7284,TUFM,P49411,0,1,0,0,1,0,0,0
1915,EEF1A1,P68104,0,0,1,0,1,0,0,1
29993,PACSIN1,Q9BY11,0,0,0,0,1,0,0,0
10540,DCTN2,Q13561,0,0,0,0,1,0,0,0
2744,GLS,O94925,0,0,0,1,1,0,0,0
471,ATIC,P31939,0,0,0,0,1,0,0,0
23193,GANAB,Q14697,0,0,0,0,1,0,0,0
5223,PGAM1,P18669,0,0,0,0,1,1,0,0
491,ATP2B2,Q01814,0,0,0,0,1,0,0,0
3945,LDHB,P07195,0,0,0,0,1,0,0,0
79026,AHNAK,Q09666,0,0,0,0,1,0,0,0
5604,MAP2K1,Q02750,1,0,0,0,1,0,0,0
1400,CRMP1,Q14194,0,0,0,0,1,1,0,0
288,ANK3,Q12955,0,0,0,0,1,0,0,0
8078,USP5,P45974,0,0,1,0,1,0,0,1
9829,DNAJC6,O75061,0,0,0,0,1,0,0,0
5052,PRDX1,Q06830,0,0,1,0,1,1,0,1
8618,CADPS,Q9ULU8,0,0,1,0,1,0,0,1
6616,SNAP25,P60880,1,1,1,0,1,0,0,1
57524,CASKIN1,Q8WXD9,0,0,0,0,1,0,0,0
119,ADD2,P35612,0,0,1,0,1,0,0,1
3032,HADHB,P55084,0,0,0,0,1,0,0,0
4967,OGDH,Q02218,0,0,1,0,1,0,0,1
273,AMPH,P49418,0,0,0,0,1,0,0,0
6712,SPTBN2,O15020,0,0,0,0,1,0,0,0
6857,SYT1,P21579,0,0,1,0,1,1,0,1
23362,PSD3,Q9NYI0,0,0,0,0,1,0,0,0
1173,AP2M1,Q96CW1,0,0,1,1,1,0,0,1
10694,CCT8,P50990,0,0,0,0,1,0,0,0
535,ATP6V0A1,Q93050,0,0,1,0,1,0,0,1
10211,FLOT1,O75955,0,0,1,0,1,0,0,1
5530,PPP3CA,Q08209,0,0,1,0,1,0,0,1
23312,DMXL2,Q8TDJ6,0,0,0,0,1,0,0,0
7534,YWHAZ,P63104,0,0,1,0,1,0,0,1
5213,PFKM,P08237,0,0,0,0,1,0,0,0
5478,PPIA,P62937,0,0,1,0,1,0,0,1
55690,PACS1,Q6VY07,0,0,0,0,1,0,0,0
292,SLC25A5,P05141,0,0,1,0,1,0,0,1
2806,GOT2,P00505,0,1,0,1,1,0,0,0
3329,HSPD1,P10809,0,0,1,1,1,0,0,1
9201,DCLK1,O15075,0,0,0,0,1,0,0,0
7086,TKT,P29401,0,0,0,0,1,0,0,0
7416,VDAC1,P21796,0,0,1,0,1,0,0,1
8224,SYN3,O14994,0,0,0,0,1,0,0,0
10576,CCT2,P78371,0,0,0,0,1,0,0,0
38,ACAT1,P24752,0,0,0,1,1,0,0,0
9520,NPEPPS,P55786,0,0,0,0,1,0,0,0
4684,NCAM1,P13591,0,0,1,0,1,0,0,1
4735,SEPT2,Q15019,0,0,1,0,1,0,0,1
476,ATP1A1,P05023,1,0,1,1,1,0,0,1
217,ALDH2,P05091,0,0,0,0,1,0,0,0
8396,PIP4K2B,P78356,0,0,0,0,1,0,0,0
10570,DPYSL4,O14531,0,0,0,0,1,0,0,0
93185,IGSF8,Q969P0,0,1,0,0,1,0,0,0
2934,GSN,P06396,0,0,0,0,1,0,0,0
4329,ALDH6A1,Q02252,0,0,0,0,1,0,0,0
5034,P4HB,P07237,0,0,0,0,1,0,0,0
9588,PRDX6,P30041,0,0,0,0,1,0,0,0
5518,PPP2R1A,P30153,0,0,0,0,1,0,0,0
56896,DPYSL5,Q9BPU6,0,0,0,0,1,0,0,0
26227,PHGDH,O43175,0,0,0,0,1,1,0,0
10313,RTN3,O95197,0,0,0,0,1,0,0,0
10982,MAPRE2,Q15555,0,0,0,0,1,0,0,0
3897,L1CAM,P32004,0,0,0,0,1,0,0,0
7203,CCT3,P49368,0,0,0,0,1,0,0,0
9892,SNAP91,O60641,0,0,0,0,1,0,0,0
10486,CAP2,P40123,0,0,0,0,1,0,0,0
7461,CLIP2,Q9UDT6,0,0,0,0,1,0,0,0
1938,EEF2,P13639,0,1,0,0,1,0,0,0
4129,MAOB,P27338,0,0,0,0,1,0,0,0
9948,WDR1,O75083,0,0,0,0,1,0,0,0
4704,NDUFA9,Q16795,0,0,0,1,1,0,0,0
4627,MYH9,P35579,0,0,0,0,1,0,0,0
4082,MARCKS,P29966,0,0,0,0,1,0,0,0
7384,UQCRC1,P31930,0,0,0,1,1,0,0,0
55832,CAND1,Q86VP6,0,0,0,0,1,0,0,0
3939,LDHA,P00338,0,0,1,0,1,0,0,1
5236,PGM1,P36871,0,0,0,0,1,0,0,0
8774,NAPG,Q99747,0,0,0,0,1,0,0,0
5577,PRKAR2B,P31323,0,0,0,0,1,0,0,0
4478,MSN,P26038,0,0,0,0,1,0,0,0
10963,STIP1,P31948,0,0,1,0,1,0,0,1
5037,PEBP1,P30086,0,0,0,1,1,0,0,0
7531,YWHAE,P62258,0,0,1,1,1,0,0,1
10458,BAIAP2,Q9UQB8,0,0,0,0,1,0,0,0
1431,CS,O75390,0,0,1,1,1,0,0,1
4897,NRCAM,Q92823,0,1,0,0,1,0,0,0
5160,PDHA1,P08559,0,0,0,1,1,0,0,0
29968,PSAT1,Q9Y617,0,0,0,0,1,0,0,0
3308,HSPA4,P34932,0,0,1,0,1,0,0,1
6456,SH3GL2,Q99962,0,0,0,1,1,0,0,0
3306,HSPA2,P54652,0,0,1,0,1,0,0,1
11331,PHB2,Q99623,0,0,1,1,1,0,0,1
22902,RUFY3,Q7L099,0,0,0,0,1,0,0,0
8120,AP3B2,Q13367,0,0,0,0,1,0,0,0
26047,CNTNAP2,Q9UHC6,0,0,0,0,1,0,0,0
481,ATP1B1,P05026,0,1,1,0,1,0,0,1
1191,CLU,P10909,0,0,0,0,1,0,0,0
57470,LRRC47,Q8N1G4,0,0,0,0,1,0,0,0
2039,DMTN,Q08495,0,0,0,0,1,0,0,0
2617,GARS,P41250,1,0,0,0,1,0,0,0
2026,ENO2,P09104,0,0,1,0,1,1,0,1
5594,MAPK1,P28482,0,1,0,0,1,0,0,0
7385,UQCRC2,P22695,0,0,0,1,1,0,0,0
2782,GNB1,P62873,0,0,1,0,1,0,0,1
1738,DLD,P09622,0,0,0,0,1,0,0,0
5910,RAP1GDS1,P52306,0,0,0,0,1,0,0,0
23576,DDAH1,O94760,0,0,0,0,1,0,0,0
11076,TPPP,O94811,0,0,0,0,1,1,0,0
501,ALDH7A1,P49419,0,0,0,0,1,0,0,0
22824,HSPA4L,O95757,0,0,0,0,1,0,0,0
6854,SYN2,Q92777,0,1,1,0,1,0,0,1
11332,ACOT7,O00154,0,0,0,0,1,0,0,0
4976,OPA1,O60313,0,0,0,0,1,0,0,0
140885,SIRPA,P78324,0,0,0,0,1,0,0,0
1783,DYNC1LI2,O43237,0,0,0,0,1,0,0,0
81,ACTN4,O43707,0,0,0,0,1,0,0,0
23305,ACSL6,Q9UKU0,0,0,0,0,1,0,0,0
22924,MAPRE3,Q9UPY8,0,0,0,0,1,0,0,0
5976,UPF1,Q92900,0,0,0,0,1,0,0,0
10381,TUBB3,Q13509,0,0,0,0,1,0,0,0
7532,YWHAG,P61981,0,0,0,0,1,0,0,0
7001,PRDX2,P32119,0,0,0,0,1,0,0,0
22848,AAK1,Q2M2I8,1,0,0,0,1,0,0,0
5860,QDPR,P09417,0,0,0,0,1,0,0,0
2752,GLUL,P15104,0,0,1,1,1,1,0,1
4720,NDUFS2,O75306,0,0,0,0,1,0,0,0
8659,ALDH4A1,P30038,0,0,0,0,1,0,0,0
2775,GNAO1,P09471,0,0,0,1,1,1,0,0
55605,KIF21A,Q7Z4S6,0,0,0,0,1,0,0,0
8402,SLC25A11,Q02978,0,0,1,0,1,0,0,1
161,AP2A2,O94973,0,1,1,0,1,0,0,1
23176,SEPT8,Q92599,0,0,0,0,1,1,0,0
213,ALB,P02768,0,0,0,0,1,0,0,0
4723,NDUFV1,P49821,0,0,1,1,1,0,1,1
84251,SGIP1,Q9BQI5,0,0,0,0,1,0,0,0
8803,SUCLA2,Q9P2R7,0,1,1,0,1,0,0,1
2271,FH,P07954,0,0,0,1,1,0,0,0
3983,ABLIM1,O14639,0,0,0,0,1,0,0,0
6252,RTN1,Q16799,0,1,0,1,1,0,0,0
10840,ALDH1L1,O75891,0,0,0,0,1,0,0,0
94081,SFXN1,Q9H9B4,0,0,0,0,1,0,0,0
3043,HBB,P68871,0,0,0,0,1,0,1,0
10525,HYOU1,Q9Y4L1,0,0,0,0,1,0,0,0
56850,GRIPAP1,Q4V328,0,0,0,0,1,0,0,0
4190,MDH1,P40925,0,0,1,0,1,1,0,1
4134,MAP4,P27816,0,0,0,0,1,0,0,0
80017,C14orf159,Q7Z3D6,0,0,0,0,1,0,0,0
55737,VPS35,Q96QK1,0,1,1,0,1,0,0,1
9475,ROCK2,O75116,0,0,0,0,1,0,0,0
2534,FYN,P06241,0,0,0,0,1,0,0,0
1809,DPYSL3,Q14195,0,0,0,0,1,0,0,0
5413,SEPT5,Q99719,0,0,1,1,1,0,0,0
816,CAMK2B,Q13554,0,0,1,0,1,0,0,1
11151,CORO1A,P31146,0,0,0,0,1,0,0,0
3419,IDH3A,P50213,0,0,1,0,1,0,0,1
6624,FSCN1,Q16658,0,0,0,0,1,0,0,0
8991,SELENBP1,Q13228,0,0,0,0,1,0,0,0
7447,VSNL1,P62760,0,0,1,0,1,0,0,1
539,ATP5O,P48047,0,0,1,1,1,0,0,1
760,CA2,P00918,0,0,0,0,1,0,0,0
1742,DLG4,P78352,0,0,1,0,1,0,0,1
5520,PPP2R2A,P63151,0,0,0,0,1,0,0,0
9414,TJP2,Q9UDY2,0,0,0,0,1,0,0,0
2288,FKBP4,Q02790,0,0,0,0,1,0,0,0
274,BIN1,O00499,0,0,0,0,1,0,0,0
1499,CTNNB1,P35222,0,0,1,0,1,0,0,1
5578,PRKCA,P17252,0,0,1,0,1,0,0,1
1327,COX4I1,P13073,0,0,0,0,1,0,0,0
2820,GPD2,P43304,0,0,0,0,1,0,0,0
8874,ARHGEF7,Q14155,0,0,0,0,1,0,0,0
10327,AKR1A1,P14550,0,0,0,0,1,0,0,0
5162,PDHB,P11177,0,0,1,1,1,0,0,1
5048,PAFAH1B1,P43034,0,0,0,0,1,0,0,0
7425,VGF,O15240,0,0,0,0,1,0,0,0
6622,SNCA,P37840,0,0,0,0,1,0,0,0
10121,ACTR1A,P61163,0,0,0,0,1,0,0,0
1737,DLAT,P10515,0,1,0,1,1,0,0,0
64837,KLC2,Q9H0B6,0,0,0,0,1,0,0,0
3336,HSPE1,P61604,0,0,0,1,1,0,0,0
57471,ERMN,Q8TAM6,0,0,0,0,1,0,0,0
6520,SLC3A2,P08195,0,0,0,0,1,0,0,0
9961,MVP,Q14764,0,0,0,0,1,0,0,0
5064,PALM,O75781,0,0,0,0,1,0,0,0
8541,PPFIA3,O75145,0,0,0,0,1,0,0,0
10574,CCT7,Q99832,0,0,0,0,1,0,0,0
10131,TRAP1,Q12931,0,0,0,0,1,0,0,0
23236,PLCB1,Q9NQ66,0,0,0,0,1,0,0,0
57447,NDRG2,Q9UN36,0,0,0,0,1,0,0,0
23396,PIP5K1C,O60331,0,0,0,0,1,0,0,0
1501,CTNND2,Q9UQB3,0,0,0,0,1,0,0,0
23154,NCDN,Q9UBB6,0,1,1,0,1,0,0,1
3996,LLGL1,Q15334,0,0,0,0,1,0,0,0
29114,TAGLN3,Q9UI15,0,0,0,0,1,0,0,0
22933,SIRT2,Q8IXJ6,0,0,0,0,1,1,0,0
1509,CTSD,P07339,0,0,0,0,1,0,0,0
18,ABAT,P80404,0,0,0,1,1,0,0,0
5550,PREP,P48147,0,0,0,0,1,0,0,0
7529,YWHAB,P31946,0,0,0,0,1,0,0,0
26986,PABPC1,P11940,0,0,0,0,1,0,0,0
7316,UBC,P0CG48,0,0,0,0,1,0,0,0
112755,STX1B,P61266,1,0,1,1,1,0,0,1
5479,PPIB,P23284,0,0,0,0,1,0,0,0
5702,PSMC3,P17980,1,0,0,0,1,0,0,0
6000,RGS7,P49802,0,0,0,0,1,0,0,0
1363,CPE,P16870,0,0,0,0,1,0,0,0
10056,FARSB,Q9NSD9,0,0,0,0,1,0,0,0
56904,SH3GLB2,Q9NR46,0,0,0,0,1,0,0,0
477,ATP1A2,P50993,1,0,1,0,1,0,0,1
6950,TCP1,P17987,0,1,0,0,1,0,0,0
23335,WDR7,Q9Y4E6,0,0,0,0,1,0,0,0
63908,NAPB,Q9H115,0,0,0,0,1,0,0,0
8404,SPARCL1,Q14515,0,0,0,0,1,0,0,0
5250,SLC25A3,Q00325,0,0,1,1,1,0,0,1
11311,VPS45,Q9NRW7,0,0,0,0,1,0,0,0
2170,FABP3,P05413,0,0,0,0,1,0,0,0
5862,RAB2A,P61019,0,0,1,0,1,0,0,1
6453,ITSN1,Q15811,0,0,0,0,1,0,0,0
55229,PANK4,Q9NVE7,0,0,0,0,1,0,0,0
5837,PYGM,P11217,0,0,0,0,1,0,0,0
29,ABR,Q12979,0,0,0,0,1,0,0,0
5110,PCMT1,P22061,0,0,0,0,1,0,0,0
84457,PHYHIPL,Q96FC7,0,0,0,0,1,0,0,0
11315,PARK7,Q99497,0,0,0,0,1,0,0,0
134957,STXBP5,Q5T5C0,0,0,0,0,1,0,0,0
6647,SOD1,P00441,0,0,0,1,1,0,0,0
1974,EIF4A2,Q14240,0,0,0,0,1,0,0,0
57118,CAMK1D,Q8IU85,0,0,0,0,1,0,0,0
55964,SEPT3,Q9UH03,0,0,1,0,1,0,0,1
3315,HSPB1,P04792,0,0,0,0,1,1,0,0
84448,ABLIM2,Q6H8Q1,0,0,0,0,1,0,0,0
30,ACAA1,P09110,0,0,0,0,1,0,0,0
1020,CDK5,Q00535,0,0,1,0,1,0,0,1
29789,OLA1,Q9NTK5,0,0,0,0,1,0,0,0
51286,CEND1,Q8N111,0,0,0,0,1,0,0,0
347,APOD,P05090,0,0,0,0,1,0,0,0
9217,VAPB,O95292,0,0,0,0,1,0,0,0
8566,PDXK,O00764,0,0,0,0,1,0,0,0
832,CAPZB,P47756,0,0,0,0,1,0,0,0
57136,APMAP,Q9HDC9,0,0,0,0,1,0,0,0
622,BDH1,Q02338,0,1,0,0,1,0,0,0
399687,MYO18A,Q92614,0,0,0,0,1,0,0,0
488,ATP2A2,P16615,0,0,1,0,1,0,0,1
79784,MYH14,Q7Z406,0,0,0,0,1,0,0,0
6416,MAP2K4,P45985,0,0,0,0,1,0,0,0
84293,FAM213A,Q9BRX8,0,0,0,0,1,0,0,0
7533,YWHAH,Q04917,0,0,1,0,1,0,0,1
60484,HAPLN2,Q9GZV7,0,0,0,0,1,0,0,0
392,ARHGAP1,Q07960,0,0,0,0,1,0,0,0
57698,SHTN1,A0MZ66,0,0,0,0,1,0,0,0
821,CANX,P27824,0,0,0,0,1,0,0,0
7360,UGP2,Q16851,0,0,0,0,1,0,0,0
9805,SCRN1,Q12765,0,0,0,0,1,0,0,0
7917,BAG6,P46379,0,0,0,0,1,0,0,0
3420,IDH3B,O43837,0,0,0,1,1,0,0,0
10580,SORBS1,Q9BX66,0,0,0,0,1,0,0,0
10935,PRDX3,P30048,0,0,0,0,1,1,0,0
11080,DNAJB4,Q9UDY4,0,0,0,0,1,0,0,0
5216,PFN1,P07737,0,0,0,0,1,0,0,0
57699,CPNE5,Q9HCH3,0,0,0,0,1,0,0,0
80212,CCDC92,Q53HC0,0,0,0,0,1,0,0,0
10575,CCT4,P50991,0,0,0,0,1,0,0,0
58513,EPS15L1,Q9UBC2,0,0,0,0,1,0,0,0
7419,VDAC3,Q9Y277,0,0,1,0,1,0,0,1
1654,DDX3X,O00571,0,0,0,0,1,0,0,0
5706,PSMC6,P62333,0,0,0,0,1,0,0,0
11140,CDC37,Q16543,0,0,0,0,1,0,0,0
10487,CAP1,Q01518,0,1,0,0,1,0,0,0
55699,IARS2,Q9NSE4,0,0,0,0,1,0,0,0
23344,ESYT1,Q9BSJ8,0,0,0,0,1,0,0,0
51056,LAP3,P28838,0,0,0,0,1,0,0,0
6642,SNX1,Q13596,0,0,0,0,1,0,0,0
8522,GAS7,O60861,0,0,0,0,1,0,0,0
811,CALR,P27797,0,0,0,0,1,0,1,0
22884,WDR37,Q9Y2I8,0,0,0,0,1,0,0,0
10128,LRPPRC,P42704,0,0,0,0,1,0,0,0
29978,UBQLN2,Q9UHD9,0,0,0,0,1,0,0,0
25824,PRDX5,P30044,0,0,1,1,1,0,1,1
55968,NSFL1C,Q9UNZ2,0,0,0,0,1,0,0,0
4354,MPP1,Q00013,0,0,0,0,1,0,0,0
1917,EEF1A2,Q05639,0,0,0,0,1,0,0,0
343990,KIAA1211L,Q6NV74,0,0,0,0,1,0,0,0
9318,COPS2,P61201,1,0,0,0,1,0,0,0
10397,NDRG1,Q92597,0,0,0,0,1,0,0,0
7417,VDAC2,P45880,0,0,1,1,1,0,0,1
1465,CSRP1,P21291,0,0,0,0,1,0,0,0
9131,AIFM1,O95831,0,0,0,0,1,0,0,0
6648,SOD2,P04179,0,0,0,1,1,0,0,0
55201,MAP1S,Q66K74,0,0,0,0,1,0,0,0
4128,MAOA,P21397,0,0,0,0,1,0,0,0
9764,KIAA0513,O60268,0,0,0,0,1,0,0,0
9146,HGS,O14964,0,0,0,0,1,0,0,0
9097,USP14,P54578,0,0,0,0,1,0,0,0
25977,NECAP1,Q8NC96,0,0,0,0,1,0,0,0
9368,SLC9A3R1,O14745,0,0,0,0,1,0,0,0
203,AK1,P00568,0,0,1,0,1,0,0,1
51449,PCYOX1,Q9UHG3,0,0,0,0,1,0,0,0
1937,EEF1G,P26641,0,0,0,0,1,0,0,0
5573,PRKAR1A,P10644,0,0,0,0,1,0,0,0
23382,AHCYL2,Q96HN2,0,0,0,0,1,0,0,0
8943,AP3D1,O14617,0,0,0,0,1,0,0,0
11160,ERLIN2,O94905,0,0,0,0,1,0,0,0
51727,CMPK1,P30085,0,0,0,0,1,0,0,0
6457,SH3GL3,Q99963,0,0,0,0,1,0,0,0
5701,PSMC2,P35998,0,0,0,0,1,0,0,0
11033,ADAP1,O75689,0,0,0,0,1,0,0,0
3796,KIF2A,O00139,0,0,0,0,1,0,0,0
1500,CTNND1,O60716,0,0,0,0,1,0,0,0
1155,TBCB,Q99426,0,0,0,0,1,0,0,0
10097,ACTR2,P61160,0,0,0,0,1,0,0,0
4830,NME1,P15531,0,0,0,0,1,0,0,0
2739,GLO1,Q04760,0,0,0,0,1,0,0,0
1398,CRK,P46108,0,0,0,0,1,0,0,0
3039,HBA1,P69905,0,0,0,0,1,0,0,0
51097,SCCPDH,Q8NBX0,0,0,0,0,1,0,0,0
4355,MPP2,Q14168,0,0,0,0,1,0,0,0
223,ALDH9A1,P49189,0,0,0,0,1,0,0,0
51493,RTCB,Q9Y3I0,0,0,0,0,1,0,0,0
5717,PSMD11,O00231,0,0,0,0,1,0,0,0
1629,DBT,P11182,0,0,0,0,1,0,0,0
51143,DYNC1LI1,Q9Y6G9,0,0,0,0,1,0,0,0
10938,EHD1,Q9H4M9,0,0,0,0,1,0,0,0
10971,YWHAQ,P27348,0,0,1,0,1,0,0,1
3837,KPNB1,Q14974,0,0,0,0,1,0,0,0
529,ATP6V1E1,P36543,0,1,0,0,1,0,0,0
9900,SV2A,Q7L0J3,0,0,1,0,1,0,0,1
7335,UBE2V1,Q13404,0,0,0,0,1,0,0,0
3301,DNAJA1,P31689,0,0,0,0,1,0,0,0
6184,RPN1,P04843,0,1,0,0,1,0,0,0
9559,VPS26A,O75436,0,0,0,0,1,0,0,0
9211,LGI1,O95970,0,0,0,0,1,0,0,0
27020,NPTN,Q9Y639,0,0,0,0,1,0,0,0
6767,ST13,P50502,0,0,0,0,1,0,0,0
8480,RAE1,P78406,0,0,0,0,1,0,0,0
6506,SLC1A2,P43004,1,0,0,1,1,0,0,0
2794,GNL1,P36915,0,0,0,0,1,0,0,0
57552,NCEH1,Q6PIU2,0,0,0,0,1,0,0,0
8514,KCNAB2,Q13303,0,0,0,0,1,0,0,0
10910,SUGT1,Q9Y2Z0,0,0,0,0,1,0,0,0
23580,CDC42EP4,Q9H3Q1,0,0,0,0,1,0,0,0
5300,PIN1,Q13526,0,0,0,0,1,0,0,0
7163,TPD52,P55327,0,0,0,0,1,0,0,0
5217,PFN2,P35080,0,0,0,0,1,0,1,0
51181,DCXR,Q7Z4W1,0,0,0,0,1,0,0,0
5901,RAN,P62826,0,0,0,0,1,0,0,0
10726,NUDC,Q9Y266,0,0,0,0,1,0,0,0
961,CD47,Q08722,1,0,0,1,1,0,0,0
7879,RAB7A,P51149,0,0,0,0,1,0,0,0
9352,TXNL1,O43396,0,0,0,0,1,0,0,0
3843,IPO5,O00410,0,0,0,0,1,0,0,0
3337,DNAJB1,P25685,0,0,0,0,1,0,0,0
7334,UBE2N,P61088,0,0,0,0,1,0,0,0
5605,MAP2K2,P36507,0,0,0,0,1,0,0,0
5813,PURA,Q00577,0,0,0,0,1,0,0,0
5879,RAC1,P63000,0,0,1,0,1,0,0,1
4722,NDUFS3,O75489,0,0,0,1,1,0,0,0
5375,PMP2,P02689,0,0,0,0,1,0,0,0
5567,PRKACB,P22694,0,0,0,0,1,0,0,0
23603,CORO1C,Q9ULV4,0,0,0,0,1,0,0,0
8825,LIN7A,O14910,0,0,0,0,1,0,0,0
29767,TMOD2,Q9NZR1,0,0,0,0,1,0,0,0
9446,GSTO1,P78417,0,0,0,0,1,0,0,0
1399,CRKL,P46109,0,0,0,0,1,0,0,0
2098,ESD,P10768,0,0,0,0,1,0,0,0
25927,CNRIP1,Q96F85,0,0,0,0,1,0,0,0
7277,TUBA4A,P68366,0,0,0,0,1,0,0,0
781,CACNA2D1,P54289,0,0,1,0,1,0,0,1
528,ATP6V1C1,P21283,0,0,0,0,1,0,0,0
3615,IMPDH2,P12268,0,1,0,0,1,0,0,0
5579,PRKCB,P05771,0,0,0,0,1,0,0,0
3927,LASP1,Q14847,0,0,0,0,1,0,0,0
291,SLC25A4,P12235,0,0,0,0,1,0,0,0
2052,EPHX1,P07099,0,0,0,0,1,0,0,0
5595,MAPK3,P27361,0,0,0,0,1,0,0,0
5581,PRKCE,Q02156,0,0,1,0,1,0,0,1
64422,ATG3,Q9NT62,0,0,0,0,1,0,0,0
29924,EPN1,Q9Y6I3,0,0,0,0,1,0,0,0
53616,ADAM22,Q9P0K1,0,0,0,0,1,0,0,0
7386,UQCRFS1,P47985,0,0,0,1,1,0,0,0
26060,APPL1,Q9UKG1,0,0,0,0,1,0,0,0
26289,AK5,Q9Y6K8,0,0,0,0,1,0,0,0
55967,NDUFA12,Q9UI09,0,0,0,0,1,0,0,0
2185,PTK2B,Q14289,0,0,0,0,1,0,0,0
84254,CAMKK1,Q8N5S9,0,0,0,0,1,0,0,0
4676,NAP1L4,Q99733,0,0,0,0,1,0,0,0
8473,OGT,O15294,0,0,0,0,1,0,0,0
2539,G6PD,P11413,0,0,0,0,1,0,0,0
10857,PGRMC1,O00264,0,0,0,0,1,0,0,0
5414,SEPT4,O43236,0,0,1,0,1,0,0,1
4685,NCAM2,O15394,0,0,1,0,1,0,0,1
8027,STAM,Q92783,0,0,0,0,1,0,0,0
3831,KLC1,Q07866,0,0,0,0,1,0,0,0
5245,PHB,P35232,0,0,1,0,1,0,0,1
2181,ACSL3,O95573,0,0,0,0,1,0,0,0
4677,NARS,O43776,0,0,0,0,1,0,0,0
5066,PAM,P19021,0,0,0,0,1,0,0,0
9796,PHYHIP,Q92561,0,0,0,0,1,0,0,0
5833,PCYT2,Q99447,0,0,0,0,1,0,0,0
114876,OSBPL1A,Q9BXW6,0,0,0,0,1,0,0,0
5684,PSMA3,P25788,0,0,0,0,1,0,0,0
84886,C1orf198,Q9H425,0,0,0,0,1,0,0,0
9868,TOMM70A,O94826,0,0,0,0,1,0,0,0
51079,NDUFA13,Q9P0J0,0,0,0,0,1,0,0,0
6900,CNTN2,Q02246,0,0,0,0,1,0,0,0
7915,ALDH5A1,P51649,0,0,0,0,1,0,0,0
829,CAPZA1,P52907,0,0,0,0,1,0,0,0
220296,HEPACAM,Q14CZ8,0,0,0,0,1,0,0,0
54938,SARS2,Q9NP81,0,0,0,0,1,0,0,0
9901,SRGAP3,O43295,0,0,0,0,1,0,0,0
6623,SNCG,O76070,0,0,0,0,1,0,0,0
7114,TMSB4X,P62328,0,0,0,0,1,0,0,0
5226,PGD,P52209,0,0,0,0,1,0,0,0
3251,HPRT1,P00492,1,0,0,0,1,0,0,0
3612,IMPA1,P29218,0,0,0,0,1,0,0,0
1329,COX5B,P10606,0,1,0,0,1,0,0,0
203068,TUBB,P07437,0,0,1,0,1,0,0,1
1072,CFL1,P23528,0,0,0,1,1,0,0,0
84263,HSDL2,Q6YN16,0,0,0,0,1,0,0,0
10814,CPLX2,Q6PUV4,0,0,0,0,1,0,0,0
37,ACADVL,P49748,0,0,0,0,1,0,0,0
682,BSG,P35613,0,0,0,0,1,0,0,0
23157,SEPT6,Q14141,0,0,0,0,1,0,0,0
6620,SNCB,Q16143,0,0,0,1,1,0,0,0
81855,SFXN3,Q9BWM7,0,0,0,1,1,0,0,0
28988,DBNL,Q9UJU6,0,0,0,0,1,0,0,0
6272,SORT1,Q99523,0,0,0,0,1,0,0,0
6507,SLC1A3,P43003,0,0,1,0,1,0,0,1
8209,C21orf33,P30042,0,0,0,0,1,0,0,0
3925,STMN1,P16949,0,0,0,0,1,0,0,0
98,ACYP2,P14621,0,0,0,0,1,0,0,0
81553,FAM49A,Q9H0Q0,0,0,0,0,1,0,0,0
5654,HTRA1,Q92743,0,0,0,0,1,0,0,0
57863,CADM3,Q8N126,0,0,0,0,1,0,0,0
1627,DBN1,Q16643,0,0,0,0,1,0,0,0
5524,PPP2R4,Q15257,0,0,1,0,1,0,0,1
509,ATP5C1,P36542,0,0,0,1,1,0,0,0
4729,NDUFV2,P19404,0,0,0,0,1,0,0,0
57446,NDRG3,Q9UGV2,0,0,0,0,1,0,0,0
55738,ARFGAP1,Q8N6T3,0,0,0,0,1,0,0,0
6804,STX1A,Q16623,0,0,0,1,1,0,0,0
1845,DUSP3,P51452,0,0,0,0,1,0,0,0
1159,CKMT1B,P12532,0,0,0,0,1,0,0,0
1463,NCAN,O14594,0,0,0,0,1,0,0,0
10493,VAT1,Q99536,0,0,0,0,1,0,0,0
27183,VPS4A,Q9UN37,0,0,0,0,1,0,0,0
1429,CRYZ,Q08257,0,0,0,0,1,0,0,0
5602,MAPK10,P53779,0,0,0,0,1,0,0,0
7812,CSDE1,O75534,0,0,0,0,1,0,0,0
5095,PCCA,P05165,0,1,0,0,1,0,0,0
54828,BCAS3,Q9H6U6,0,0,0,0,1,0,0,0
5129,CDK18,Q07002,0,0,0,0,1,0,0,0
6742,SSBP1,Q04837,0,0,0,0,1,0,0,0
55739,CARKD,Q8IW45,0,0,0,0,1,0,0,0
1434,CSE1L,P55060,0,0,0,0,1,0,0,0
29091,STXBP6,Q8NFX7,0,0,0,0,1,0,0,0
4701,NDUFA7,O95182,0,1,0,0,1,0,0,0
5705,PSMC5,P62195,0,0,0,0,1,0,0,0
57026,PDXP,Q96GD0,0,0,0,0,1,0,0,0
3190,HNRNPK,P61978,1,0,0,0,1,0,0,0
7458,EIF4H,Q15056,0,0,0,0,1,0,0,0
3300,DNAJB2,P25686,0,0,0,0,1,0,0,0
3181,HNRNPA2B1,P22626,0,0,0,0,1,0,0,0
427,ASAH1,Q13510,0,0,0,0,1,0,0,0
91584,PLXNA4,Q9HCM2,0,0,0,0,1,0,0,0
23122,CLASP2,O75122,0,0,0,0,1,0,0,0
22948,CCT5,P48643,0,0,0,0,1,0,0,0
5789,PTPRD,P23468,0,0,0,0,1,0,0,0
5576,PRKAR2A,P13861,0,0,0,0,1,0,0,0
84446,BRSK1,Q8TDC3,0,0,0,0,1,0,0,0
79751,SLC25A22,Q9H936,0,1,1,1,1,0,0,1
537,ATP6AP1,Q15904,0,0,0,0,1,0,0,0
10449,ACAA2,P42765,0,0,0,0,1,0,0,0
8079,MLF2,Q15773,0,0,0,0,1,0,0,0
5093,PCBP1,Q15365,0,0,0,0,1,0,0,0
10314,LANCL1,O43813,0,0,0,0,1,0,0,0
65009,NDRG4,Q9ULP0,0,0,0,0,1,0,0,0
11171,STRAP,Q9Y3F4,0,0,0,0,1,0,0,0
54187,NANS,Q9NR45,0,0,0,0,1,0,0,0
814,CAMK4,Q16566,0,0,0,0,1,0,0,0
340543,TCEAL5,Q5H9L2,0,0,0,0,1,0,0,0
1428,CRYM,Q14894,1,0,0,0,1,0,0,0
490,ATP2B1,P20020,1,0,0,1,1,0,0,0
5781,PTPN11,Q06124,0,0,0,0,1,0,0,0
6558,SLC12A2,P55011,0,0,0,0,1,0,0,0
10484,SEC23A,Q15436,0,0,0,0,1,0,0,0
3421,IDH3G,P51553,0,0,0,0,1,0,0,0
5704,PSMC4,P43686,1,0,0,0,1,0,0,0
351,APP,P05067,0,1,0,0,1,0,0,0
27044,SND1,Q7KZF4,0,0,0,0,1,0,0,0
6301,SARS,P49591,0,0,0,0,1,0,0,0
1457,CSNK2A1,P68400,0,0,0,0,1,0,0,0
408,ARRB1,P49407,0,0,0,0,1,0,0,0
283638,CEP170B,Q9Y4F5,0,0,0,0,1,0,0,0
9922,IQSEC1,Q6DN90,0,1,0,0,1,0,0,0
51466,EVL,Q9UI08,0,0,0,0,1,0,0,0
5510,PPP1R7,Q15435,0,0,1,0,1,0,0,1
56243,KIAA1217,Q5T5P2,0,0,0,0,1,0,0,0
80150,ASRGL1,Q7L266,0,0,0,0,1,0,0,0
1462,VCAN,P13611,0,0,0,0,1,0,0,0
51164,DCTN4,Q9UJW0,0,0,0,0,1,0,0,0
1743,DLST,P36957,0,1,1,1,1,0,0,1
51400,PPME1,Q9Y570,0,0,0,0,1,0,0,0
9049,AIP,O00170,0,0,0,0,1,0,0,0
374291,NDUFS7,O75251,0,0,0,0,1,0,0,0
10133,OPTN,Q96CV9,0,0,0,0,1,0,0,0
1936,EEF1D,P29692,0,0,0,0,1,0,0,0
22911,WDR47,O94967,0,0,0,0,1,0,0,0
79969,ATAT1,Q5SQI0,0,0,0,0,1,0,0,0
79012,CAMKV,Q8NCB2,0,0,0,0,1,0,0,0
4705,NDUFA10,O95299,0,0,1,0,1,0,0,1
26232,FBXO2,Q9UK22,0,0,0,0,1,0,0,0
3417,IDH1,O75874,0,0,0,0,1,0,0,0
112476,PRRT2,Q7Z6L0,0,0,0,0,1,0,0,0
7296,TXNRD1,Q16881,0,0,0,0,1,0,0,0
6717,SRI,P30626,0,0,0,0,1,0,0,0
6772,STAT1,P42224,0,0,0,0,1,0,0,0
4144,MAT2A,P31153,0,0,0,0,1,0,0,0
128,ADH5,P11766,0,0,0,0,1,0,0,0
6342,SCP2,P22307,0,0,0,0,1,0,0,0
5297,PI4KA,P42356,0,0,1,0,1,0,0,1
81631,MAP1LC3B,Q9GZQ8,0,0,0,0,1,0,0,0
7087,ICAM5,Q9UMF0,0,0,0,0,1,0,0,0
146691,TOM1L2,Q6ZVM7,0,0,0,0,1,0,0,0
79929,MAP6D1,Q9H9H5,0,0,0,0,1,0,0,0
5062,PAK2,Q13177,0,0,0,0,1,0,0,0
23265,EXOC7,Q9UPT5,0,0,0,0,1,0,0,0
2512,FTL,P02792,0,0,0,0,1,0,0,0
51062,ATL1,Q8WXF7,0,0,0,0,1,0,0,0
92609,TIMM50,Q3ZCQ8,0,0,0,0,1,0,0,0
5305,PIP4K2A,P48426,0,0,0,0,1,0,0,0
6455,SH3GL1,Q99961,0,0,0,0,1,0,0,0
4673,NAP1L1,P55209,0,0,0,0,1,0,0,0
8537,BCAS1,O75363,0,0,0,0,1,0,0,0
10000,AKT3,Q9Y243,0,0,0,0,1,0,0,0
27101,CACYBP,Q9HB71,0,0,0,0,1,0,0,0
2109,ETFB,P38117,0,0,0,0,1,0,0,0
5709,PSMD3,O43242,0,0,0,0,1,0,0,0
257194,NEGR1,Q7Z3B1,0,0,0,0,1,0,0,0
2273,FHL1,Q13642,0,0,0,0,1,0,0,0
4637,MYL6,P60660,0,0,0,0,1,0,0,0
3188,HNRNPH2,P55795,0,0,0,0,1,0,0,0
2932,GSK3B,P49841,0,0,0,0,1,0,0,0
482,ATP1B2,P14415,0,0,0,1,1,0,0,0
54749,EPDR1,Q9UM22,0,0,0,0,1,0,0,0
759,CA1,P00915,0,0,0,0,1,0,0,0
23052,ENDOD1,O94919,0,0,0,0,1,0,0,0
5909,RAP1GAP,P47736,0,0,0,0,1,0,0,0
9793,CKAP5,Q14008,0,0,0,0,1,0,0,0
2935,GSPT1,P15170,0,0,0,0,1,0,0,0
2946,GSTM2,P28161,0,0,0,0,1,1,0,0
2936,GSR,P00390,0,0,0,0,1,0,0,0
2783,GNB2,P62879,0,0,0,0,1,0,0,0
6050,RNH1,P13489,0,0,0,0,1,0,0,0
8724,SNX3,O60493,0,0,0,0,1,0,0,0
22949,PTGR1,Q14914,0,0,0,0,1,0,0,0
116986,AGAP2,Q99490,0,0,0,0,1,0,0,0
3029,HAGH,Q16775,0,0,0,0,1,0,0,0
26999,CYFIP2,Q96F07,0,0,0,0,1,0,0,0
4140,MARK3,P27448,0,0,0,0,1,0,0,0
10947,AP3M2,P53677,0,0,0,0,1,0,0,0
9135,RABEP1,Q15276,0,0,0,0,1,0,0,0
4974,OMG,P23515,0,0,0,0,1,0,0,0
2017,CTTN,Q14247,0,0,0,0,1,0,0,0
210,ALAD,P13716,0,0,0,0,1,0,0,0
55577,NAGK,Q9UJ70,0,0,0,0,1,0,0,0
3956,LGALS1,P09382,0,0,0,0,1,0,0,0
1983,EIF5,P55010,0,0,0,0,1,0,0,0
10980,COPS6,Q7L5N1,0,0,0,0,1,0,0,0
127018,LYPLAL1,Q5VWZ2,0,0,0,0,1,0,0,0
10873,ME3,Q16798,0,0,0,0,1,0,0,0
5334,PLCL1,Q15111,0,0,0,0,1,0,0,0
11345,GABARAPL2,P60520,0,0,0,0,1,0,0,0
25813,SAMM50,Q9Y512,0,0,0,0,1,0,0,0
1962,EHHADH,Q9NY65,0,0,0,0,1,0,0,0
26086,GPSM1,Q86YR5,0,0,0,0,1,0,0,0
65108,MARCKSL1,P49006,0,0,0,0,1,0,0,0
26000,TBC1D10B,Q4KMP7,0,0,0,0,1,0,0,0
83856,FSD1L,Q9BXM9,0,0,0,0,1,0,0,0
55750,AGK,Q53H12,0,0,0,0,1,0,0,0
1404,HAPLN1,P10915,0,0,0,0,1,0,0,0
5708,PSMD2,Q13200,0,0,0,0,1,0,0,0
8634,RTCA,O00442,0,0,0,0,1,0,0,0
4035,LRP1,Q07954,0,0,0,0,1,0,0,0
9066,SYT7,O43581,0,0,1,0,1,0,0,1
114787,GPRIN1,Q7Z2K8,0,0,0,0,1,0,0,0
4893,NRAS,P01111,0,0,0,0,1,0,0,0
8574,AKR7A2,O43488,1,0,0,0,1,0,0,0
50865,HEBP1,Q9NRV9,0,0,0,0,1,0,0,0
401548,SNX30,Q5VWJ9,0,0,0,0,1,0,0,0
285172,FAM126B,Q8IXS8,0,0,0,0,1,0,0,0
3958,LGALS3,P17931,0,0,0,0,1,0,0,0
87,ACTN1,P12814,0,0,0,0,1,0,0,0
10006,ABI1,Q8IZP0,0,0,0,0,1,0,0,0
4884,NPTX1,Q15818,0,1,0,0,1,0,0,0
5911,RAP2A,P10114,0,0,0,0,1,0,0,0
63893,UBE2O,Q9C0C9,0,0,0,0,1,0,0,0
439,ASNA1,O43681,0,0,0,0,1,0,0,0
1200,TPP1,O14773,0,0,0,0,1,0,0,0
4978,OPCML,Q14982,1,0,0,0,1,0,0,0
5713,PSMD7,P51665,0,0,0,0,1,0,0,0
3735,KARS,Q15046,0,0,0,0,1,0,0,0
51144,HSD17B12,Q53GQ0,0,0,0,0,1,0,0,0
4351,MPI,P34949,0,0,0,0,1,0,0,0
115207,KCTD12,Q96CX2,0,0,1,0,1,0,0,1
8745,ADAM23,O75077,0,0,0,0,1,0,0,0
162,AP1B1,Q10567,0,0,1,0,1,0,0,1
54769,DIRAS2,Q96HU8,0,0,0,0,1,0,0,0
57584,ARHGAP21,Q5T5U3,0,0,0,0,1,0,0,0
5887,RAD23B,P54727,0,0,0,0,1,0,0,0
6390,SDHB,P21912,0,0,1,0,1,0,0,1
29959,NRBP1,Q9UHY1,0,0,0,0,1,0,0,0
51606,ATP6V1H,Q9UI12,0,0,0,0,1,0,0,0
79187,FSD1,Q9BTV5,0,0,0,0,1,0,0,0
998,CDC42,P60953,0,0,1,0,1,0,0,1
9218,VAPA,Q9P0L0,0,0,0,0,1,0,0,0
4724,NDUFS4,O43181,0,0,1,0,1,0,0,1
8936,WASF1,Q92558,0,0,0,0,1,0,0,0
5700,PSMC1,P62191,0,0,0,0,1,0,0,0
59338,PLEKHA1,Q9HB21,0,0,0,0,1,0,0,0
9854,C2CD2L,O14523,0,0,0,0,1,0,0,0
2729,GCLC,P48506,0,0,0,0,1,0,0,0
11344,TWF2,Q6IBS0,0,0,0,0,1,0,0,0
8682,PEA15,Q15121,1,0,0,0,1,0,0,0
135114,HINT3,Q9NQE9,0,0,0,0,1,0,0,0
5050,PAFAH1B3,Q15102,0,0,0,0,1,0,0,0
55236,UBA6,A0AVT1,0,0,0,0,1,0,0,0
10612,TRIM3,O75382,0,0,0,0,1,0,0,0
48,ACO1,P21399,0,0,1,0,1,0,0,1
5202,PFDN2,Q9UHV9,0,0,0,0,1,0,0,0
79641,ROGDI,Q9GZN7,0,0,0,0,1,0,0,0
10439,OLFM1,Q99784,0,0,0,0,1,0,0,0
139322,APOOL,Q6UXV4,0,0,0,0,1,0,0,0
7791,ZYX,Q15942,0,0,0,0,1,0,0,0
80347,COASY,Q13057,0,0,0,0,1,0,0,0
5049,PAFAH1B2,P68402,1,0,0,0,1,0,0,0
5687,PSMA6,P60900,0,0,0,0,1,0,0,0
5902,RANBP1,P43487,0,0,0,0,1,0,0,0
4513,COX2,P00403,0,0,0,1,1,0,0,0
83699,SH3BGRL2,Q9UJC5,0,0,0,0,1,0,0,0
9380,GRHPR,Q9UBQ7,0,0,0,0,1,0,0,0
3028,HSD17B10,Q99714,0,0,0,0,1,0,0,0
92259,MRPS36,P82909,0,0,0,0,1,0,0,0
2280,FKBP1A,P62942,0,0,0,0,1,0,0,0
2745,GLRX,P35754,0,0,0,0,1,0,0,0
9751,SNPH,O15079,0,0,0,0,1,0,0,0
5689,PSMB1,P20618,0,0,0,0,1,0,0,0
80700,UBXN6,Q9BZV1,0,0,0,0,1,1,0,0
9371,KIF3B,O15066,0,0,0,0,1,0,0,0
6421,SFPQ,P23246,0,0,0,0,1,0,0,0
7018,TF,P02787,1,0,0,0,1,0,0,0
26275,HIBCH,Q6NVY1,0,0,0,0,1,0,0,0
5036,PA2G4,Q9UQ80,0,0,0,0,1,0,0,0
84836,ABHD14B,Q96IU4,0,0,0,0,1,0,0,0
6223,RPS19,P39019,0,0,0,0,1,0,0,0
9024,BRSK2,Q8IWQ3,0,0,0,0,1,0,0,0
9525,VPS4B,O75351,0,0,0,0,1,0,0,0
10130,PDIA6,Q15084,1,0,0,0,1,0,0,0
785,CACNB4,O00305,0,0,0,0,1,0,0,0
112936,VPS26B,Q4G0F5,0,0,0,0,1,0,0,0
5861,RAB1A,P62820,0,0,1,0,1,0,0,1
54521,WDR44,Q5JSH3,0,0,0,0,1,0,0,0
23788,MTCH2,Q9Y6C9,0,0,0,0,1,0,0,0
23170,TTLL12,Q14166,0,0,0,0,1,0,0,0
1785,DNM2,P50570,0,0,0,0,1,0,0,0
2319,FLOT2,Q14254,0,0,1,0,1,0,0,1
10920,COPS8,Q99627,0,0,0,0,1,0,0,0
3799,KIF5B,P33176,0,0,0,0,1,0,0,0
81609,SNX27,Q96L92,0,0,0,0,1,0,0,0
1476,CSTB,P04080,0,0,0,0,1,0,0,0
51479,ANKFY1,Q9P2R3,0,0,0,0,1,0,0,0
57095,PITHD1,Q9GZP4,0,0,0,0,1,0,0,0
55611,OTUB1,Q96FW1,0,0,0,0,1,0,0,0
7082,TJP1,Q07157,0,0,0,0,1,0,0,0
164,AP1G1,O43747,0,0,0,0,1,0,0,0
2058,EPRS,P07814,0,0,0,0,1,0,0,0
10085,EDIL3,O43854,0,0,0,0,1,0,0,0
51100,SH3GLB1,Q9Y371,0,0,0,0,1,0,0,0
1471,CST3,P01034,0,0,0,0,1,0,0,0
9377,COX5A,P20674,0,0,0,0,1,0,0,0
84284,NTPCR,Q9BSD7,0,0,0,0,1,0,0,0
23386,NUDCD3,Q8IVD9,0,0,0,0,1,0,0,0
91683,SYT12,Q8IV01,0,0,0,0,1,0,0,0
5208,PFKFB2,O60825,0,0,0,0,1,0,0,0
5878,RAB5C,P51148,0,0,0,0,1,0,0,0
10092,ARPC5,O15511,0,0,0,0,1,0,0,0
8452,CUL3,Q13618,0,0,0,0,1,0,0,0
1212,CLTB,P09497,0,0,0,0,1,0,0,0
57488,ESYT2,A0FGR8,0,0,0,0,1,0,0,0
94097,SFXN5,Q8TD22,0,0,0,0,1,0,0,0
9026,HIP1R,O75146,0,0,0,0,1,0,0,0
1739,DLG1,Q12959,0,0,1,0,1,0,0,1
54472,TOLLIP,Q9H0E2,0,0,0,0,1,0,0,0
5361,PLXNA1,Q9UIW2,0,0,0,0,1,0,0,0
10815,CPLX1,O14810,0,0,0,0,1,0,0,0
55856,ACOT13,Q9NPJ3,0,0,0,0,1,0,0,0
2947,GSTM3,P21266,0,0,0,0,1,0,0,0
818,CAMK2G,Q13555,0,0,1,0,1,0,0,1
57468,SLC12A5,Q9H2X9,0,0,0,0,1,0,0,1
23111,SPG20,Q8N0X7,0,0,0,0,1,0,0,0
23558,WBP2,Q969T9,0,0,0,0,1,0,0,0
57662,CAMSAP3,Q9P1Y5,0,0,0,0,1,0,0,0
22998,LIMCH1,Q9UPQ0,0,0,0,0,1,0,0,0
114793,FMNL2,Q96PY5,0,0,0,0,1,0,0,0
29966,STRN3,Q13033,0,0,0,0,1,0,0,0
25932,CLIC4,Q9Y696,0,0,0,0,1,0,0,0
4702,NDUFA8,P51970,0,0,0,0,1,0,0,0
1652,DDT,P30046,0,0,0,0,1,0,0,0
1741,DLG3,Q92796,0,0,0,0,1,0,0,0
10617,STAMBP,O95630,0,0,0,0,1,0,0,0
3267,AGFG1,P52594,0,0,0,0,1,0,0,0
2823,GPM6A,P51674,0,1,0,0,1,0,0,0
9040,UBE2M,P61081,0,0,0,0,1,0,0,0
5333,PLCD1,P51178,0,0,0,0,1,0,0,0
2173,FABP7,O15540,0,0,0,0,1,0,0,0
23285,KIAA1107,Q9UPP5,0,0,0,0,1,0,0,0
64423,INF2,Q27J81,0,0,0,0,1,0,0,0
2781,GNAZ,P19086,0,0,1,0,1,0,0,1
5631,PRPS1,P60891,0,0,0,0,1,0,0,0
283209,PGM2L1,Q6PCE3,0,0,0,0,1,0,0,0
57628,DPP10,Q8N608,0,0,0,0,1,0,0,0
8723,SNX4,O95219,0,0,0,0,1,0,0,0
1211,CLTA,P09496,0,0,0,0,1,0,1,0
4642,MYO1D,O94832,0,0,0,0,1,0,0,0
1781,DYNC1I2,Q13409,0,0,0,0,1,0,0,0
5170,PDPK1,O15530,0,0,0,0,1,0,0,0
6855,SYP,P08247,0,0,0,1,1,0,0,0
216,ALDH1A1,P00352,0,0,0,0,1,0,0,0
1653,DDX1,Q92499,1,0,0,0,1,0,0,0
51517,NCKIPSD,Q9NZQ3,0,0,0,0,1,0,0,0
1314,COPA,P53621,0,0,0,0,1,0,0,0
22919,MAPRE1,Q15691,0,0,0,0,1,0,0,0
51678,MPP6,Q9NZW5,0,0,0,0,1,0,0,0
1740,DLG2,Q15700,0,0,1,0,1,0,0,1
7171,TPM4,P67936,0,0,0,0,1,0,0,0
9693,RAPGEF2,Q9Y4G8,0,0,0,0,1,0,0,0
55163,PNPO,Q9NVS9,1,0,0,0,1,0,0,0
5354,PLP1,P60201,0,0,0,1,1,0,0,0
51031,GLOD4,Q9HC38,0,0,0,0,1,0,0,0
8570,KHSRP,Q92945,0,0,0,0,1,0,0,0
1982,EIF4G2,P78344,0,0,0,0,1,0,0,0
10476,ATP5H,O75947,0,0,0,1,1,0,0,0
9181,ARHGEF2,Q92974,0,0,0,0,1,0,0,0
4695,NDUFA2,O43678,0,0,0,0,1,0,0,0
3064,HTT,P42858,0,0,0,0,1,0,0,0
214,ALCAM,Q13740,0,0,0,0,1,0,0,0
55847,CISD1,Q9NZ45,0,0,0,1,1,0,0,0
4731,NDUFV3,P56181,0,0,0,0,1,0,0,0
8655,DYNLL1,P63167,0,0,0,0,1,0,0,0
8802,SUCLG1,P53597,0,0,1,0,1,0,0,1
1384,CRAT,P43155,0,0,0,0,1,0,0,0
80124,VCPIP1,Q96JH7,0,0,0,0,1,0,0,0
25934,NIPSNAP3A,Q9UFN0,0,0,0,0,1,0,0,0
3033,HADH,Q16836,0,0,0,0,1,0,0,0
55349,CHDH,Q8NE62,0,0,0,0,1,0,0,0
2987,GUK1,Q16774,0,0,0,0,1,0,0,0
8239,USP9X,Q93008,0,0,0,0,1,0,0,0
3916,LAMP1,P11279,0,0,0,0,1,0,0,0
5683,PSMA2,P25787,0,0,0,0,1,0,0,0
6640,SNTA1,Q13424,0,0,0,0,1,0,0,0
6643,SNX2,O60749,0,0,0,0,1,0,0,0
93664,CADPS2,Q86UW7,0,0,0,0,1,0,0,0
5515,PPP2CA,P67775,0,0,1,0,1,0,0,1
51520,LARS,Q9P2J5,0,0,0,0,1,0,0,0
22908,SACM1L,Q9NTJ5,0,0,0,0,1,0,0,0
6814,STXBP3,O00186,0,0,0,0,1,0,0,0
26090,ABHD12,Q8N2K0,0,0,0,0,1,0,0,0
11135,CDC42EP1,Q00587,0,0,0,0,1,0,0,0
8607,RUVBL1,Q9Y265,0,0,0,0,1,0,0,0
51552,RAB14,P61106,0,0,1,0,1,0,0,1
10152,ABI2,Q9NYB9,0,0,0,0,1,0,0,0
55466,DNAJA4,Q8WW22,0,0,0,0,1,0,0,0
10987,COPS5,Q92905,0,0,0,0,1,0,0,0
5636,PRPSAP2,O60256,0,0,0,0,1,0,0,0
443,ASPA,P45381,0,0,0,0,1,0,0,0
9859,CEP170,Q5SW79,0,0,0,0,1,0,0,0
883,CCBL1,Q16773,0,0,0,0,1,0,0,0
3069,HDLBP,Q00341,0,0,0,0,1,0,0,0
219287,AMER2,Q8N7J2,0,0,0,0,1,0,0,0
23256,SCFD1,Q8WVM8,0,0,0,0,1,0,0,0
23780,APOL2,Q9BQE5,0,0,0,0,1,0,0,0
10681,GNB5,O14775,0,0,0,0,1,0,0,0
57614,KIAA1468,Q9P260,0,0,0,0,1,0,0,0
2193,FARSA,Q9Y285,0,0,0,0,1,0,0,0
6187,RPS2,P15880,0,0,0,0,1,0,0,0
310,ANXA7,P20073,0,0,0,0,1,0,0,0
4715,NDUFB9,Q9Y6M9,0,0,0,0,1,0,0,0
9941,EXOG,Q9Y2C4,0,0,0,0,1,0,0,0
11112,HIBADH,P31937,0,0,0,0,1,0,0,0
7336,UBE2V2,Q15819,0,0,0,0,1,0,0,0
29979,UBQLN1,Q9UMX0,0,0,0,0,1,0,0,0
5566,PRKACA,P17612,0,0,1,0,1,0,0,1
1073,CFL2,Q9Y281,0,0,0,0,1,0,0,0
8536,CAMK1,Q14012,0,0,0,0,1,0,0,0
5094,PCBP2,Q15366,0,0,0,0,1,0,0,0
10049,DNAJB6,O75190,0,0,0,0,1,0,0,0
57180,ACTR3B,Q9P1U1,0,0,0,0,1,0,0,0
10243,GPHN,Q9NQX3,0,0,0,0,1,0,0,0
55210,ATAD3A,Q9NVI7,0,0,0,0,1,0,0,0
10273,STUB1,Q9UNE7,0,0,0,0,1,0,0,0
29925,GMPPB,Q9Y5P6,0,0,0,0,1,0,0,0
80221,ACSF2,Q96CM8,0,0,0,0,1,0,0,0
80273,GRPEL1,Q9HAV7,0,0,0,0,1,0,0,0
79180,EFHD2,Q96C19,0,0,0,0,1,0,0,0
372,ARCN1,P48444,0,0,0,0,1,0,0,0
5096,PCCB,P05166,0,0,0,0,1,0,0,0
9289,ADGRG1,Q9Y653,0,0,0,0,1,0,0,0
23597,ACOT9,Q9Y305,0,0,0,0,1,0,0,0
83658,DYNLRB1,Q9NP97,0,0,0,0,1,0,0,0
60491,NIF3L1,Q9GZT8,0,0,0,0,1,0,0,0
53358,SHC3,Q92529,0,0,0,0,1,0,0,0
64744,SMAP2,Q8WU79,0,0,0,0,1,0,0,0
10093,ARPC4,P59998,0,0,0,0,1,0,0,0
833,CARS,P49589,0,0,0,0,1,0,0,0
8575,PRKRA,O75569,0,0,0,0,1,0,0,0
7165,TPD52L2,O43399,0,0,0,0,1,0,0,0
23284,ADGRL3,Q9HAR2,0,0,0,0,1,0,0,0
152007,GLIPR2,Q9H4G4,0,0,0,0,1,0,0,0
64077,LHPP,Q9H008,0,0,0,0,1,0,0,0
9444,QKI,Q96PU8,0,0,0,0,1,0,0,0
10342,TFG,Q92734,0,0,0,0,1,0,0,0
23770,FKBP8,Q14318,0,0,0,0,1,0,0,0
1397,CRIP2,P52943,0,0,0,0,1,0,0,0
311,ANXA11,P50995,0,0,0,0,1,0,0,0
5730,PTGDS,P41222,0,0,0,0,1,0,0,0
5693,PSMB5,P28074,0,0,0,0,1,0,0,0
6723,SRM,P19623,0,0,0,0,1,0,0,0
2697,GJA1,P17302,1,0,0,0,1,0,0,0
5589,PRKCSH,P14314,0,0,0,0,1,0,0,0
1508,CTSB,P07858,0,0,0,0,1,0,0,0
7070,THY1,P04216,0,0,0,0,1,0,0,0
10213,PSMD14,O00487,0,0,0,0,1,0,0,0
1607,DGKB,Q9Y6T7,0,0,0,0,1,0,0,0
51645,PPIL1,Q9Y3C6,0,0,0,0,1,0,0,0
84817,TXNDC17,Q9BRA2,0,0,0,0,1,0,0,0
8904,CPNE1,Q99829,0,0,0,0,1,0,0,0
112574,SNX18,Q96RF0,0,0,0,0,1,0,0,0
56005,MYDGF,Q969H8,0,0,0,0,1,0,0,0
51109,RDH11,Q8TC12,0,0,0,0,1,0,0,0
60682,SMAP1,Q8IYB5,0,0,0,0,1,0,0,0
29094,LGALSL,Q3ZCW2,0,0,0,0,1,0,0,0
9230,RAB11B,Q15907,0,1,0,0,1,0,0,0
6009,RHEB,Q15382,0,0,0,0,1,0,0,0
9349,RPL23,P62829,0,0,0,0,1,0,0,0
4700,NDUFA6,P56556,0,1,0,0,1,0,0,0
2521,FUS,P35637,0,0,0,0,1,0,0,0
2235,FECH,P22830,0,0,0,0,1,0,0,0
327,APEH,P13798,0,0,0,0,1,0,0,0
34,ACADM,P11310,0,0,0,0,1,0,0,0
25874,MPC2,O95563,0,0,0,0,1,0,0,0
10632,ATP5L,O75964,0,0,0,0,1,0,0,0
4726,NDUFS6,O75380,0,0,0,0,1,0,0,0
4259,MGST3,O14880,0,0,0,0,1,0,0,0
22859,ADGRL1,O94910,0,0,0,0,1,0,0,0
8671,SLC4A4,Q9Y6R1,0,0,1,0,1,0,0,1
81567,TXNDC5,Q8NBS9,0,0,0,0,1,0,0,0
5694,PSMB6,P28072,0,0,0,0,1,0,0,0
361,AQP4,P55087,0,0,0,0,1,0,0,0
54443,ANLN,Q9NQW6,0,0,0,0,1,0,0,0
54927,CHCHD3,Q9NX63,0,0,0,0,1,0,0,0
6782,HSPA13,P48723,0,0,0,0,1,0,0,0
2314,FLII,Q13045,0,0,0,0,1,0,0,0
56648,EIF5A2,Q9GZV4,0,0,0,0,1,0,0,0
51138,COPS4,Q9BT78,0,0,0,0,1,0,0,0
55610,VPS50,Q96JG6,0,0,0,0,1,0,0,0
178,AGL,P35573,0,0,0,0,1,0,0,0
7874,USP7,Q93009,0,0,0,0,1,0,0,0
9601,PDIA4,P13667,0,0,0,0,1,0,0,0
64756,ATPAF1,Q5TC12,0,0,0,0,1,0,0,0
11212,PROSC,O94903,0,0,0,0,1,0,0,0
387680,WASHC2A,Q5SNT6,0,0,0,0,1,0,0,0
2011,MARK2,Q7KZI7,0,0,0,0,1,0,1,0
23011,RAB21,Q9UL25,0,0,0,0,1,0,0,0
293,SLC25A6,P12236,0,0,0,0,1,0,0,0
5127,CDK16,Q00536,0,0,0,0,1,0,0,0
5802,PTPRS,Q13332,0,1,0,0,1,0,0,0
6546,SLC8A1,P32418,0,0,0,0,1,0,0,0
8411,EEA1,Q15075,0,0,0,0,1,0,0,0
8050,PDHX,O00330,0,0,0,0,1,0,0,0
64087,MCCC2,Q9HCC0,0,0,0,0,1,0,0,0
51699,VPS29,Q9UBQ0,0,0,0,0,1,0,0,0
9296,ATP6V1F,Q16864,0,0,0,0,1,0,0,0
3178,HNRNPA1,P09651,0,0,0,0,1,0,0,0
8508,NIPSNAP1,Q9BPW8,0,0,0,0,1,0,0,0
547,KIF1A,Q12756,0,0,0,0,1,0,0,0
50488,MINK1,Q8N4C8,0,0,0,0,1,0,0,0
10396,ATP8A1,Q9Y2Q0,0,0,0,0,1,0,0,0
1666,DECR1,Q16698,0,0,0,0,1,0,0,0
255252,LRRC57,Q8N9N7,0,0,0,0,1,0,0,0
146206,RLTPR,Q6F5E8,0,0,0,0,1,0,0,0
5711,PSMD5,Q16401,0,0,0,0,1,0,0,0
8883,NAE1,Q13564,0,0,0,0,1,0,0,0
5184,PEPD,P12955,0,0,0,0,1,0,0,0
84100,ARL6,Q9H0F7,0,0,0,0,1,0,0,0
1453,CSNK1D,P48730,0,0,0,0,1,0,0,0
2043,EPHA4,P54764,0,0,0,0,1,0,0,0
1646,AKR1C2,P52895,0,0,0,0,1,0,0,0
29085,PHPT1,Q9NRX4,0,0,0,0,1,0,0,0
7178,TPT1,P13693,0,0,0,0,1,0,0,0
3184,HNRNPD,Q14103,0,0,0,0,1,0,0,0
51534,VTA1,Q9NP79,0,0,0,0,1,0,0,0
23541,SEC14L2,O76054,0,0,0,0,1,0,0,0
9167,COX7A2L,O14548,0,0,0,0,1,0,0,0
28964,GIT1,Q9Y2X7,0,0,0,0,1,0,0,0
30011,SH3KBP1,Q96B97,0,0,0,0,1,0,0,0
51084,CRYL1,Q9Y2S2,0,0,0,0,1,0,0,0
391,RHOG,P84095,0,0,0,0,1,0,0,0
3382,ICA1,Q05084,0,0,0,0,1,0,0,0
6305,SBF1,O95248,0,0,0,0,1,0,0,0
2778,GNAS,P63092,0,0,0,0,1,0,0,0
3006,HIST1H1C,P16403,0,0,0,0,1,0,0,0
2010,EMD,P50402,0,0,0,0,1,0,0,0
147179,WIPF2,Q8TF74,0,0,0,0,1,0,0,0
29952,DPP7,Q9UHL4,0,0,0,0,1,0,0,0
55770,EXOC2,Q96KP1,0,0,0,0,1,0,0,0
221613,HIST1H2AA,Q96QV6,0,0,0,0,1,0,0,0
5954,RCN1,Q15293,0,0,0,0,1,0,0,0
11343,MGLL,Q99685,0,0,0,0,1,0,0,0
54940,OCIAD1,Q9NX40,0,0,0,0,1,0,0,0
26578,OSTF1,Q92882,0,0,0,0,1,0,0,0
4048,LTA4H,P09960,0,0,0,0,1,0,0,0
83696,TRAPPC9,Q96Q05,0,0,0,0,1,0,0,0
10645,CAMKK2,Q96RR4,0,0,0,0,1,0,0,0
56922,MCCC1,Q96RQ3,0,0,0,0,1,0,0,0
6224,RPS20,P60866,0,0,0,0,1,0,0,0
3105,HLA-A,P13746,0,0,0,0,1,0,0,0
10120,ACTR1B,P42025,0,0,0,0,1,0,0,0
79876,UBA5,Q9GZZ9,0,0,0,0,1,0,0,0
55346,TCP11L1,Q9NUJ3,0,0,0,0,1,0,0,0
404037,HAPLN4,Q86UW8,0,0,0,0,1,0,0,0
403,ARL3,P36405,0,0,0,0,1,0,0,0
6217,RPS16,P62249,0,0,0,0,1,0,0,0
2632,GBE1,Q04446,0,0,0,0,1,0,0,0
4738,NEDD8,Q15843,0,0,0,0,1,0,0,0
5481,PPID,Q08752,0,0,0,0,1,0,0,0
158931,TCEAL6,Q6IPX3,0,0,0,0,1,0,0,0
51571,FAM49B,Q9NUQ9,0,0,0,0,1,0,0,0
9054,NFS1,Q9Y697,0,0,0,0,1,0,0,0
23259,DDHD2,O94830,0,0,0,0,1,0,0,0
641371,ACOT1,Q86TX2,0,0,0,0,1,0,0,0
5137,PDE1C,Q14123,0,0,0,0,1,0,0,0
8776,MTMR1,Q13613,0,0,0,0,1,0,0,0
7295,TXN,P10599,0,0,0,0,1,0,0,0
23241,PACS2,Q86VP3,0,0,0,0,1,0,0,0
55631,LRRC40,Q9H9A6,0,0,0,0,1,0,0,0
1609,DGKQ,P52824,0,0,0,0,1,0,0,0
8453,CUL2,Q13617,0,0,0,0,1,0,0,0
813,CALU,O43852,0,0,0,0,1,0,0,0
4099,MAG,P20916,0,1,0,0,1,0,0,0
261726,TIPRL,O75663,0,0,0,0,1,0,0,0
4282,MIF,P14174,0,0,0,0,1,0,0,0
10135,NAMPT,P43490,0,0,0,0,1,0,0,0
8428,STK24,Q9Y6E0,0,0,0,0,1,0,0,0
822,CAPG,P40121,0,0,0,0,1,0,0,0
847,CAT,P04040,0,0,0,0,1,0,0,0
9255,AIMP1,Q12904,0,0,0,0,1,0,0,0
114882,OSBPL8,Q9BZF1,0,0,0,0,1,0,0,0
5464,PPA1,Q15181,0,0,0,0,1,0,0,0
5686,PSMA5,P28066,0,0,0,0,1,0,0,0
80331,DNAJC5,Q9H3Z4,0,0,0,0,1,0,0,0
26056,RAB11FIP5,Q9BXF6,0,0,0,0,1,0,0,0
7430,EZR,P15311,0,0,0,0,1,0,0,0
57030,SLC17A7,Q9P2U7,0,0,0,0,1,0,0,0
148252,DIRAS1,O95057,0,0,0,0,1,0,0,0
55308,DDX19A,Q9NUU7,0,0,0,0,1,0,0,0
6341,SCO1,O75880,0,0,0,0,1,0,0,0
149371,EXOC8,Q8IYI6,0,0,0,0,1,0,0,0
191,AHCY,P23526,0,0,0,0,1,0,0,0
6641,SNTB1,Q13884,0,0,0,0,1,0,0,0
9783,RIMS3,Q9UJD0,0,0,0,0,1,0,0,0
9632,SEC24C,P53992,0,0,0,0,1,0,0,0
4852,NPY,P01303,0,0,0,0,1,0,0,0
55844,PPP2R2D,Q66LE6,0,0,0,0,1,0,0,0
10939,AFG3L2,Q9Y4W6,0,0,0,0,1,0,0,0
5527,PPP2R5C,Q13362,0,0,0,0,1,0,0,0
23271,CAMSAP2,Q08AD1,0,0,0,0,1,0,0,0
25930,PTPN23,Q9H3S7,0,0,0,0,1,0,0,0
64601,VPS16,Q9H269,0,0,0,0,1,0,0,0
2257,FGF12,P61328,0,0,0,0,1,0,0,0
64853,AIDA,Q96BJ3,0,0,0,0,1,0,0,0
56907,SPIRE1,Q08AE8,0,0,0,0,1,0,0,0
6188,RPS3,P23396,0,0,0,0,1,0,0,0
7353,UFD1L,Q92890,0,0,0,0,1,0,0,0
92675,DTD1,Q8TEA8,0,0,0,0,1,0,0,0
3476,IGBP1,P78318,0,0,0,0,1,0,0,0
8349,HIST2H2BE,Q16778,0,0,0,0,1,0,0,0
10994,ILVBL,A1L0T0,0,0,0,0,1,0,0,0
23080,AVL9,Q8NBF6,0,0,0,0,1,0,0,0
9551,ATP5J2,P56134,0,0,0,0,1,0,0,0
347733,TUBB2B,Q9BVA1,0,0,0,0,1,0,0,0
10383,TUBB4B,P68371,0,0,0,0,1,0,0,0
115827,RAB3C,Q96E17,0,1,0,0,1,0,0,0
1973,EIF4A1,P60842,0,0,0,0,1,0,0,0
5912,RAP2B,P61225,0,0,0,0,1,0,0,0
613,BCR,P11274,0,0,0,0,1,0,0,0
386617,KCTD8,Q6ZWB6,0,0,0,0,1,0,0,0
2931,GSK3A,P49840,0,0,0,0,1,0,0,0
231,AKR1B1,P15121,0,0,0,0,1,0,0,0
1459,CSNK2A2,P19784,0,0,0,0,1,0,0,0
23228,PLCL2,Q9UPR0,0,0,0,0,1,0,0,0
5906,RAP1A,P62834,1,0,0,0,1,0,0,0
6801,STRN,O43815,0,0,0,0,1,0,0,0
2977,GUCY1A2,P33402,0,0,0,0,1,0,0,0
11188,NISCH,Q9Y2I1,0,0,0,0,1,0,0,0
51566,ARMCX3,Q9UH62,0,0,0,0,1,0,0,0
64145,RBSN,Q9H1K0,0,0,0,0,1,0,0,0
3991,LIPE,Q05469,0,0,0,0,1,0,0,0
57609,DIP2B,Q9P265,0,0,0,0,1,0,0,0
83451,ABHD11,Q8NFV4,0,0,0,0,1,0,0,0
64122,FN3K,Q9H479,0,0,0,0,1,0,0,0
51555,PEX5L,Q8IYB4,0,0,0,0,1,0,0,0
55157,DARS2,Q6PI48,0,0,0,0,1,0,0,0
5122,PCSK1,P29120,0,0,0,0,1,0,0,0
51377,UCHL5,Q9Y5K5,0,0,0,0,1,0,0,0
10300,KATNB1,Q9BVA0,0,0,0,0,1,0,0,0
7265,TTC1,Q99614,0,0,0,0,1,0,0,0
23108,RAP1GAP2,Q684P5,0,0,0,0,1,0,0,0
91452,ACBD5,Q5T8D3,0,0,0,0,1,0,0,0
11047,ADRM1,Q16186,0,0,0,0,1,0,0,0
3959,LGALS3BP,Q08380,0,0,0,0,1,0,0,0
6652,SORD,Q00796,0,0,0,0,1,0,0,0
644,BLVRA,P53004,0,0,0,0,1,0,0,0
159,ADSS,P30520,0,0,0,0,1,0,0,0
9927,MFN2,O95140,0,0,0,0,1,0,0,0
23380,SRGAP2,O75044,0,0,0,0,1,0,0,0
10419,PRMT5,O14744,0,0,0,0,1,0,0,0
9600,PITPNM1,O00562,0,0,0,0,1,0,0,0
58473,PLEKHB1,Q9UF11,0,0,0,0,1,0,0,0
54704,PDP1,Q9P0J1,0,0,0,0,1,0,0,0
388662,SLC6A17,Q9H1V8,0,0,0,0,1,0,0,0
81873,ARPC5L,Q9BPX5,0,0,0,0,1,0,0,0
93377,OPALIN,Q96PE5,0,0,0,0,1,0,0,0
199731,CADM4,Q8NFZ8,0,0,0,0,1,0,0,0
112724,RDH13,Q8NBN7,0,0,0,0,1,0,0,0
10654,PMVK,Q15126,0,0,0,0,1,0,0,0
9685,CLINT1,Q14677,0,0,0,0,1,0,0,0
5562,PRKAA1,Q13131,0,0,0,0,1,0,0,0
53938,PPIL3,Q9H2H8,0,0,0,0,1,0,0,0
28970,C11orf54,Q9H0W9,0,0,0,0,1,0,0,0
321,APBA2,Q99767,0,0,0,0,1,0,0,0
84833,USMG5,Q96IX5,0,0,0,0,1,0,0,0
51011,FAHD2A,Q96GK7,0,0,0,0,1,0,0,0
27248,ERLEC1,Q96DZ1,0,0,0,0,1,0,0,0
90488,TMEM263,Q8WUH6,0,0,0,0,1,0,0,0
127281,FAM213B,Q8TBF2,0,0,0,0,1,0,0,0
23373,CRTC1,Q6UUV9,0,0,0,0,1,0,0,0
57019,CIAPIN1,Q6FI81,0,0,0,0,1,0,0,0
4698,NDUFA5,Q16718,0,0,1,0,1,0,1,1
10728,PTGES3,Q15185,0,0,1,0,1,0,0,1
5445,PON2,Q15165,0,0,0,0,1,0,0,0
2593,GAMT,Q14353,0,0,0,0,1,0,0,0
4507,MTAP,Q13126,0,0,0,0,1,0,0,0
23203,PMPCA,Q10713,0,0,0,0,1,0,0,0
6613,SUMO2,P61956,0,0,0,0,1,0,0,0
53822,FXYD7,P58549,0,0,0,0,1,0,0,0
136319,MTPN,P58546,0,0,0,0,1,0,0,0
10247,HRSP12,P52758,0,0,0,0,1,0,0,0
6232,RPS27,P42677,0,0,0,0,1,0,0,0
513,ATP5D,P30049,0,0,0,0,1,0,0,0
205,AK4,P27144,0,0,0,0,1,0,0,0
2286,FKBP2,P26885,0,0,0,0,1,0,0,0
1340,COX6B1,P14854,0,0,0,0,1,0,0,0
6181,RPLP2,P05387,0,0,0,0,1,0,0,0
4540,ND5,P03915,0,1,0,0,1,0,0,0
3514,IGKC,P01834,0,0,0,0,1,0,0,0
9143,SYNGR3,O43761,0,0,0,1,1,0,0,0
9145,SYNGR1,O43759,0,1,0,0,1,0,0,0
6386,SDCBP,O00560,0,0,0,0,1,0,0,0
4728,NDUFS8,O00217,0,0,0,0,1,0,0,0
10236,HNRNPR,O43390,0,0,0,0,1,0,0,0
727957,MROH1,Q8NDA8,0,0,0,0,1,0,0,0
30001,ERO1A,Q96HE7,0,0,0,0,1,0,0,0
192683,SCAMP5,Q8TAC9,0,0,0,0,1,0,0,0
7781,SLC30A3,Q99726,0,0,0,0,1,0,0,0
5877,RABIF,P47224,0,0,0,0,1,0,0,0
817,CAMK2D,Q13557,0,0,1,1,1,0,0,1
56776,FMN2,Q9NZ56,0,0,0,0,1,0,0,0
84966,IGSF21,Q96ID5,0,0,0,0,1,0,0,0
5786,PTPRA,P18433,0,0,0,0,1,0,0,0
2182,ACSL4,O60488,0,0,0,0,1,0,0,0
25769,SLC24A2,Q9UI40,0,1,0,0,1,0,0,0
10105,PPIF,P30405,0,0,0,0,1,0,0,0
5265,SERPINA1,P01009,0,0,0,0,1,0,0,0
4697,NDUFA4,O00483,0,0,1,0,1,0,0,1
7164,TPD52L1,Q16890,0,0,0,0,1,0,0,0
9554,SEC22B,O75396,0,1,1,0,1,0,0,1
4712,NDUFB6,O95139,0,0,0,0,1,0,0,0
25830,SULT4A1,Q9BR01,0,0,0,0,1,0,0,0
3074,HEXB,P07686,0,0,0,0,1,0,0,0
4659,PPP1R12A,O14974,0,0,0,0,1,0,0,0
113146,AHNAK2,Q8IVF2,0,0,0,0,1,0,0,0
7381,UQCRB,P14927,0,0,0,0,1,0,0,0
11313,LYPLA2,O95372,0,0,0,0,1,0,0,0
586,BCAT1,P54687,1,0,0,0,1,0,0,0
9826,ARHGEF11,O15085,0,0,0,0,1,0,0,0
1728,NQO1,P15559,0,0,0,0,1,0,0,0
148014,TTC9B,Q8N6N2,0,0,0,0,1,0,0,0
6867,TACC1,O75410,0,0,0,0,1,0,0,0
10627,MYL12A,P19105,0,0,0,0,1,0,0,0
5238,PGM3,O95394,0,0,0,0,1,0,0,0
79885,HDAC11,Q96DB2,0,0,0,0,1,0,0,0
128866,CHMP4B,Q9H444,0,0,0,0,1,0,0,0
10016,PDCD6,O75340,0,0,0,0,1,0,0,0
11336,EXOC3,O60645,0,0,0,0,1,0,0,0
5714,PSMD8,P48556,0,0,0,0,1,0,0,0
51382,ATP6V1D,Q9Y5K8,0,0,0,0,1,0,0,0
9491,PSMF1,Q92530,0,0,0,0,1,0,0,0
5871,MAP4K2,Q12851,0,0,0,0,1,0,0,0
6238,RRBP1,Q9P2E9,0,0,0,0,1,0,0,0
738,VPS51,Q9UID3,0,0,0,0,1,0,0,0
51218,GLRX5,Q86SX6,0,0,0,0,1,0,0,0
9253,NUMBL,Q9Y6R0,0,0,0,0,1,0,0,0
113263,GLCCI1,Q86VQ1,0,0,0,0,1,0,0,0
10160,FARP1,Q9Y4F1,0,0,0,0,1,0,0,0
84245,MRI1,Q9BV20,0,0,0,0,1,0,0,0
23041,MON2,Q7Z3U7,0,0,0,0,1,0,0,0
114569,MAL2,Q969L2,0,0,0,0,1,0,0,0
221692,PHACTR1,Q9C0D0,0,0,0,0,1,0,0,0
55754,TMEM30A,Q9NV96,0,0,0,0,1,0,0,0
22931,RAB18,Q9NP72,0,1,0,0,1,0,0,0
23412,COMMD3,Q9UBI1,0,0,0,0,1,0,0,0
2885,GRB2,P62993,0,0,0,0,1,0,0,0
9114,ATP6V0D1,P61421,0,0,0,0,1,0,0,0
26230,TIAM2,Q8IVF5,0,0,0,0,1,0,0,0
54414,SIAE,Q9HAT2,0,0,0,0,1,0,0,0
23787,MTCH1,Q9NZJ7,0,0,0,0,1,0,0,0
23092,ARHGAP26,Q9UNA1,0,0,0,0,1,0,0,0
55684,RABL6,Q3YEC7,0,0,0,0,1,0,0,0
10972,TMED10,P49755,0,0,0,0,1,0,0,0
667,DST,Q03001,0,0,0,0,1,0,0,0
5870,RAB6A,P20340,0,0,0,0,1,0,0,0
7260,TSSC1,Q53HC9,0,0,0,0,1,0,0,0
54585,LZTFL1,Q9NQ48,0,0,0,0,1,0,0,0
10587,TXNRD2,Q9NNW7,0,0,0,0,1,0,0,0
10452,TOMM40,O96008,1,0,0,0,1,0,0,0
5609,MAP2K7,O14733,0,0,0,0,1,0,0,0
25801,GCA,P28676,0,0,0,0,1,0,0,0
51429,SNX9,Q9Y5X1,0,0,0,0,1,0,0,0
56061,UBFD1,O14562,0,0,0,0,1,0,0,0
5692,PSMB4,P28070,0,0,0,0,1,0,0,0
788,SLC25A20,O43772,0,0,0,0,1,0,0,0
55823,VPS11,Q9H270,0,0,0,0,1,0,0,0
25758,KIAA1549L,Q6ZVL6,0,0,0,0,1,0,0,0
22883,CLSTN1,O94985,0,0,0,0,1,0,0,0
23065,EMC1,Q8N766,0,0,0,0,1,0,0,0
23729,SHPK,Q9UHJ6,0,0,0,0,1,0,0,0
2770,GNAI1,P63096,0,0,1,0,1,0,0,1
9342,SNAP29,O95721,0,0,0,0,1,0,0,0
25978,CHMP2B,Q9UQN3,0,0,0,0,1,0,0,0
6786,STIM1,Q13586,0,0,0,0,1,0,0,0
10529,NEBL,O76041,0,0,0,0,1,0,0,0
56848,SPHK2,Q9NRA0,0,0,0,0,1,0,0,0
5718,PSMD12,O00232,0,0,0,0,1,0,0,0
51,ACOX1,Q15067,0,0,0,0,1,0,0,0
55740,ENAH,Q8N8S7,0,0,0,0,1,0,0,0
6059,ABCE1,P61221,0,0,0,0,1,0,0,0
7389,UROD,P06132,0,0,0,0,1,0,0,0
285368,PRRT3,Q5FWE3,0,0,0,0,1,0,0,0
23332,CLASP1,Q7Z460,0,0,0,0,1,0,0,0
5818,PVRL1,Q15223,0,0,0,0,1,0,0,0
23564,DDAH2,O95865,0,0,0,0,1,0,0,0
8294,HIST1H4I,P62805,0,0,0,0,1,0,0,0
7323,UBE2D3,P61077,0,0,0,0,1,0,0,0
87178,PNPT1,Q8TCS8,0,0,0,0,1,0,0,0
80349,WDR61,Q9GZS3,0,0,0,0,1,0,0,0
55004,LAMTOR1,Q6IAA8,0,0,0,0,1,0,0,0
57222,ERGIC1,Q969X5,0,0,0,0,1,0,0,0
10226,PLIN3,O60664,0,0,0,0,1,0,0,0
56947,MFF,Q9GZY8,0,0,0,0,1,0,0,0
5537,PPP6C,O00743,0,0,0,0,1,0,0,0
55335,NIPSNAP3B,Q9BS92,0,0,0,0,1,0,0,0
114789,SLC25A25,Q6KCM7,0,0,0,0,1,0,0,0
492,ATP2B3,Q16720,0,0,0,0,1,0,0,0
6844,VAMP2,P63027,0,0,1,0,1,0,0,1
94056,SYAP1,Q96A49,0,0,0,0,1,0,0,0
65082,VPS33A,Q96AX1,0,0,0,0,1,0,0,0
10075,HUWE1,Q7Z6Z7,0,0,0,0,1,0,0,0
5372,PMM1,Q92871,0,0,0,0,1,0,0,0
534,ATP6V1G2,O95670,0,0,0,0,1,0,0,0
3151,HMGN2,P05204,0,0,0,0,1,0,0,0
5547,PRCP,P42785,0,0,0,0,1,0,0,0
2316,FLNA,P21333,0,0,0,0,1,0,0,0
10469,TIMM44,O43615,0,0,0,0,1,0,0,0
116841,SNAP47,Q5SQN1,0,0,0,0,1,0,0,0
2937,GSS,P48637,0,0,0,0,1,0,0,0
7514,XPO1,O14980,0,0,0,0,1,0,0,0
10768,AHCYL1,O43865,0,0,0,0,1,0,0,0
348,APOE,P02649,1,1,0,0,1,0,0,0
3094,HINT1,P49773,1,0,0,0,1,0,0,0
51412,ACTL6B,O94805,0,0,0,0,1,0,0,0
5599,MAPK8,P45983,0,0,0,0,1,0,0,0
8898,MTMR2,Q13614,0,0,0,0,1,0,0,0
23096,IQSEC2,Q5JU85,0,0,0,0,1,0,0,0
3895,KTN1,Q86UP2,0,0,0,0,1,0,0,0
10061,ABCF2,Q9UG63,0,0,0,0,1,0,0,0
27316,RBMX,P38159,0,0,0,0,1,0,0,0
8646,CHRD,Q9H2X0,0,0,0,0,1,0,0,0
23500,DAAM2,Q86T65,0,0,0,0,1,0,0,0
56829,ZC3HAV1,Q7Z2W4,0,0,0,0,1,0,0,0
8065,CUL5,Q93034,0,0,0,0,1,0,0,0
5825,ABCD3,P28288,0,0,0,0,1,0,0,0
84816,RTN4IP1,Q8WWV3,0,0,0,0,1,0,0,0
55198,APPL2,Q8NEU8,0,0,0,0,1,0,0,0
26092,TOR1AIP1,Q5JTV8,0,0,0,0,1,0,0,0
124454,EARS2,Q5JPH6,0,0,0,0,1,0,0,0
11333,PDAP1,Q13442,0,0,0,0,1,0,0,0
8237,USP11,P51784,0,0,0,0,1,0,0,0
5905,RANGAP1,P46060,0,0,0,0,1,0,0,0
5494,PPM1A,P35813,0,0,0,0,1,0,0,0
6136,RPL12,P30050,0,0,0,0,1,0,0,0
22905,EPN2,O95208,0,0,0,0,1,0,0,0
9149,DYRK1B,Q9Y463,0,0,0,0,1,0,0,0
7511,XPNPEP1,Q9NQW7,0,0,0,0,1,0,0,0
79611,ACSS3,Q9H6R3,0,0,0,0,1,0,0,0
28992,MACROD1,Q9BQ69,0,0,0,0,1,0,0,0
157807,CLVS1,Q8IUQ0,0,0,0,0,1,0,0,0
1891,ECH1,Q13011,0,0,0,0,1,0,0,0
6396,SEC13,P55735,0,0,0,0,1,0,0,0
50855,PARD6A,Q9NPB6,0,0,0,0,1,0,0,0
57348,TTYH1,Q9H313,0,0,0,0,1,0,0,0
84056,KATNAL1,Q9BW62,0,0,0,0,1,0,0,0
79877,DCAKD,Q8WVC6,0,0,0,0,1,0,0,0
129285,PPP1R21,Q6ZMI0,0,0,0,0,1,0,0,0
7965,AIMP2,Q13155,0,0,0,0,1,0,0,0
6636,SNRPF,P62306,0,0,0,0,1,0,0,0
23647,ARFIP2,P53365,0,0,0,0,1,0,0,0
928,CD9,P21926,0,0,0,0,1,0,0,0
7846,TUBA1A,Q71U36,0,0,0,0,1,1,1,0
60,ACTB,P60709,0,0,0,0,1,1,0,0
3045,HBD,P02042,0,0,0,0,1,0,0,0
6710,SPTB,P11277,0,0,1,0,1,0,0,1
874,CBR3,O75828,0,0,0,0,1,0,0,0
4831,NME2,P22392,0,0,0,0,1,0,0,0
3187,HNRNPH1,P31943,0,0,0,0,1,0,0,0
8775,NAPA,P54920,0,0,0,0,1,0,0,0
10890,RAB10,P61026,0,0,1,0,1,0,0,1
11021,RAB35,Q15286,0,0,0,0,1,0,0,0
83733,SLC25A18,Q9H1K4,0,0,0,0,1,0,0,0
4139,MARK1,Q9P0L2,0,0,0,0,1,0,0,0
144402,CPNE8,Q86YQ8,0,0,0,0,1,0,0,0
8546,AP3B1,O00203,0,0,0,0,1,0,0,0
23191,CYFIP1,Q7L576,0,0,0,0,1,0,0,0
2771,GNAI2,P04899,0,0,0,0,1,0,0,0
5868,RAB5A,P20339,0,0,0,0,1,0,0,0
131034,CPNE4,Q96A23,0,0,0,0,1,0,0,0
9043,SPAG9,O60271,0,0,0,0,1,0,0,0
4638,MYLK,Q15746,0,0,0,0,1,0,0,0
23066,CAND2,O75155,0,0,0,0,1,0,0,0
83858,ATAD3B,Q5T9A4,0,0,0,0,1,0,0,0
5756,TWF1,Q12792,0,0,0,0,1,0,0,0
9885,OSBPL2,Q9H1P3,0,0,0,0,1,0,0,0
221184,CPNE2,Q96FN4,0,0,0,0,1,0,0,0
2949,GSTM5,P46439,0,0,0,0,1,0,0,0
140465,MYL6B,P14649,0,0,0,0,1,0,0,0
9351,SLC9A3R2,Q15599,0,0,0,0,1,0,0,0
6470,SHMT1,P34896,0,0,0,0,1,0,0,0
333926,PPM1J,Q5JR12,0,0,0,0,1,0,0,0
10492,SYNCRIP,O60506,0,0,0,0,1,0,0,0
5869,RAB5B,P61020,0,0,0,0,1,0,0,0
3268,AGFG2,O95081,0,0,0,0,1,0,0,0
2180,ACSL1,P33121,0,0,0,0,1,0,0,0
224,ALDH3A2,P51648,0,0,0,0,1,0,0,0
1113,CHGA,P10645,0,0,0,0,1,0,0,0
23071,ERP44,Q9BS26,0,0,0,0,1,0,0,0
55607,PPP1R9A,Q9ULJ8,0,0,0,0,1,0,0,0
8650,NUMB,P49757,0,0,0,0,1,0,0,0
23760,PITPNB,P48739,0,0,0,0,1,0,0,0
64225,ATL2,Q8NHH9,0,0,0,0,1,0,0,0
345778,MTX3,Q5HYI7,0,0,0,0,1,0,0,0
10146,G3BP1,Q13283,0,0,0,0,1,0,0,0
7402,UTRN,P46939,0,0,0,0,1,0,0,0
7798,LUZP1,Q86V48,0,0,0,0,1,0,0,0
2475,MTOR,P42345,0,1,1,0,1,0,0,0
150726,FBXO41,Q8TF61,0,0,0,0,1,0,0,0
23513,SCRIB,Q14160,0,0,0,0,1,0,0,0
3685,ITGAV,P06756,0,0,0,0,1,0,0,0
54862,CC2D1A,Q6P1N0,0,0,0,0,1,0,0,0
153090,DAB2IP,Q5VWQ8,0,0,0,0,1,0,0,0
9897,KIAA0196,Q12768,0,0,0,0,1,0,0,0
32,ACACB,O00763,0,0,0,0,1,0,0,0
23078,VWA8,A3KMH1,0,0,0,0,1,0,0,0
57617,VPS18,Q9P253,0,0,0,0,1,0,0,0
9254,CACNA2D2,Q9NY47,0,0,0,0,1,0,0,0
57605,PITPNM2,Q9BZ72,0,0,0,0,1,0,0,0
126298,IRGQ,Q8WZA9,0,0,0,0,1,0,0,0
25973,PARS2,Q7L3T8,0,0,0,0,1,0,0,0
57221,ARFGEF3,Q5TH69,0,0,0,0,1,0,0,0
4915,NTRK2,Q16620,0,0,0,0,1,0,0,0
7249,TSC2,P49815,0,0,0,0,1,0,0,0
23277,CLUH,O75153,0,0,0,0,1,0,0,0
85358,SHANK3,Q9BYB0,0,0,1,0,1,0,0,1
64210,MMS19,Q96T76,0,0,0,0,1,0,0,0
1374,CPT1A,P50416,0,0,0,0,1,0,0,0
6509,SLC1A4,P43007,0,0,0,0,1,0,0,0
5335,PLCG1,P19174,0,0,0,0,1,0,0,0
25885,POLR1A,O95602,0,0,0,0,1,0,0,0
9229,DLGAP1,O14490,0,0,0,0,1,0,0,0
11276,SYNRG,Q9UMZ2,0,0,0,0,1,0,0,0
54495,TMX3,Q96JJ7,0,0,0,0,1,0,0,0
8801,SUCLG2,Q96I99,0,0,0,0,1,0,0,0
91782,CHMP7,Q8WUX9,0,0,0,0,1,0,0,0
5289,PIK3C3,Q8NEB9,0,0,0,0,1,0,0,0
8887,TAX1BP1,Q86VP1,0,0,0,0,1,0,0,0
9690,UBE3C,Q15386,0,0,0,0,1,0,0,0
7841,MOGS,Q13724,0,0,0,0,1,0,0,0
8454,CUL1,Q13616,0,0,0,0,1,0,0,0
2982,GUCY1A3,Q02108,0,0,0,0,1,0,0,0
3696,ITGB8,P26012,0,0,0,0,1,0,0,0
5921,RASA1,P20936,0,0,0,0,1,0,0,0
4691,NCL,P19338,0,0,0,0,1,0,0,0
9568,GABBR2,O75899,1,0,0,0,1,0,0,0
9743,ARHGAP32,A7KAX9,0,0,0,0,1,0,0,0
23637,RABGAP1,Q9Y3P9,0,0,0,0,1,0,0,0
50813,COPS7A,Q9UBW8,0,0,0,0,1,0,0,0
55233,MOB1A,Q9H8S9,0,0,0,0,1,0,0,0
80728,ARHGAP39,Q9C0H5,0,0,0,0,1,0,0,0
51102,MECR,Q9BV79,0,0,0,0,1,0,0,0
80262,C16orf70,Q9BSU1,0,0,0,0,1,0,0,0
8831,SYNGAP1,Q96PV0,0,1,1,0,1,0,0,1
22843,PPM1E,Q8WY54,0,0,0,0,1,0,0,0
196403,DTX3,Q8N9I9,0,0,0,0,1,0,0,0
493856,CISD2,Q8N5K1,0,0,0,0,1,0,0,0
56262,LRRC8A,Q8IWT6,0,0,0,0,1,0,0,0
10350,ABCA9,Q8IUA7,0,0,0,0,1,0,0,0
282974,STK32C,Q86UX6,0,0,0,0,1,0,0,0
2048,EPHB2,P29323,0,0,0,0,1,0,0,0
23190,UBXN4,Q92575,0,0,0,0,1,0,0,0
59283,CACNG8,Q8WXS5,0,0,0,0,1,0,0,0
55262,C7orf43,Q8WVR3,0,0,0,0,1,0,0,0
80301,PLEKHO2,Q8TD55,0,0,0,0,1,0,0,0
160760,PPTC7,Q8NI37,0,0,0,0,1,0,0,0
220717,RPLP0P6,Q8NHW5,0,0,0,0,1,0,0,0
374354,NHLRC2,Q8NBF2,0,0,0,0,1,0,0,0
79605,PGBD5,Q8N414,0,0,0,0,1,0,0,0
10498,CARM1,Q86X55,0,0,0,0,1,0,0,0
92335,STRADA,Q7RTN6,0,0,0,0,1,0,0,0
93100,NAPRT,Q6XQN6,0,0,0,0,1,0,0,0
388552,BLOC1S3,Q6QNY0,0,0,0,0,1,0,0,0
200186,CRTC2,Q53ET0,0,0,0,0,1,0,0,0
6856,SYPL1,Q16563,0,0,0,0,1,0,0,0
10953,TOMM34,Q15785,0,0,0,0,1,0,0,0
7536,SF1,Q15637,0,0,0,0,1,0,0,0
7706,TRIM25,Q14258,0,0,0,0,1,0,0,0
9610,RIN1,Q13671,0,0,0,0,1,0,0,0
55697,VAC14,Q08AM6,0,0,0,0,1,0,0,0
6130,RPL7A,P62424,0,0,0,0,1,0,0,0
382,ARF6,P62330,0,0,0,0,1,0,0,0
6576,SLC25A1,P53007,0,0,0,0,1,0,0,0
6611,SMS,P52788,0,0,0,0,1,0,0,0
4199,ME1,P48163,1,0,0,0,1,0,0,0
5780,PTPN9,P43378,0,0,0,0,1,0,0,0
5269,SERPINB6,P35237,0,0,0,0,1,0,0,0
6529,SLC6A1,P30531,1,0,0,0,1,0,0,0
5696,PSMB8,P28062,0,0,0,0,1,0,0,0
8834,TMEM11,P17152,0,0,0,0,1,0,0,0
653689,GSTT2B,P0CG30,0,0,0,0,1,0,0,0
3688,ITGB1,P05556,0,0,0,0,1,0,0,0
3118,HLA-DQA2,P01906,0,0,0,0,1,0,0,0
9567,GTPBP1,O00178,0,0,0,0,1,0,0,0
23192,ATG4B,Q9Y4P1,0,0,0,0,1,0,0,0
51004,COQ6,Q9Y2Z9,0,0,0,0,1,0,0,0
5303,PIN4,Q9Y237,0,0,0,0,1,0,0,0
9479,MAPK8IP1,Q9UQF2,0,0,0,0,1,0,0,0
23549,DNPEP,Q9ULA0,0,0,0,0,1,0,0,0
55573,CDV3,Q9UKY7,0,0,0,0,1,0,0,0
27034,ACAD8,Q9UKU7,0,0,0,0,1,0,0,0
51155,HN1,Q9UK76,0,0,0,0,1,0,0,0
51451,LCMT1,Q9UIC8,0,0,0,0,1,0,0,0
27122,DKK3,Q9UBP4,0,0,0,0,1,0,0,0
55970,GNG12,Q9UBI6,0,0,0,0,1,0,0,0
23732,FRRS1L,Q9P0K9,0,0,0,0,1,0,0,0
29086,BABAM1,Q9NWV8,0,0,0,0,1,0,0,0
55156,ARMC1,Q9NVT9,0,0,0,0,1,0,0,0
56474,CTPS2,Q9NRF8,0,0,0,0,1,0,0,0
57704,GBA2,Q9HCG7,0,0,0,0,1,0,0,0
80164,PRR36,Q9H6K5,0,0,0,0,1,0,0,0
56255,TMX4,Q9H1E5,0,0,0,0,1,0,0,0
84233,TMEM126A,Q9H061,0,0,0,0,1,0,0,0
27440,CECR5,Q9BXW7,0,0,0,0,1,0,0,0
23786,BCL2L13,Q9BXK5,0,0,0,0,1,0,0,0
65991,FUNDC2,Q9BWH2,0,0,0,0,1,0,0,0
11235,PDCD10,Q9BUL8,0,0,0,0,1,0,0,0
10844,TUBGCP2,Q9BSJ2,0,0,0,0,1,0,0,0
51204,TACO1,Q9BSH4,0,0,0,0,1,0,0,0
6391,SDHC,Q99643,0,0,0,0,1,0,0,0
91663,MYADM,Q96S97,0,1,0,0,1,0,0,0
116988,AGAP3,Q96P47,0,0,0,0,1,0,0,0
84321,THOC3,Q96J01,0,0,0,0,1,0,0,0
7803,PTP4A1,Q93096,0,0,0,0,1,0,0,0
5799,PTPRN2,Q92932,0,0,0,0,1,0,0,0
7464,CORO2A,Q92828,0,0,0,0,1,0,0,0
23446,SLC44A1,Q8WWI5,0,0,0,0,1,0,0,0
57599,WDR48,Q8TAF3,0,0,0,0,1,0,0,0
25870,SUMF2,Q8NBJ7,0,0,0,0,1,0,0,0
414149,ACBD7,Q8N6N7,0,0,0,0,1,0,0,0
58497,PRUNE,Q86TP1,0,0,0,0,1,0,0,0
25851,TECPR1,Q7Z6L1,0,0,0,0,1,0,0,0
56267,CCBL2,Q6YP21,0,0,0,0,1,0,0,0
133121,ENPP6,Q6UWR7,0,0,0,0,1,0,0,0
57707,TLDC1,Q6P9B6,0,0,0,0,1,0,0,0
64342,HS1BP3,Q53T59,0,0,0,0,1,0,0,0
441518,FAM127C,Q17RB0,0,0,0,0,1,0,0,0
5529,PPP2R5E,Q16537,0,0,0,0,1,0,0,0
10454,TAB1,Q15750,0,0,0,0,1,0,0,0
23395,LARS2,Q15031,0,0,0,0,1,0,0,0
9100,USP10,Q14694,0,0,0,0,1,0,0,0
2712,GK2,Q14410,0,0,0,0,1,0,0,0
2824,GPM6B,Q13491,0,1,0,0,1,0,0,0
663,BNIP2,Q12982,0,0,0,0,1,0,0,0
1762,DMWD,Q09019,0,0,0,0,1,0,0,0
84335,AKT1S1,Q96B36,0,0,0,0,1,0,0,0
114971,PTPMT1,Q8WUK0,0,0,0,0,1,0,0,0
84364,ARFGAP2,Q8N6H7,0,0,0,0,1,0,0,0
283578,TMED8,Q6PL24,0,0,0,0,1,0,0,0
10322,SMYD5,Q6GMV2,0,0,0,0,1,0,0,0
284361,EMC10,Q5UCC4,0,0,0,0,1,0,0,0
285148,IAH1,Q2TAA2,0,0,0,0,1,0,0,0
9104,RGN,Q15493,0,0,0,0,1,0,0,0
9804,TOMM20,Q15388,0,1,0,0,1,0,0,0
6921,TCEB1,Q15369,0,0,0,0,1,0,0,0
10457,GPNMB,Q14956,0,0,0,0,1,0,0,0
1605,DAG1,Q14118,0,0,0,0,1,0,0,0
950,SCARB2,Q14108,0,0,0,0,1,0,0,0
5471,PPAT,Q06203,0,0,0,0,1,0,0,0
7905,REEP5,Q00765,0,0,0,0,1,0,0,0
2785,GNG3,P63215,0,0,0,0,1,0,0,0
6169,RPL38,P63173,0,0,0,0,1,0,0,0
6993,DYNLT1,P63172,0,0,0,0,1,0,0,0
6632,SNRPD1,P62314,0,0,0,0,1,0,0,0
6635,SNRPE,P62304,0,0,0,0,1,0,0,0
6208,RPS14,P62263,0,0,0,0,1,0,0,0
51569,UFM1,P61960,0,0,0,0,1,0,0,0
5876,RABGGTB,P53611,0,0,0,0,1,0,0,0
27236,ARFIP1,P53367,0,0,0,0,1,0,0,0
5549,PRELP,P51888,0,0,0,0,1,0,0,0
3628,INPP1,P49441,0,0,0,0,1,0,0,0
997,CDC34,P49427,0,0,0,0,1,0,0,0
6119,RPA3,P35244,0,0,0,0,1,0,0,0
1854,DUT,P33316,0,0,0,0,1,0,0,0
527,ATP6V0C,P27449,0,1,0,0,1,0,0,0
52,ACP1,P24666,0,0,0,0,1,0,0,0
1312,COMT,P21964,0,0,0,0,1,0,0,0
5447,POR,P16435,0,0,0,0,1,0,0,0
960,CD44,P16070,0,0,0,0,1,0,0,0
1347,COX7A2,P14406,0,0,0,1,1,0,0,0
6738,TROVE2,P10155,0,0,0,0,1,0,0,0
97,ACYP1,P07311,0,0,0,0,1,0,0,0
6176,RPLP1,P05386,0,0,0,0,1,0,0,0
6285,S100B,P04271,0,0,0,0,1,0,0,0
4535,ND1,P03886,0,0,0,0,1,0,0,0
3493,IGHA1,P01876,0,0,0,0,1,0,0,0
12,SERPINA3,P01011,0,0,0,0,1,0,0,0
4508,ATP6,P00846,0,0,0,0,1,0,0,0
25796,PGLS,O95336,0,0,0,0,1,0,0,0
5010,CLDN11,O75508,0,0,0,0,1,0,0,0
79017,GGCT,O75223,0,0,0,0,1,0,0,0
57017,COQ9,O75208,0,0,0,0,1,0,0,0
51596,CUTA,O60888,0,0,0,0,1,0,0,0
8721,EDF1,O60869,0,0,0,0,1,0,0,0
10542,LAMTOR5,O43504,0,0,0,0,1,0,0,0
27089,UQCRQ,O14949,0,0,0,0,1,0,0,0
126393,HSPB6,O14558,0,0,0,0,1,0,0,0
729438,CASTOR2,A6NNH0,0,0,0,0,1,0,0,0
56181,MTFR1L,Q9H019,0,0,0,0,1,0,0,0
28989,NTMT1,Q9BV86,0,0,0,0,1,0,0,0
53918,PELO,Q9BRX2,0,0,0,0,1,0,0,0
7408,VASP,P50552,0,0,0,0,1,0,0,0
283450,HECTD4,Q9Y4D8,0,0,0,0,1,0,0,0
113026,PLCD3,Q8N3E9,0,0,0,0,1,0,0,0
26128,KIF1BP,Q96EK5,0,0,0,0,1,0,0,0
11022,TDRKH,Q9Y2W6,0,0,0,0,1,0,0,0
84959,UBASH3B,Q8TF42,0,0,0,0,1,0,0,0
2051,EPHB6,O15197,0,0,0,0,1,0,0,0
83955,NACA4P,Q9BZK3,0,0,0,0,1,0,0,0
8148,TAF15,Q92804,0,0,0,0,1,0,0,0
3984,LIMK1,P53667,0,0,0,0,1,0,0,0
51651,PTRH2,Q9Y3E5,0,0,0,0,1,0,0,0
345557,PLCXD3,Q63HM9,0,0,0,0,1,0,0,0
10960,LMAN2,Q12907,0,0,0,0,1,0,0,0
3840,KPNA4,O00629,0,0,0,0,1,0,0,0
127262,TPRG1L,Q5T0D9,0,0,0,0,1,0,0,0
140775,SMCR8,Q8TEV9,0,0,0,0,1,0,0,0
6521,SLC4A1,P02730,0,0,0,0,1,0,0,0
26115,TANC2,Q9HCD6,0,0,0,0,1,0,0,0
55914,ERBB2IP,Q96RT1,0,0,0,0,1,0,0,0
1956,EGFR,P00533,0,0,0,0,1,0,0,0
1795,DOCK3,Q8IZD9,0,0,0,0,1,0,0,0
1445,CSK,P41240,0,0,0,0,1,0,0,0
2549,GAB1,Q13480,0,0,0,0,1,0,0,0
483,ATP1B3,P54709,0,0,0,0,1,0,0,0
26088,GGA1,Q9UJY5,0,0,0,0,1,0,0,0
10388,SYCP2,Q9BX26,0,0,0,0,1,0,0,0
7094,TLN1,Q9Y490,0,0,0,0,1,0,0,0
2631,GBAS,O75323,0,0,0,0,1,0,0,0
8290,HIST3H3,Q16695,0,0,0,0,1,0,0,0
25940,FAM98A,Q8NCA5,0,0,0,0,1,0,0,0
1933,EEF1B2,P24534,0,0,0,0,1,0,0,0
29072,SETD2,Q9BYW2,0,0,0,0,1,0,0,0
54438,GFOD1,Q9NXC2,0,0,0,0,1,0,0,0
10767,HBS1L,Q9Y450,0,0,0,0,1,0,0,0
9946,CRYZL1,O95825,0,0,0,0,1,0,0,0
23474,ETHE1,O95571,0,0,0,0,1,0,0,0
400745,SH2D5,Q6ZV89,0,0,0,0,1,0,0,0
6311,ATXN2,Q99700,0,0,0,0,1,0,0,0
6513,SLC2A1,P11166,0,0,0,0,1,0,0,0
8036,SHOC2,Q9UQ13,0,0,0,0,1,0,0,0
3920,LAMP2,P13473,0,0,0,0,1,0,0,0
23205,ACSBG1,Q96GR2,0,0,0,0,1,0,0,0
10724,MGEA5,O60502,0,0,0,0,1,0,0,0
7512,XPNPEP2,O43895,0,0,0,0,1,0,0,0
2983,GUCY1B3,Q02153,0,0,0,0,1,0,0,0
84693,MCEE,Q96PE7,0,0,0,0,1,0,0,0
79896,THNSL1,Q8IYQ7,0,0,0,0,1,0,0,0
4696,NDUFA3,O95167,0,0,0,0,1,0,0,0
2665,GDI2,,0,0,0,0,0,1,0,0
308,ANXA5,,0,0,0,0,0,1,0,0
92399,MRRF,,0,0,0,0,0,1,0,0
396,ARHGDIA,,0,0,0,0,0,1,1,0
9615,GDA,,0,0,0,0,0,1,0,0
10015,PDCD6IP,,0,0,0,0,0,1,0,0
5019,OXCT1,,0,0,0,1,0,1,0,0
4817,NIT1,,1,0,0,0,0,0,0,0
5682,PSMA1,,1,0,1,0,0,0,0,1
2819,GPD1,,1,0,0,0,0,0,0,0
794,CALB2,,1,0,1,0,0,0,0,1
6843,VAMP1,,1,0,0,0,0,0,0,0
9522,SCAMP1,,1,1,0,0,0,0,0,0
11346,SYNPO,,1,0,0,0,0,0,0,0
22941,SHANK2,,1,0,0,0,0,0,0,0
50944,,,1,0,0,0,0,0,0,0
10675,CSPG5,,1,0,0,0,0,0,0,0
4340,MOG,,1,0,0,0,0,0,0,0
966,CD59,,1,0,0,0,0,0,0,0
134,ADORA1,,0,1,0,0,0,0,0,0
55102,ATG2B,,0,1,0,0,0,0,0,0
479,ATP12A,,0,1,0,0,0,0,0,0
493,ATP2B4,,0,1,0,0,0,0,0,0
9212,AURKB,,0,1,0,0,0,0,0,0
84303,CHCHD6,,0,1,0,0,0,0,0,0
54918,CMTM6,,0,1,0,0,0,0,0,0
28958,COA3,,0,1,0,0,0,0,0,0
1345,COX6C,,0,1,0,0,0,0,0,0
140690,CTCFL,,0,1,0,0,0,0,0,0
2554,GABRA1,,0,1,0,0,0,0,0,0
2670,GFAP,,0,1,0,0,0,0,1,0
2773,GNAI3,,0,1,0,0,0,0,0,0
54331,GNG2,,0,1,0,0,0,0,0,0
2861,GPR37,,0,1,0,0,0,0,0,0
2890,GRIA1,,0,1,1,0,0,0,0,1
2913,GRM3,,0,1,1,0,0,0,0,0
2944,GSTM1,,0,1,0,1,0,0,0,0
348980,HCN1,,0,1,0,0,0,0,0,0
7923,HSD17B8,,0,1,0,0,0,0,0,0
3708,ITPR1,,0,1,1,0,0,0,0,1
3785,KCNQ2,,0,1,0,0,0,0,0,0
3848,KRT1,,0,1,0,0,0,0,1,0
3858,KRT10,,0,1,0,0,0,0,1,0
3849,KRT2,,0,1,0,0,0,0,0,0
4054,LTBP3,,0,1,0,0,0,0,0,0
54996,2019-03-02 00:00:00,,0,1,0,0,0,0,0,0
4172,MCM3,,0,1,0,0,0,0,0,0
25902,MTHFD1L,,0,1,0,0,0,0,0,0
126328,NDUFA11,,0,1,0,0,0,0,0,0
9369,NRXN3,,0,1,0,0,0,0,0,0
55753,OGDHL,,0,1,0,0,0,0,0,0
51090,PLLP,,0,1,0,0,0,0,0,0
5621,PRNP,,0,1,0,0,0,0,0,0
5898,RALA,,0,1,1,0,0,0,0,1
6563,SLC14A1,,0,1,0,0,0,0,0,0
6512,SLC1A7,,0,1,0,0,0,0,0,0
219537,SMTNL1,,0,1,0,0,0,0,0,0
254863,TMEM256,,0,1,0,0,0,0,0,0
286262,TPRN,,0,1,0,0,0,0,0,0
11069,RAPGEF4,,0,0,1,0,0,0,0,1
2776,GNAQ,,0,0,1,0,0,0,0,1
5962,RDX,,0,0,1,0,0,0,0,1
9228,DLGAP2,,0,0,1,0,0,0,0,1
2912,GRM2,,0,0,1,0,0,0,0,1
3208,HPCA,,0,0,1,0,0,0,0,1
246213,SLC17A8,,0,0,1,0,0,0,0,1
387,RHOA,,0,0,1,0,0,0,0,1
23352,UBR4,,0,0,1,0,0,0,0,1
11258,DCTN3,,0,0,1,0,0,0,0,1
2903,GRIN2A,,0,0,1,0,0,0,0,1
9456,HOMER1,,0,0,1,0,0,0,0,1
388,RHOB,,0,0,1,0,0,0,0,1
2571,GAD1,,0,0,1,0,0,0,0,1
6708,SPTA1,,0,0,1,0,0,0,0,1
2892,GRIA3,,0,0,1,0,0,0,0,1
2893,GRIA4,,0,0,1,0,0,0,0,1
2891,GRIA2,,0,0,1,0,0,0,0,1
5532,PP3CB,,0,0,1,0,0,0,0,1
2769,GNA15,,0,0,1,0,0,0,0,0
5516,PPP2CB,,0,0,1,0,0,0,0,1
58512,DLGAP3,,0,0,1,0,0,0,0,1
2904,GRIN2B,,0,0,1,0,0,0,0,1
80318,GKAP1,,0,0,1,0,0,0,0,1
8997,KLRN,,0,0,1,0,0,0,0,1
5864,RAB3A,,0,0,1,1,0,0,0,1
5499,PPP1CA,,0,0,1,0,0,0,0,1
9379,NRXN2,,0,0,1,0,0,0,0,1
6093,ROCK1,,0,0,1,0,0,0,0,1
28227,PPP2R3B,,0,0,1,0,0,0,0,1
6262,RYR2,,0,0,1,0,0,0,0,1
375,ARF1,,0,0,1,0,0,0,0,1
286,ANK1,,0,0,1,0,0,0,0,1
3739,KCNA4,,0,0,1,0,0,0,0,1
2902,GRIN1,,0,0,1,0,0,0,0,1
5582,PRKCG,,0,0,1,0,0,0,0,1
2550,GABBR1,,0,0,1,0,0,0,0,1
8573,CASK,,0,0,1,0,0,0,0,1
9378,NRXN1,,0,0,1,0,0,0,0,1
5097,PCDH1,,0,0,1,0,0,0,0,1
1537,CYC1,,0,0,0,1,0,0,0,0
54205,CYCS,,0,0,0,1,0,0,0,0
5232,PGK2,,0,0,0,1,0,0,0,0
11034,DSTN,,0,0,0,1,0,0,0,0
302,ANXA2,,0,0,0,0,0,0,1,0
7414,VCL,,0,0,0,0,0,0,1,0
3857,KRT9,,0,0,0,0,0,0,1,0
84617,TUBB6,,0,0,0,0,0,0,1,0
253260,FRAP1,,0,0,0,0,0,0,0,1
100526833,SEPT5,,0,0,0,0,0,0,0,1
6543,NAC2,,0,0,0,0,0,0,0,1
2915,GRM5,,0,0,0,0,0,0,0,1
