entA,entB
273,8867
6455,8867
1759,273
1759,6455
1785,6455
1785,273
26052,273
26052,6455
1759,273
1605,7402
2923,811
26986,5094
26986,5093
6456,8867
10133,3064
22895,8573
3688,7529
1605,1605
1605,1605
26088,6272
351,9479
351,9479
30011,6455
30011,6457
2475,5170
2475,2475
7249,7534
7249,7532
7249,7529
7249,7534
53616,7534
7534,8745
53616,7534
7164,7534
7164,7529
3028,351
3028,351
3028,351
5825,5825
10484,9632
50855,998
50855,5879
50855,998
2280,2475
259217,4897
5799,9793
1956,966
815,87
6635,6635
6635,6636
529,534
10006,6708
10006,6708
5869,8411
5868,8411
5868,8411
7334,7335
7316,9146
7316,8027
7316,9146
7316,8027
7316,9146
7316,9146
1956,7534
26088,9135
9135,9135
26088,375
26088,9135
26088,9135
164,9135
2885,4133
2885,4133
2885,4133
28964,3064
1400,3064
1400,7431
1937,1937
1891,1937
1891,3064
10989,10989
3064,6457
3064,5217
4747,7431
6457,7431
7431,7431
10980,7431
4747,8898
5058,5879
2316,5567
34,34
2549,5781
10987,4282
10987,4282
4478,9368
274,8723
26088,9146
10987,7295
10987,7295
6453,998
6453,998
392,998
392,998
5499,8027
23228,5499
6867,9793
23513,9414
5802,5802
5786,5786
5789,5789
5799,5799
23647,382
23647,5879
23647,5879
23647,382
23647,5879
23647,23647
51429,8867
5682,5683
5683,5684
5683,5687
5689,5693
5684,5693
1759,273
1759,6456
1759,6453
1759,2885
1785,2885
1785,273
1785,6456
1785,6453
6311,6457
6311,6456
6455,6456
6456,6457
6456,6456
6455,6455
6457,6457
6455,6457
26986,6311
1933,1937
1936,1937
10093,81873
10574,1937
1937,998
1915,3336
1400,5050
1915,5050
1400,5717
1915,5717
1937,5802
1915,6176
6176,7280
7917,9804
10382,1937
5217,71
4354,509
10574,1400
1915,8655
1915,5217
1400,1936
1891,1937
1937,6613
1937,9446
1400,3336
1937,3735
4905,6176
2597,5050
5050,7280
5684,5687
1937,5717
2597,5717
5717,7280
293,7431
6616,6804
1743,7280
6456,71
1400,217
1937,375
6176,9551
10989,7917
10989,22948
1936,1936
2026,3098
2026,7277
1400,29924
10980,79641
2512,2512
10542,1915
10542,2597
10542,28964
1400,3187
1915,6453
23192,81631
10989,4715
1400,4729
10980,5050
1400,5216
5217,5413
2597,5052
10980,8575
8575,8575
10980,5717
5802,6613
5802,7280
6136,7277
6455,6457
6613,7431
5684,6636
10342,1400
10342,10342
1915,7114
10382,7018
7336,84966
217,84966
10574,509
4700,9551
3039,537
613,84966
10980,9377
1508,7917
10540,2775
1743,5217
10980,2010
2010,6456
2010,6457
2026,311
2026,4134
1783,2039
1743,2314
1915,55004
2771,7277
6457,9568
3039,3043
3315,84966
3315,5464
3320,3320
1743,4673
4715,6457
4738,7345
10989,25934
4905,65991
1891,5050
5050,6613
5050,84966
10980,9796
1915,9796
10397,9796
5717,6613
5717,84966
5217,5802
6421,6421
10980,6513
6804,7431
6853,6853
6853,7431
7114,84966
10382,8874
7431,7431
1213,51566
10989,51566
396,6457
25978,509
1956,509
56005,7917
25874,6176
8655,8655
1759,5303
10570,6457
2026,374291
23474,84966
2286,7917
55262,55262
11345,23192
3735,5048
293,3735
3857,6457
3897,8682
56267,5877
4140,527
4140,55823
4673,4673
4700,7917
3991,55968
5049,7203
5049,92609
79885,9796
4731,9796
10419,9796
5621,7917
10419,29789
5861,6624
11021,874
10542,5877
5217,5909
1400,57142
1743,23256
51155,6421
1314,8402
112476,6616
5303,6709
10273,4354
1639,5223
51412,57017
1759,92609
1785,5479
3309,56896
23136,84966
23474,51606
10236,2193
4673,79187
3039,4673
55229,8682
5127,7917
2632,5226
3178,9796
9796,9796
22924,5861
5713,5861
11021,3420
11021,5802
4747,5901
23558,55964
10382,57662
3688,3688
2534,2534
613,9414
1072,60
11235,8428
23265,9146
2947,2947
56474,56474
26060,55198
1073,60
3983,7431
60491,7431
60,60
5049,5050
1073,71
10313,5780
10152,7414
327,327
80318,9146
5704,5705
3190,3190
1072,71
71,71
60491,60491
10458,51517
11034,60
3735,7965
6455,6455
11135,998
23265,84816
149371,9146
2670,7431
5372,5870
5050,5050
84245,84245
11345,23786
327,79876
10313,57142
23157,4735
29979,29979
60,71
1936,1937
10982,60491
11345,79876
5050,91782
1933,1937
5682,7431
10982,10982
57142,8775
1398,5706
55577,55577
140885,23321
6652,6652
7360,7360
11034,71
443,443
5631,5631
10016,10016
10982,22924
29979,6782
27316,3190
2752,2752
3190,9444
29979,9146
10313,10313
2512,2512
5700,5708
5701,5711
216,216
8027,9146
387,392
4830,4830
3612,3612
6717,6717
1173,163
1956,2885
1956,7094
1956,53358
1956,5921
1956,5781
1956,5335
1956,8650
1956,9479
1398,1956
1956,26060
1956,9253
5566,7534
7163,7163
7163,7164
7163,7165
7164,7164
7164,7165
7165,7165
6093,6093
2697,7082
1973,1982
114569,7163
1742,2904
1742,2903
1742,2902
1742,3739
1742,2904
1742,2903
1742,3739
3190,9444
5094,9444
11047,29979
1155,7874
3420,6311
29979,80318
29979,29979
9444,9491
6311,87
26128,6311
6311,6457
6311,7917
6311,6456
5093,5094
5093,7360
3190,5093
5093,9444
5621,5684
5576,9590
6285,6285
1785,273
1785,6456
1785,2885
1785,6453
5413,55752
23176,5413
5413,55752
1956,1956
6513,6513
2534,5062
2885,5062
5062,8874
10580,5062
5062,8874
10580,5062
2885,5062
4905,9568
5527,5594
5621,5621
5621,5621
5621,5621
351,5621
1499,2010
6622,6622
10492,3184
3184,3184
3039,3043
3039,3043
3039,3043
3039,3043
3039,3043
387,396
3039,3043
23647,5879
7334,7336
396,5879
3039,3043
387,392
5160,5162
26088,9135
387,6093
5868,9135
3039,3043
6867,9793
11315,11315
5605,5605
506,64756
9131,9131
1739,491
491,9351
6993,6993
6708,6711
6708,6710
6709,6710
6709,6711
2932,4137
1020,4137
1509,3039
1509,351
10987,7345
3984,5062
5062,5062
5062,5062
3984,5062
6857,785
4130,785
1457,6711
5499,9212
4155,5594
53616,7529
53616,7534
10971,53616
2534,9743
10484,5129
10484,5127
10015,6456
10015,6455
10049,3312
2932,4137
5518,5527
5515,5518
7001,7295
5052,7295
1499,81
26060,26060
26060,5868
6285,6285
6285,6285
22941,5335
5335,85358
1398,23114
1398,8506
1398,1795
1398,18
10236,1398
1398,2316
1398,9826
1398,1785
1398,8724
1398,2550
1398,58512
1398,85358
1398,6000
1398,23136
1398,9229
1398,22941
1398,9228
1795,2534
2534,2571
2534,9228
2534,2550
10236,2534
2534,58512
2534,85358
2534,9826
2534,8506
2534,57142
2534,9054
23114,2534
2316,2534
2534,9229
23136,2534
2534,4659
2534,51517
2534,9793
2534,8724
2534,26052
1605,2534
2885,85358
2550,2885
2885,9229
10236,2885
2885,9228
1795,2885
2885,58512
2885,4638
22941,2885
2885,3151
2885,8646
2316,2885
2885,8506
1605,2885
2885,9826
2571,2885
1759,2885
2885,5530
287,2885
2885,8724
2885,9793
23114,2885
2885,5532
2885,7360
2885,9054
26275,2885
2885,5799
1742,2885
2885,8570
274,2885
5335,9826
5335,6000
22941,5335
5335,9793
2316,5335
5335,85358
4134,5335
5335,9229
5335,58512
11235,8428
6396,6396
1956,2885
1072,3984
7431,7431
7431,7431
1639,4137
1737,5162
1737,5162
8454,9040
5689,5693
5692,5693
2664,2794
2794,7803
9479,9479
10963,817
10135,2512
10135,4535
2017,5058
2017,5062
55968,7415
10273,4137
10273,3312
10273,3320
1759,274
10273,3312
10273,3320
3181,3181
351,351
351,351
3476,5515
3476,5516
3476,5537
7415,80700
7415,80700
10211,351
2931,4137
351,4137
351,4137
4137,4137
351,4137
1509,5594
2597,5594
2286,5911
1915,5911
5265,5911
2512,5911
10987,5605
10987,9097
2023,2885
2885,7018
2885,51596
1191,2885
2271,2885
2512,2885
2098,2885
10342,2885
2885,7249
2885,9948
3956,998
2286,5595
5213,5595
3337,4893
1915,4893
4893,6224
4893,6717
10617,128866
4830,58497
4830,4830
7316,8027
11171,4830
4830,4830
7323,93664
7334,93664
50488,5911
2549,5780
1973,7458
1973,7458
6786,6786
1499,2932
3612,3612
84245,84245
2752,2752
55611,7323
7334,7336
7334,7335
6640,7336
7336,9097
5050,63893
6136,63893
6224,63893
11345,63893
196403,7323
7323,7706
23321,7323
7334,7706
196403,7335
10617,8027
3064,6457
351,351
351,351
351,351
1785,2017
1785,2017
2947,2947
5700,5708
4830,60491
2947,2947
5700,5708
4830,60491
5062,8874
51466,6709
51466,6708
6708,7408
55740,6708
2534,4137
5058,8874
30011,7316
30011,7316
1072,3984
3984,5566
1956,1956
1956,1956
1956,1956
4137,7534
4137,7534
22919,667
351,351
23192,81631
23192,81631
23192,81631
351,847
5581,7534
5581,7534
5581,7534
5581,7534
408,5602
408,6416
4738,7316
7915,7915
7316,7316
7316,8078
10617,7316
29979,7316
1457,3800
1457,1459
1459,3800
1459,3800
6311,6456
6311,6457
388,4831
26227,388
388,396
1854,388
388,4130
8454,997
1445,1445
2597,5230
2597,2597
6622,6622
2273,5621
1267,5621
5621,5621
23192,81631
1399,59338
163,6453
7316,8027
10273,3312
10273,3326
10273,3326
10006,2534
10006,5921
10006,5335
10006,2885
10006,1399
10006,1398
382,9043
382,9043
375,9043
3837,3837
6622,6622
6622,6622
7415,7415
5062,5879
10458,7534
7531,9610
1956,2885
2549,5781
1956,6772
1956,6772
1956,5335
6772,6772
6772,6772
23513,5595
23513,5594
2273,5516
1759,1759
10419,8294
10243,8655
4684,4684
4684,4684
351,351
351,351
348,6767
11140,348
11140,7001
10724,11140
11140,3337
1020,11140
11140,351
396,998
10458,998
9826,998
408,998
23580,998
11135,998
114793,998
5058,998
5062,998
9743,998
5910,998
9349,998
6767,998
7316,998
2752,4540
10540,2885
2885,9229
25758,2885
2549,2885
2885,3190
2885,3309
2885,4130
2885,4627
2885,399687
2885,4691
10015,2885
25930,2885
2885,9743
2885,6506
2885,6711
10617,2885
282974,2885
2885,7316
2885,54521
147179,2885
10987,5605
136319,5594
29993,8522
29993,6711
29993,7171
5058,8874
5058,9149
3320,5058
5058,5058
5058,7532
5058,7534
5062,667
23236,6711
1213,5566
3840,5879
4627,5879
5062,5879
5058,5879
5879,5910
5879,6421
5879,7316
3799,9693
6772,81
1639,6772
2670,6772
3326,6772
50944,6772
6709,6772
6711,6772
146691,54472
10486,7531
4513,7531
7529,7531
7531,7532
7531,7533
10971,7531
23108,7531
7531,7531
10987,7532
2037,7532
23136,7532
11346,7532
2170,3688
351,351
351,351
3312,60
5216,60
60,6119
10627,4638
2512,2512
10728,3320
3320,3320
5684,5684
60,71
71,71
11235,8428
3417,3417
5701,5711
60,60
1073,60
3612,3612
5050,5050
2947,2947
27316,3190
11047,51377
1072,1073
1808,1808
22924,5682
6652,6652
4691,4691
216,217
128,5052
162,4915
2773,479
351,7165
479,5479
479,4852
535,8723
1845,8573
2617,5599
2783,5162
2885,5445
2885,7317
2982,5599
3295,5599
3315,5494
3688,5162
427,57118
4627,5515
4684,6009
4831,5868
5578,5692
5599,6181
6921,8452
7001,7534
7415,7534
7531,7532
22908,5578
23191,2782
23193,5599
23193,5906
25932,3326
5567,55738
57118,8452
10617,84284
10987,55738
26060,56896
55157,56896
128,128
216,217
226,226
847,847
87,9253
387,9826
509,5265
11135,998
1173,6169
1191,9349
1191,7917
1374,3309
1459,5034
1459,3006
1737,8050
1785,2885
1891,1936
2521,4190
2521,8148
2597,2597
2752,2752
2773,5905
2770,5905
2885,3190
2885,7431
2937,2937
3033,6772
3313,7514
3476,5515
348,55738
3735,7965
3939,3939
3939,3945
4054,5879
4513,5682
4830,4831
4852,7917
5058,8655
5447,6772
5682,5684
5682,5683
5682,5825
5684,9253
5684,9212
5869,7905
6648,6648
6782,7917
6993,7295
7360,7360
7430,7430
7531,7532
7531,7534
9588,9588
9961,9961
10015,2885
10015,6455
10061,3030
10247,4513
10454,5516
10454,5518
10728,3326
10728,3320
10971,7531
10987,7001
1399,85358
1459,23170
23530,9961
23647,5879
23647,6642
2521,27316
2885,85358
29979,4852
29979,6782
55738,7905
55740,5594
5594,85358
10016,10016
10243,10243
10454,11151
10458,57142
10935,10935
10987,85358
147179,2885
4831,4831
10243,37
5682,87
6232,81
6232,87
7295,81
8050,87
1739,5605
1956,1956
6786,6786
6786,6786
2770,54331
64077,64077
6723,6723
351,351
351,351
10972,10972
1956,1956
1956,1956
257194,257194
5818,5818
1956,2934
1956,3326
1956,2597
10092,1956
1956,7295
10971,1956
1956,7336
1778,1956
1956,5052
1956,9590
1956,2288
1956,6900
11345,1956
1956,7167
1956,4190
1956,3308
10963,1956
1956,471
1937,1956
1072,1956
1956,5864
1956,2805
1956,7184
1956,7389
1956,226
10273,1956
1956,9218
10439,1956
1173,1956
1956,8404
1956,51286
1956,6853
11047,1956
1956,23770
10540,1956
1956,2824
1956,79026
1956,382
1956,5730
1956,873
1465,1956
1956,7345
1956,5303
1956,3320
1956,6616
1956,5910
1956,3313
5621,5621
5621,5621
815,815
25930,2885
10059,10059
8237,8237
2932,4137
2932,2932
10059,10059
5499,5595
5499,5594
1845,5595
5515,5595
5515,5594
1845,5594
439,439
4905,5780
5160,54704
310,60
310,51412
310,506
310,523
310,7917
10574,310
10980,310
221184,310
1400,310
1508,310
23564,310
1915,310
2597,310
2783,310
10681,310
3032,310
310,55611
310,5162
310,5315
310,6187
26230,310
310,7114
310,7846
310,347733
10381,310
310,7431
1397,481
23564,481
11140,54862
1113,11140
11140,1428
11140,1639
11140,2475
10989,11140
396,998
54918,6613
10574,1785
1759,1785
1785,6453
1785,6187
1785,26230
1400,1808
10570,1808
2273,9590
1627,2273
11345,23192
11345,5786
11345,6187
11345,79876
11345,7534
2597,2806
2597,3735
2597,26578
2597,7531
2745,2806
2885,998
2885,28964
2885,5530
23205,2932
2932,51412
11033,2932
2932,80150
2932,738
11258,2932
1915,2932
1937,2932
2475,2932
2597,2932
2783,2932
2932,84966
2932,8570
2932,57662
2932,3799
2932,4134
10724,2932
2932,4354
2932,29959
2932,55968
2932,6176
2932,6187
2932,7846
2932,80700
2932,51569
2932,7431
2932,7511
10989,213
10989,1915
3628,8655
60,7965
3735,7965
64837,7965
5518,7965
118,81631
55738,81631
23192,81631
1211,81631
1627,81631
5909,81631
6176,81631
81631,9043
10454,80150
10454,1072
10454,1152
10454,1627
10454,2058
10454,28964
10236,10454
10454,51056
10454,51451
10015,10454
10454,5510
10454,5573
10454,114971
10454,6176
3181,5871
5595,8682
3312,5599
5315,55577
55968,7415
1397,5833
127281,5170
28964,5170
5170,8682
5170,6305
506,5300
23564,5300
5300,5315
5300,7249
5516,6176
8575,8575
396,5879
51109,51109
57142,6232
396,6391
2475,4735
3925,4735
23176,6455
23176,6457
10570,6455
6455,6455
6455,6457
6455,7534
10570,6456
2947,6456
6453,6456
129285,6456
6455,6456
30011,6456
6456,6457
26230,6456
6457,6457
30011,6457
53358,6457
1915,6622
2597,6622
6613,7431
1627,7178
6176,7178
11344,396
1627,7323
23285,7323
6176,7323
7323,7846
7323,7511
6642,7353
26230,7353
396,51569
7389,7431
1400,7415
1400,7431
3735,7431
6455,7431
7431,7431
1759,1759
1759,1759
989,989
989,989
5515,5527
2549,5781
5567,5573
3064,6622
6622,6622
3064,3064
351,351
2904,815
5265,5265
5265,5265
1457,3326
1457,490
1457,498
1457,4691
1457,821
1457,27044
1457,3181
1457,1933
1457,23122
1457,3320
1457,813
1457,9049
1457,5567
1457,1936
1457,3069
1457,1654
1457,3840
11333,1457
1457,4735
1457,51566
1457,6176
1457,6188
1457,6421
10130,1457
1457,54521
1457,4172
1457,64423
1457,27316
1457,5684
51100,51100
51100,51100
351,351
10133,667
26060,667
10006,667
10006,3895
10006,3190
10006,10580
10006,7094
1213,48
178,26060
26060,55198
26060,274
26060,667
1785,26060
26060,3315
23111,26060
10049,23066
10049,8079
10049,5236
2023,226
2023,2273
2023,3326
2023,3688
2023,3312
2023,5034
2023,5529
2023,7534
5962,7430
7430,9351
7430,9368
2273,9590
10449,10542
10542,1646
10542,1915
10542,28964
10542,3313
10542,3688
10542,6421
4673,4673
10133,1213
10133,667
10133,10133
10133,7316
10133,7415
23122,5837
1785,5837
2631,5837
3476,5837
51100,5876
51100,51100
51100,56904
51100,8887
2923,6786
2923,6786
1742,9229
128866,25930
10016,25930
25930,6456
3098,7416
1639,5499
1272,5499
1213,5499
1152,5499
1267,5499
5499,9859
1398,5499
26092,5499
286262,5499
114569,5499
4915,4915
4915,4915
6635,6636
7536,7536
3190,7536
3187,7536
3188,7536
3178,51645
3315,3315
5093,53938
10492,3190
3190,3190
27316,3190
3184,3190
26986,3190
10419,10419
3188,3188
3188,9444
5094,5094
9444,9444
10529,7791
5478,7791
7791,87
87,87
5479,7791
2549,2885
2885,2885
6386,6386
2744,2744
5518,5529
5529,5529
5499,5529
351,351
351,351
10015,2534
10015,2534
10015,2534
10015,2534
10419,23380
54585,54585
1956,1956
2885,2885
2885,2885
10458,8936
3984,5058
8659,8659
10458,10458
10458,998
5058,998
351,351
351,351
4684,7345
10458,5879
2316,2316
3326,9212
3326,815
3326,816
10645,3326
3326,817
3326,814
3326,79012
3326,818
3326,5129
3326,9149
2043,3326
3326,3984
3326,50488
3326,5871
3326,5578
3326,5581
3326,5582
2185,3326
282974,3326
2534,3326
3326,84254
2051,3326
2931,3326
3326,5609
3326,4915
3326,5567
3326,5562
3326,5579
11140,3326
3326,8453
3326,8454
3326,8452
3326,54938
3326,3326
3326,386617
3326,3959
3326,6000
23321,3326
3326,57617
11140,8452
2932,6421
2512,3064
10133,3064
26578,3064
3064,6867
3064,51466
3064,3064
3064,5064
3064,51466
23111,3064
2512,3064
3295,3295
351,351
6642,6642
1410,1410
1410,3315
2776,408
2778,408
5594,5604
351,351
351,351
1457,6622
3094,3094
3688,7094
3688,7094
1499,2534
351,6622
1399,2549
71,7408
1499,81
1398,2316
5599,5609
2475,6772
5599,998
1398,5599
387,5599
2932,5579
1499,2932
2771,3326
1499,27101
2316,818
351,811
815,87
351,4747
2017,4638
1453,6622
351,8650
2316,3326
3927,9414
3927,7791
3927,5530
351,351
10419,813
10498,9444
10419,7534
5494,5594
1399,1956
5594,5595
1399,5781
1399,5594
1399,2549
1956,3315
5595,5781
351,351
351,351
25830,5300
25830,25830
2280,6262
1956,1956
1956,1956
10059,10059
10059,10059
10075,3315
2665,3315
3315,56850
120,3315
3315,3476
2037,3315
10627,3315
3069,3315
1982,3315
3315,7533
3315,7534
10971,3315
3315,5700
3309,3315
3315,3326
3315,7431
2288,3315
3315,53918
3315,3315
3315,9446
3315,9868
3315,87
3315,81
3315,9414
3315,5786
3315,7381
2036,3315
3315,4673
3315,5687
3315,6636
10273,3315
10728,3315
1974,3315
3315,7514
3315,7178
1983,3315
3315,3320
3315,5684
3315,811
3315,7529
286,3315
3315,7353
3315,5494
2617,3315
3188,3315
3315,87178
3315,4638
3315,9352
3315,51517
163,3315
23136,3315
3315,8775
10938,3315
3315,7798
3315,55699
3315,84457
3315,3831
3315,6711
3315,6396
3315,6305
3181,3315
116988,3315
3315,7531
3315,8536
3315,8874
3308,3315
3315,5898
10133,3315
1410,1410
351,351
351,351
351,351
2521,5339
2011,4137
6622,6622
6622,6622
6622,6622
1956,1956
26986,6311
26986,6311
5906,7534
6622,6853
10376,10381
7531,9588
5479,7184
5479,9601
5479,9601
4137,5034
26986,2935
351,5621
64601,65082
57617,64601
55823,57617
64601,64601
55823,64601
64601,65082
64601,65082
2932,4137
51062,51062
51062,51062
51062,51062
23380,3064
3064,63908
3064,8239
10133,3064
26578,3064
10540,3064
3064,8453
29072,3064
3064,3329
3064,5315
10580,3064
1759,3064
3064,9901
1499,3064
3064,7529
29993,3064
128866,3064
3064,6867
1785,3064
23332,3064
2597,3064
120,3064
10458,3064
161,3064
3064,7430
1778,3064
3064,8065
1956,54187
1956,5516
4893,7464
4893,5516
4893,5921
7431,7529
6622,6622
5245,54828
57524,8573
57524,8573
351,351
1956,1956
1956,3326
11140,1956
1956,23386
10273,8079
5704,8079
11047,5704
5704,5708
3320,5567
11140,5567
10728,3320
10728,3326
10910,3326
5708,8943
3320,8943
27101,8943
10681,8079
10681,3326
10681,10726
10681,5202
10681,5708
10681,10963
11140,5170
5709,8079
5708,5709
10724,23386
10049,8079
10049,5708
10382,8079
10382,5708
3315,3315
3320,3320
3320,3326
10728,9601
2781,8079
23386,2781
2781,5708
10963,2781
27101,2781
7385,8079
3300,8079
3300,5708
2769,8079
2769,5708
27101,2769
1384,8079
1384,23386
1384,27101
1374,27101
3306,5708
10808,3306
3306,7265
2782,8079
2782,5708
23386,2782
10963,2782
2288,3326
11140,2288
10910,2288
2288,23386
11140,5562
5708,8079
10963,5708
23770,3326
23386,23770
23770,5708
11140,3320
11140,3326
7260,8079
3326,7260
10726,7260
23386,7260
5708,7260
10273,7260
2783,8079
2783,3326
10726,2783
2783,5202
23386,2783
2783,5708
10963,2783
55466,813
8079,813
23191,5708
23191,8079
140690,3326
10726,140690
140690,23386
10910,140690
10963,140690
10273,140690
55466,55466
3326,9212
11140,9212
10910,55631
5202,5202
10273,5708
26052,8079
23386,26052
26052,5708
10273,26052
26052,27101
26052,7265
10000,3326
10000,3320
10000,11140
2193,8079
2193,5708
11188,23386
11140,2534
10726,1762
11140,80349
10910,8036
2549,5781
1398,2549
2549,5921
2549,5335
2549,53358
1399,2549
6804,9342
10439,9342
3320,4035
7316,7323
5315,5595
5578,5578
1956,1956
351,351
351,351
351,351
351,351
3326,4137
3326,4137
214,3958
214,3956
57488,57488
6710,6772
1445,5170
1398,51493
26060,51493
22924,55198
2885,50855
1398,55748
1627,2885
1398,3927
1398,55697
1398,5049
2885,7415
1398,5566
1398,54443
1398,23157
1398,5700
1398,2098
26060,51493
2885,50855
22924,55198
1627,2885
2885,7415
26060,51493
22924,55198
2885,50855
1398,3927
1398,55697
1398,5049
1627,2885
2885,7415
1398,55748
1398,51493
6710,6772
1398,5566
1445,5170
6708,6710
6708,6710
2597,5550
1956,1956
6622,7533
6622,6622
6622,7533
1728,1728
1728,1728
1728,1728
10015,1956
1956,4035
1956,3308
1956,2885
1956,4137
1399,1956
1956,3320
1956,7529
1956,8874
1398,1956
1956,7846
1956,351
1956,408
1956,2549
1956,7295
10971,1956
1956,6772
10458,1956
1956,5599
1956,3312
1956,6456
1956,5058
1956,7534
10454,1956
1956,5581
1956,2597
1956,6622
1956,51429
1956,6457
1500,1956
1956,2017
1956,81
1956,3326
1956,7430
1956,4915
1956,5578
1445,1956
10273,1956
1072,1956
2550,9568
1956,3326
1956,6772
1956,5578
1398,1956
1956,3312
10938,51479
10938,51479
4137,4140
4137,4139
2011,4137
4915,6272
10211,2319
51699,9559
51699,55737
6642,6643
55737,6642
6642,6642
55737,9559
6643,6643
51699,55737
10015,6386
10152,9743
5515,55697
11332,816
11332,29979
11332,1410
10213,5713
3251,6386
2512,6386
6252,6386
54585,6386
10152,6386
55964,6386
55577,6386
22924,6386
6386,8618
8573,8825
4355,8825
7791,8825
10152,9146
2051,60491
2512,2512
226,230
29979,6184
2170,57698
3939,3945
163,293
1327,6386
6050,6386
1936,7178
4830,4830
5702,5706
5372,5870
22924,5689
5110,7965
29979,5479
1072,60
1072,71
1072,1073
6843,9342
1933,1937
5682,5684
22919,5682
22924,5682
51100,5682
5682,7415
2286,29979
527,5684
5684,5692
1936,1937
10105,10152
5701,5711
27316,3190
10486,71
10313,5780
114569,5780
2947,2949
5864,5877
29979,6782
6386,997
10152,7408
55198,5878
387,396
23647,9146
114569,23647
113146,11345
11345,55738
11345,23786
11345,79876
5684,5687
11135,998
11034,60
11034,71
1073,11034
11034,8887
3382,5862
10133,10890
55611,7323
5912,816
5700,5708
5706,6386
10617,2885
2885,3190
2885,60491
6844,9342
60,71
1073,71
23549,4354
3831,663
1962,71
1962,60
10152,5562
7965,9255
3735,7965
5062,998
29979,7335
1781,83658
10152,5300
10313,6642
57142,6642
1400,1809
1808,1809
2912,29979
3927,5684
3927,55964
23157,4735
5684,7536
10982,22919
22919,22924
5700,5711
1808,56896
55697,883
29979,441518
10486,60
3939,5602
29979,51144
10486,1073
1073,60
30011,5684
114569,203068
10016,311
10342,311
10152,56243
114569,6455
3190,9444
10152,3190
5684,80017
29979,55739
23190,29979
26578,6386
23157,5413
4735,5413
10767,53918
11235,8428
26060,63893
56648,6386
56648,60491
55156,56181
28970,55697
9217,9885
25930,5684
54828,80262
55233,55964
22931,8887
11311,64145
51571,60491
25813,54927
51699,55737
58473,5910
23157,55964
10801,23157
26060,55198
29979,813
55968,7415
23265,9146
23786,51090
51100,7165
51100,56904
11047,51377
498,506
3799,8887
6386,874
23564,55697
10152,9743
5515,55697
11332,816
11332,29979
11332,1410
10213,5713
2512,6386
3251,6386
6252,6386
10152,6386
54585,6386
55964,6386
55577,6386
22924,6386
6386,8618
8573,8825
7791,8825
4355,8825
10152,9146
2051,60491
2512,2512
226,230
29979,6184
2170,57698
3939,3945
163,293
1327,6386
6050,6386
1936,7178
4830,4830
5702,5706
5372,5870
22924,5689
5110,7965
29979,5479
1072,60
1072,71
1072,1073
6843,9342
1933,1937
5682,5684
22919,5682
22924,5682
51100,5682
5682,7415
2286,29979
527,5684
5684,5692
1936,1937
10105,10152
5701,5711
27316,3190
10486,71
10313,5780
114569,5780
2947,2949
5864,5877
29979,6782
6386,997
10152,7408
55198,5878
387,396
23647,9146
114569,23647
113146,11345
11345,23786
11345,55738
11345,79876
5684,5687
11135,998
1073,11034
11034,60
11034,71
3382,5862
11034,8887
10133,10890
55611,7323
5912,816
5700,5708
5706,6386
10617,2885
2885,3190
2885,60491
6844,9342
60,71
1073,71
23549,4354
3831,663
1962,71
1962,60
10152,5562
7965,9255
3735,7965
5062,998
29979,7335
1781,83658
10152,5300
10313,6642
57142,6642
1400,1809
1808,1809
2912,29979
3927,5684
3927,55964
23157,4735
5684,7536
10982,22919
22919,22924
5700,5711
1808,56896
55697,883
29979,441518
10486,60
3939,5602
29979,51144
10486,1073
1073,60
30011,5684
114569,203068
10016,311
10342,311
10152,56243
114569,6455
10152,3190
3190,9444
5684,80017
29979,55739
23190,29979
26578,6386
23157,5413
4735,5413
10767,53918
11235,8428
26060,63893
56648,6386
56648,60491
55156,56181
28970,55697
9217,9885
25930,5684
54828,80262
55233,55964
22931,8887
11311,64145
51571,60491
25813,54927
51699,55737
58473,5910
23157,55964
10801,23157
26060,55198
29979,813
55968,7415
23265,9146
23786,51090
51100,7165
51100,56904
11047,51377
498,506
3799,8887
6386,874
23564,55697
57698,57698
4282,4282
3796,3796
8574,8574
10768,10768
8522,8522
10016,10016
8575,8575
10313,10313
216,216
3251,3251
226,226
6285,6285
3945,3945
5213,5213
5860,5860
2098,2098
5834,5834
2539,2539
3615,3615
87,87
327,327
2670,2670
2752,2752
3958,3958
5702,5702
7414,7414
2781,2781
528,528
191,191
5684,5684
3612,3612
1936,1936
4144,4144
6470,6470
27316,27316
10486,10486
2949,2949
2937,2937
2010,2010
10247,10247
23647,23647
60,60
5631,5631
5706,5706
71,71
79026,79026
8514,8514
816,816
817,817
10540,10540
1400,1400
1974,1974
9961,9961
5050,5050
10982,10982
22919,22919
1808,1808
7360,7360
1073,1073
30011,30011
80318,80318
2947,2947
6455,6455
3190,3190
51181,51181
26086,26086
84959,84959
10342,10342
64853,64853
10133,10133
5413,5413
84245,84245
84056,84056
65991,65991
60491,60491
54585,54585
57142,57142
56474,56474
54438,54438
10152,10152
55964,55964
51466,51466
55577,55577
26060,26060
23549,23549
29979,29979
10458,10458
51100,51100
1410,1410
7415,7415
10313,57142
22895,5864
4738,9040
11034,71
26060,55198
2534,51517
51100,56904
2170,57698
10152,9743
10767,53918
11332,1410
11332,29979
10213,5713
2512,6386
3251,6386
6050,6386
1327,6386
6386,997
5706,6386
6252,6386
26578,6386
56648,6386
54585,6386
10152,6386
55577,6386
22924,6386
6386,8618
6386,874
4355,8825
8573,8825
7791,8825
23265,9146
2051,60491
10016,311
10313,5780
10617,2885
3939,3945
2512,2512
29979,6184
226,230
5702,5706
5864,5877
5372,5870
22924,5689
5110,7965
29979,5479
6843,9342
1933,1937
5682,5684
527,5684
5684,5692
5684,5687
3927,5684
5684,7536
30011,5684
5684,80017
25930,5684
1936,1937
1936,7178
5701,5711
10486,71
10486,60
2947,2949
10152,7408
55198,5878
58473,5910
23647,9146
114569,23647
1072,60
1073,60
11034,60
60,71
11034,71
1073,11034
3382,5862
55611,7323
387,396
27316,3190
5700,5708
5700,5711
2885,3190
2885,60491
163,293
6844,9342
1072,71
1073,71
11135,998
1962,71
1962,60
5515,55697
55697,883
28970,55697
23564,55697
7965,9255
3831,663
10152,5562
5062,998
29979,7335
11332,816
5912,816
10313,6642
23157,4735
10801,23157
1400,1809
1808,1809
2912,29979
3735,7965
22919,5682
10982,22919
22919,22924
1808,56896
29979,441518
3939,5602
29979,51144
9217,9885
10486,1073
1072,1073
114569,203068
10152,56243
114569,6455
114569,5780
11034,8887
22931,8887
113146,11345
29979,55739
11345,55738
26060,55198
23190,29979
10342,311
10133,10890
3190,9444
23157,5413
4735,5413
11345,23786
23786,51090
26060,63893
56648,60491
51571,60491
55156,56181
11345,79876
11311,64145
54828,80262
1781,83658
57142,6642
51100,56904
10152,9146
10105,10152
10152,5300
10152,3190
51699,55737
55964,6386
23157,55964
3927,55964
55233,55964
23549,4354
29979,813
2286,29979
29979,6782
22924,5682
51100,5682
51100,7165
25813,54927
11047,51377
11235,8428
498,506
3799,8887
5682,7415
55968,7415
2475,5861
3840,7536
6342,7536
1213,7536
3184,7536
1471,1471
3708,7416
3313,7416
3313,3708
10105,3708
10133,10133
6622,6622
6622,6622
6622,6622
6717,6717
310,6717
2885,9901
481,6521
481,6521
6176,6181
2982,2983
2983,2983
29978,3178
28958,55210
10059,56947
10980,5594
213,213
351,351
128866,25978
128866,128866
128866,27183
27183,27183
25978,25978
10617,2885
10617,8027
25978,26227
10617,128866
128866,54862
128866,91782
2670,4747
6285,6285
10313,65009
23786,5354
2937,2937
1398,5706
55156,56181
114569,65009
114569,2571
10133,10133
2670,4747
6285,6285
10313,65009
23786,5354
2937,2937
1398,5706
55156,56181
114569,65009
114569,2571
10133,10133
2670,4747
6285,6285
10313,65009
23786,5354
2937,2937
1398,5706
114569,2571
114569,65009
55156,56181
10133,10133
54585,54585
1785,1785
1785,2885
1785,51429
5566,5577
6285,6285
51100,56904
27316,27316
22919,22919
22919,22924
55577,55577
56904,56904
10342,10342
22924,22924
10540,22924
5701,5711
11047,51377
51100,56904
11047,51377
22924,22924
22919,22924
5701,5711
54585,54585
22919,5576
22919,22924
22919,22919
5701,5711
22924,22924
10540,22924
51100,56904
54585,54585
1785,2885
1785,51429
1785,1785
5566,5577
6285,6285
51100,56904
27316,27316
22919,22924
22919,22919
55577,55577
56904,56904
10342,10342
22924,22924
10540,22924
5701,5711
11047,51377
5818,6386
5818,6386
5818,6386
23513,8874
10059,23513
1501,23513
23513,2977
23513,53616
1499,23513
23513,8671
1501,1739
1739,2904
1739,9922
1501,55914
23513,87
23513,81
1739,3739
10938,10938
6396,6396
6396,6396
1173,8349
26060,5868
4282,4282
23647,51100
10105,23647
23647,23647
23647,65009
23647,27236
23647,6386
4259,65991
23780,4259
4259,4259
347,4259
7965,9255
4259,9554
116841,4259
29978,5708
5700,5708
149371,7965
5700,5711
10493,5354
6635,6636
54472,5689
10857,439
5062,998
283578,54918
1962,54918
27316,54918
10313,5780
6386,874
10313,7781
10313,22908
2512,6386
10980,51138
23780,94097
4741,7431
10152,5682
1808,56896
22919,5682
1809,56896
5594,5682
327,327
10484,7536
51100,6642
51100,51100
1073,5862
10982,10982
10982,22919
10982,22924
51466,7791
7408,7791
7791,84816
54769,5910
51056,7791
60491,7295
5524,60491
5050,60491
387,9181
23786,347
23786,5354
27316,3190
27316,27316
3187,3187
3945,3945
5682,5833
10152,3190
3190,5605
3190,3190
6386,6642
4144,4144
55611,7323
163,408
10226,128866
10226,6642
10226,5780
10226,6643
54472,80262
57471,84816
25813,84303
2937,2937
84959,9228
5689,84959
84959,84959
10342,3927
3927,9146
29978,3927
6470,6470
4893,5910
4893,9610
11140,5706
5706,6386
5702,5706
5706,5706
5705,5706
3208,7381
1962,51566
283578,55967
29978,5730
10486,10486
6652,6652
5518,5524
80212,80212
8575,8575
1962,8575
10342,9146
10342,10342
115827,5877
3735,7965
114569,2571
114569,6455
114569,8803
114569,23647
51100,56904
114569,51100
10133,6386
10133,9255
10133,10133
114569,65009
3612,3612
1073,60
27236,9522
65009,9522
23647,9522
5780,9522
10213,5713
126298,81631
1457,1457
11235,2193
11135,998
5689,5692
25801,5692
5692,9146
3208,56005
5864,5877
1312,2010
5354,91663
9255,9456
80221,9143
65009,9143
10226,9143
51100,9143
4354,9143
27236,9143
1962,9143
22924,22924
22919,22924
22924,6386
10152,5300
10105,10152
10152,56243
10152,10152
10152,2280
10152,9228
10152,112574
10152,5062
10152,23114
51181,51181
10767,53918
9961,9961
5701,5711
80318,80318
10152,51517
51517,5300
51517,8522
282974,9146
6386,80318
221184,51517
816,817
816,816
5912,816
816,818
11140,816
149371,56243
51100,8723
10980,53358
51699,55737
112936,55737
5701,5708
3251,6386
3251,3251
3831,663
23549,23549
23549,4354
5594,8682
4722,8834
192683,23647
192683,6455
392,6455
3190,9444
273,5530
51286,56947
10152,5530
5887,7316
28227,9146
25801,83451
51100,7163
10313,57142
2316,53918
60484,6396
5689,8396
60682,64744
11345,55738
4355,8825
493856,9854
23780,493856
493856,63908
1962,493856
112755,91452
2912,91452
55198,5878
26060,55198
817,818
23111,5573
63908,9342
112755,63908
63908,6804
10152,9892
5129,9135
7965,9135
10152,9135
7360,7360
11345,8887
5887,8887
11034,8887
5372,5870
7316,8887
5333,9146
1915,23170
26060,63893
2949,2949
2947,2949
1808,1808
63908,6857
663,6857
1808,1809
10105,6856
6386,6856
2010,6804
23780,6804
6804,6844
5354,6804
6804,9554
6804,6843
6804,6804
2824,6804
116841,6804
6855,92399
5780,6855
11140,6804
6642,6855
51100,6855
10105,6855
23647,6855
10226,6855
23066,6855
65009,6855
1962,57017
57017,80221
6642,7905
23647,7905
10006,3190
10006,9456
10006,7408
10006,56243
10006,10152
10006,23114
79026,79026
5413,55752
10056,2193
54940,7781
1072,60
60,60
11034,60
1962,60
11140,60
5684,5687
5682,5684
4741,4747
2670,4747
56947,56947
22908,56947
5354,56947
51090,56947
23780,56947
347,56947
3939,3945
56947,9554
10484,56947
1785,6386
10484,1785
2885,8936
5566,5577
3799,5577
1738,8050
6844,9342
2170,57698
57698,57698
6804,9342
25874,6642
25874,25874
112755,9342
10938,9342
10529,7414
25830,25830
5518,6801
11235,6801
10575,10576
5702,5702
5834,5837
10814,65009
6386,98
56648,6386
6386,997
3945,6386
6050,6386
23205,6386
6386,663
5413,6386
6386,63908
26232,6386
6386,6386
441518,6386
8573,8825
3190,386617
29966,5518
6636,9885
2946,2949
10768,10768
5910,5912
58473,5910
55737,9559
22919,22919
11140,55964
55964,55964
55964,6386
55233,55964
5414,8655
11345,8655
196403,7323
196403,2534
196403,2885
5682,7415
1962,7415
653689,7415
8646,8825
8027,9146
23052,7447
1159,1329
2782,55697
28970,55697
5515,55697
3927,55697
5537,55697
55697,83451
1962,55697
55697,55697
29978,6782
7295,87
10612,10612
10612,1453
10612,23321
2286,29978
29978,5887
29978,29979
29978,9146
29978,7917
29978,5300
29978,7335
29978,5479
29978,51144
11332,29978
10152,29978
29978,56005
29978,7316
29978,55739
29978,441518
29978,29978
29978,81567
112755,6844
112755,6843
112755,116841
5566,5573
127281,55346
1429,1429
285148,285148
25932,286262
286262,5499
22905,23558
22905,7316
22905,23111
1741,7458
1741,9229
1741,9228
23780,283578
5636,5636
5631,5636
10938,30845
10938,10938
1399,5706
162,25977
11345,23192
23192,81631
10484,8803
11112,950
11112,9854
11112,6844
11112,9554
11112,1312
148252,5910
51678,8825
3476,5537
3476,5515
10243,5682
1781,6993
53918,6993
6993,87
80273,80273
5682,6993
6386,6993
11140,818
5689,818
5595,8682
10419,11140
10419,2051
6272,7018
4199,4199
56850,5689
1962,56850
11140,56850
56850,56850
4698,4722
6455,6455
5689,6455
1740,9228
1740,9229
1740,58512
26060,26060
5594,6812
3927,815
815,816
815,818
815,817
11140,815
22941,9456
10458,22941
22941,5530
10093,81873
29979,6782
11332,29979
29979,7335
29979,7917
29979,56005
29979,441518
23190,29979
4735,5413
25813,54927
345557,5034
6386,9854
51100,7165
1398,5706
55856,56005
3039,3043
3039,3045
10152,2670
2670,2670
11140,2670
11345,79876
1072,71
60,71
10486,71
1073,71
11034,71
11140,71
4830,4830
1917,23170
226,226
6723,6723
23170,3337
1933,1937
84056,84056
84056,9525
55577,6386
8522,8522
11140,8522
2670,7431
1400,1809
1400,1808
84245,84245
10146,9100
10540,10540
10152,10540
5631,5631
6285,6285
6285,6386
2010,9217
5704,5705
1159,5702
9218,9885
347,9218
5050,5050
5049,5050
1173,4354
11235,8428
51606,9751
23474,23474
10574,23558
54585,55233
54585,54585
54585,5689
1962,54585
54585,6386
10580,84816
54585,5682
4259,6507
146691,54472
5687,5709
6386,9145
65009,9145
10226,9145
2947,2947
2098,2098
53358,5714
5714,9588
10211,1329
1173,8349
26060,5868
4282,4282
23647,51100
10105,23647
23647,23647
23647,65009
23647,27236
23647,6386
4259,65991
23780,4259
4259,4259
347,4259
4259,9554
7965,9255
116841,4259
149371,7965
29978,5708
5700,5708
5700,5711
10493,5354
6635,6636
54472,5689
10857,439
5062,998
283578,54918
1962,54918
27316,54918
10313,5780
6386,874
10313,7781
10313,22908
2512,6386
10980,51138
23780,94097
4741,7431
10152,5682
1808,56896
22919,5682
1809,56896
5594,5682
327,327
10484,7536
51100,6642
51100,51100
1073,5862
10982,10982
10982,22919
10982,22924
51466,7791
7408,7791
7791,84816
54769,5910
51056,7791
60491,7295
5524,60491
5050,60491
387,9181
23786,347
23786,5354
27316,3190
27316,27316
3187,3187
3945,3945
5682,5833
10152,3190
3190,5605
3190,3190
6386,6642
4144,4144
55611,7323
163,408
10226,128866
10226,6642
10226,5780
10226,6643
54472,80262
57471,84816
25813,84303
2937,2937
84959,9228
5689,84959
84959,84959
10342,3927
3927,9146
29978,3927
6470,6470
4893,5910
4893,9610
11140,5706
5706,6386
5702,5706
5706,5706
5705,5706
3208,7381
1962,51566
283578,55967
29978,5730
10486,10486
6652,6652
5518,5524
80212,80212
8575,8575
1962,8575
10342,9146
10342,10342
115827,5877
3735,7965
114569,2571
114569,6455
114569,8803
114569,23647
51100,56904
114569,51100
10133,6386
10133,9255
10133,10133
114569,65009
3612,3612
1073,60
27236,9522
65009,9522
23647,9522
5780,9522
10213,5713
126298,81631
1457,1457
11235,2193
11135,998
5689,5692
25801,5692
5692,9146
3208,56005
5864,5877
1312,2010
5354,91663
9255,9456
80221,9143
65009,9143
10226,9143
51100,9143
4354,9143
27236,9143
1962,9143
22919,22924
22924,6386
22924,22924
10152,5300
10105,10152
10152,56243
10152,10152
10152,2280
10152,9228
10152,112574
10152,5062
10152,23114
51181,51181
10767,53918
9961,9961
5701,5711
80318,80318
10152,51517
51517,5300
51517,8522
282974,9146
6386,80318
221184,51517
816,817
816,816
5912,816
816,818
11140,816
149371,56243
51100,8723
10980,53358
51699,55737
112936,55737
5701,5708
3251,6386
3251,3251
3831,663
23549,23549
23549,4354
5594,8682
4722,8834
192683,23647
192683,6455
392,6455
3190,9444
273,5530
51286,56947
10152,5530
5887,7316
28227,9146
25801,83451
51100,7163
10313,57142
2316,53918
60484,6396
5689,8396
60682,64744
11345,55738
4355,8825
493856,9854
23780,493856
493856,63908
1962,493856
112755,91452
2912,91452
55198,5878
26060,55198
817,818
23111,5573
63908,9342
112755,63908
63908,6804
10152,9892
5129,9135
7965,9135
10152,9135
7360,7360
11345,8887
5887,8887
11034,8887
5372,5870
7316,8887
5333,9146
1915,23170
26060,63893
2949,2949
2947,2949
1808,1808
63908,6857
663,6857
1808,1809
10105,6856
6386,6856
2010,6804
23780,6804
6804,6844
5354,6804
6804,9554
6804,6843
6804,6804
2824,6804
116841,6804
23647,6855
6855,92399
5780,6855
11140,6804
6642,6855
51100,6855
10105,6855
10226,6855
23066,6855
65009,6855
1962,57017
57017,80221
6642,7905
23647,7905
10006,3190
10006,9456
10006,7408
10006,56243
10006,10152
10006,23114
79026,79026
5413,55752
10056,2193
54940,7781
1072,60
60,60
11034,60
1962,60
11140,60
5684,5687
5682,5684
4741,4747
2670,4747
56947,56947
22908,56947
5354,56947
51090,56947
23780,56947
347,56947
3939,3945
56947,9554
10484,56947
10484,1785
1785,6386
2885,8936
5566,5577
3799,5577
1738,8050
6844,9342
2170,57698
57698,57698
6804,9342
25874,6642
25874,25874
112755,9342
10938,9342
10529,7414
25830,25830
5518,6801
11235,6801
10575,10576
5702,5702
5834,5837
10814,65009
6386,98
56648,6386
6386,997
3945,6386
6050,6386
23205,6386
6386,663
5413,6386
6386,63908
26232,6386
6386,6386
441518,6386
8573,8825
3190,386617
29966,5518
6636,9885
2946,2949
10768,10768
5910,5912
58473,5910
55737,9559
22919,22919
55964,6386
55233,55964
11140,55964
55964,55964
5414,8655
11345,8655
196403,7323
196403,2534
196403,2885
1962,7415
5682,7415
653689,7415
8646,8825
8027,9146
23052,7447
1159,1329
2782,55697
28970,55697
5515,55697
3927,55697
55697,83451
5537,55697
1962,55697
55697,55697
29978,6782
7295,87
10612,10612
10612,1453
10612,23321
2286,29978
29978,5887
29978,29979
29978,9146
29978,7917
29978,5300
29978,7335
29978,5479
29978,51144
11332,29978
10152,29978
29978,56005
29978,7316
29978,55739
29978,441518
29978,29978
29978,81567
112755,6844
112755,6843
112755,116841
5566,5573
127281,55346
1429,1429
285148,285148
25932,286262
286262,5499
22905,23558
22905,7316
22905,23111
1741,7458
1741,9229
1741,9228
23780,283578
5636,5636
5631,5636
10938,30845
10938,10938
1399,5706
162,25977
11345,23192
23192,81631
10484,8803
11112,950
11112,9854
11112,6844
11112,9554
11112,1312
148252,5910
51678,8825
3476,5537
3476,5515
10243,5682
1781,6993
53918,6993
6993,87
80273,80273
5682,6993
6386,6993
11140,818
5689,818
5595,8682
10419,11140
10419,2051
6272,7018
4199,4199
56850,5689
1962,56850
11140,56850
56850,56850
4698,4722
6455,6455
5689,6455
1740,9228
1740,9229
1740,58512
26060,26060
5594,6812
3927,815
815,816
815,818
815,817
11140,815
22941,9456
10458,22941
22941,5530
10093,81873
29979,6782
11332,29979
29979,7335
29979,7917
29979,56005
23190,29979
29979,441518
4735,5413
25813,54927
345557,5034
6386,9854
51100,7165
1398,5706
55856,56005
3039,3043
3039,3045
10152,2670
2670,2670
11140,2670
11345,79876
1072,71
60,71
10486,71
1073,71
11140,71
11034,71
4830,4830
1917,23170
226,226
23170,3337
6723,6723
1933,1937
84056,84056
84056,9525
55577,6386
8522,8522
11140,8522
2670,7431
1400,1809
1400,1808
84245,84245
10146,9100
10152,10540
10540,10540
5631,5631
6285,6285
2010,9217
6285,6386
5704,5705
1159,5702
9218,9885
347,9218
5050,5050
5049,5050
1173,4354
11235,8428
51606,9751
23474,23474
10574,23558
54585,55233
54585,5682
54585,54585
54585,5689
1962,54585
10580,84816
54585,6386
4259,6507
146691,54472
5687,5709
6386,9145
65009,9145
10226,9145
2947,2947
2098,2098
53358,5714
5714,9588
10211,1329
2534,2534
114876,9218
9218,9885
287,30845
10938,51479
30845,51479
10938,64145
30845,64145
10454,8473
71,71
1073,71
10486,71
10486,60
60,71
10133,10133
3939,3945
71,71
2670,2670
4830,4830
347,9218
2010,9217
5631,5631
2512,2512
226,230
6386,874
10486,71
10486,60
10016,311
1073,71
1073,60
10133,10133
10342,311
60,71
60,60
3939,3945
71,71
4830,4830
2670,2670
347,9218
2010,9217
5631,5631
2512,2512
6386,874
226,230
10486,71
10486,60
10016,311
1073,71
1073,60
10133,10133
10342,311
60,71
60,60
3939,3945
71,71
4830,4830
2670,2670
347,9218
2010,9217
5631,5631
2512,2512
6386,874
226,230
10486,71
10486,60
10016,311
1073,71
1073,60
10133,10133
10342,311
60,71
60,60
115207,115207
3945,535
3837,3840
7917,7917
7917,7917
1410,226
1410,1410
1410,1639
351,351
351,811
10675,351
1453,5789
2011,5789
3983,5789
387,9826
387,9826
387,9826
9826,998
3190,3190
9026,9026
1738,8050
1738,8050
5595,5595
5594,5594
55737,9559
5581,5581
10135,10135
10135,10135
10135,10135
2923,2923
3799,3799
7431,7431
10971,7529
7529,7529
7531,7531
10971,10971
7531,7532
7533,7533
7531,7531
7532,7532
7532,7532
10971,7532
7533,7533
7529,7529
10971,7531
10971,10971
7529,7531
7529,7532
348,351
2280,2475
1956,1956
1399,1399
443,443
2235,2235
6009,7178
2571,2571
5058,5093
5058,5093
5058,5879
5058,5236
5058,8655
5058,6130
1155,5058
5058,5058
2316,5058
26060,26060
26060,26060
6786,6786
2617,2617
2617,2617
1778,3064
6647,6647
6647,6647
6647,6647
4735,4735
4735,4735
55847,55847
55847,55847
55847,55847
1639,22919
51699,55737
51699,55737
25978,9525
25978,27183
25978,9525
3799,3799
5621,5621
351,351
5052,5052
54205,5447
3735,3735
3735,3735
4735,5413
25801,6717
5184,7874
1410,1410
5413,55752
23157,5413
10059,6455
6717,6717
5413,989
1410,3315
5413,989
5621,5621
5595,644
22919,9212
11047,29978
10015,128866
10015,128866
6622,6622
6622,6622
6772,6772
6772,6772
375,375
2058,7965
7416,7416
7416,7416
7416,7416
7416,7416
10016,10016
10015,10016
51429,51429
51429,51429
51429,51429
6647,6647
6647,6647
5160,5162
5160,5162
6272,6272
6647,6647
5621,5621
8027,9146
8027,9146
8027,9146
8027,9146
5621,5621
5621,5621
6647,6647
6647,6647
361,361
361,361
9368,9368
1410,1410
10135,10135
10135,10135
351,351
10015,3958
6647,6647
351,351
288,8546
3417,3417
3417,3417
1956,1956
1742,2904
217,217
5573,5573
351,351
351,351
351,351
10056,2193
10056,2193
2890,5499
1759,1759
1759,1759
32,32
8290,8294
4282,4282
4282,4282
818,818
817,817
5095,5096
1410,1410
1410,1410
351,351
10963,3326
3326,9049
10728,3326
10728,3326
3326,3326
51062,51062
51062,51062
51062,51062
51062,51062
5654,5654
5654,5654
4685,4685
4685,4685
4685,4685
51062,51062
51062,51062
51062,51062
3320,3320
1410,1410
1410,1410
1956,1956
3735,3735
3735,7965
3735,3735
3735,7965
55968,7415
10815,6616
10815,6616
1759,1759
1759,1759
351,351
1410,1410
5058,5058
57524,57524
57524,57524
57524,57524
1410,1410
1410,1410
1191,351
5595,5595
7334,7335
55611,7334
6786,6786
4627,4627
10015,128866
5654,5654
5654,5654
5654,5654
6563,6563
547,547
547,547
547,547
7431,7431
5818,5818
5818,5818
5315,5315
10419,10419
10419,8294
2058,2058
2058,2058
1956,1956
1973,1982
1973,1982
11235,8428
3418,3418
1956,1956
2782,54331
2043,2043
1457,1457
6301,6301
3735,7965
3735,7965
3735,3735
2550,9568
2550,9568
2550,9568
351,351
10458,998
10458,998
10458,998
10458,10458
2475,2475
6804,9554
55737,9559
51699,55737
1639,22919
5499,5527
351,351
10273,3312
10273,3312
351,351
2932,2932
351,351
5214,5214
5214,5214
214,214
214,214
214,214
26052,26052
26052,26052
23380,23380
23380,23380
10243,23380
23380,23380
23380,23380
3417,3417
4137,5654
4137,5654
6521,6521
1398,5478
1398,5478
1398,5478
7415,7415
7353,7415
55968,7415
6622,6622
392,998
5091,5091
5091,5091
5091,5091
7781,7781
1272,26047
1272,1272
5300,5604
8290,9212
60,71
10982,22924
8575,998
5704,998
5654,998
5062,998
10458,998
50855,998
10989,5160
1272,2861
23770,2861
2550,2861
2861,7184
2861,2861
2861,6520
2861,6543
2861,57348
2861,333926
23513,53616
144402,23513
23513,491
23513,490
23513,2977
23513,25824
1501,23513
23513,2904
23513,6563
1739,53616
1739,2904
1739,2977
1739,23096
1739,8776
1501,1739
1742,2977
1501,1742
2977,6641
2977,6640
6507,6507
2280,2475
3039,3043
392,663
22919,22924
23647,5879
5058,8874
3735,7965
55968,7415
23190,7415
7415,80700
80331,8618
3267,80331
163,80331
80331,8825
80331,8573
25977,80331
80331,8650
80331,9892
64145,80331
80331,9342
6622,80331
6457,80331
80331,9522
192683,80331
80331,9369
6843,80331
6855,80331
6857,80331
6844,80331
3039,80331
5718,80331
6529,80331
80331,9146
2280,2475
3039,3043
22919,22924
3735,7965
5058,8874
23190,7415
7415,80700
55968,7415
57030,80331
160,80331
246213,80331
6529,80331
3312,4137
3312,4137
274,4137
351,5354
351,55754
351,4508
351,9217
10146,9100
321,351
22883,321
321,321
2597,6521
351,351
351,351
4137,7534
274,4137
274,4137
3190,8349
114882,8349
5339,5709
3329,55157
287,6238
10469,16
10130,5036
11331,5245
1327,63893
54927,84303
113146,9868
10105,5478
11344,3151
11331,54205
1329,493
6050,7381
2286,84056
4701,832
5479,811
3309,5334
11331,23236
3313,3329
4659,7184
54927,85358
5802,6238
10575,10576
4698,4705
5962,811
1742,3329
3799,5479
10768,1937
27101,6130
3184,4137
10130,3309
55198,7531
1431,3336
10525,3309
5245,54205
6136,7001
2923,811
3151,8036
3329,81609
11140,5589
6217,6223
3151,64853
129285,2923
10469,4978
3069,6738
10529,2597
1915,3098
10476,3030
498,506
10476,506
23284,509
293,6238
1936,1937
3785,5034
1500,6647
3329,4741
3309,7184
11331,54940
8803,9793
5479,9601
4191,498
1795,9601
387680,9217
488,8671
10574,10576
56850,9601
10130,55102
3329,8473
10131,3313
4128,4129
1845,7284
10575,6950
10576,6950
4698,4701
7416,7419
3329,9897
4133,51144
498,539
4723,4731
2023,84263
23041,3151
5910,821
5479,5589
10576,22948
6188,6224
10093,81873
476,481
6223,7417
7417,7419
22884,7430
829,832
1329,7385
3313,80273
3309,58513
10525,58513
288,7203
10694,6950
6576,7184
3329,7402
10322,8682
60,9948
3151,7402
3006,7402
3006,8349
3006,8290
3151,8349
6130,79784
79026,8290
10121,5339
2058,8290
2058,8349
11076,3151
3151,9135
6421,6558
8290,8349
2319,9961
2539,3006
8290,8294
3006,6000
4130,5339
25851,3006
3308,3312
23285,8349
6709,6711
23176,989
3181,3190
3178,3181
114789,5339
3312,7408
6708,8290
8349,9475
7431,8831
4522,79026
5094,7415
8294,8349
3006,8294
3151,8294
4691,8290
5333,5339
64422,6709
10989,5481
10574,5689
3006,9901
1431,5339
5339,8290
10645,7431
1173,163
476,501
1211,1213
3006,490
3151,822
492,8349
3708,5339
7094,8349
5339,6238
8290,9693
54918,6711
3006,84364
3006,7184
3151,8290
3006,9601
3184,5906
8349,9854
10121,113146
6457,6709
3312,7265
134957,8607
3312,3840
477,667
55605,8290
387680,6709
79026,8349
25758,8349
8349,9961
114793,8349
51555,7431
287,3006
1020,2597
3006,5122
3181,3184
10419,5339
5494,6709
50944,8294
5064,51004
60,832
10146,2597
5901,8290
1629,1653
10236,4137
3295,6342
3309,5036
6624,8349
23335,6421
10121,1962
3181,5527
309,6130
10075,6710
3006,8036
51520,7431
5339,9118
10211,2319
302,79026
3329,9097
10492,26092
23041,6709
8290,9941
8290,9349
5901,8294
3309,80728
55752,989
29767,56005
3184,4131
1384,6711
10476,11034
10989,4134
2597,4712
1795,8290
1937,3006
1211,25885
5034,5479
7417,79026
10097,3184
4659,6184
4691,6709
27316,28989
23157,989
10131,60
2023,6642
3329,8650
11346,87
60,7178
5052,7178
3313,7178
10801,55752
10801,989
10801,23157
10801,4735
3028,3028
1956,6642
351,351
351,351
351,351
351,351
351,351
351,351
351,351
351,351
351,351
351,351
351,351
351,351
351,351
351,351
351,351
351,351
351,351
351,351
351,351
351,351
351,351
351,351
351,351
351,351
351,351
351,351
351,351
351,351
351,351
351,351
351,351
351,351
351,351
351,351
351,351
351,351
351,351
351,351
351,351
351,351
351,351
351,351
351,351
351,351
351,351
351,351
351,351
351,351
351,351
351,351
351,351
351,351
351,351
351,351
351,351
351,351
351,351
351,351
351,351
351,351
351,351
351,351
351,351
351,351
351,351
351,351
351,351
351,351
351,351
351,351
3320,3320
3320,3320
3320,3320
3326,3326
3326,3326
3326,3326
2048,2048
1020,1020
55737,9559
55737,9559
55737,9559
55737,9559
55737,9559
55737,9559
55737,9559
55737,9559
55737,9559
55737,9559
1399,1399
10135,10135
3799,3799
3799,3799
3735,3735
3735,3735
3735,3735
3735,3735
1956,1956
1956,1956
1956,1956
1956,1956
1956,1956
1956,1956
1956,1956
1956,1956
1956,1956
1956,1956
1956,1956
1956,1956
1956,1956
1956,1956
1956,1956
1956,1956
1956,1956
1956,1956
1956,1956
1956,1956
1956,1956
1956,1956
1956,1956
1956,1956
1956,1956
1956,1956
1956,1956
1956,1956
1956,1956
1956,1956
1956,1956
1956,1956
1956,1956
1956,1956
1956,1956
1956,1956
1956,1956
1956,1956
1956,1956
1956,1956
1956,1956
1956,1956
1956,1956
1956,1956
1956,1956
1956,1956
1956,1956
1956,1956
1956,1956
1956,1956
1956,1956
1956,1956
1956,1956
1956,1956
1956,1956
1956,1956
1956,1956
1956,1956
1956,1956
1956,1956
1956,1956
1956,1956
1956,1956
1956,1956
1956,1956
1956,1956
1956,1956
1956,1956
1956,1956
1956,1956
1956,1956
1956,1956
1956,1956
1956,1956
1956,1956
1956,1956
1956,1956
1956,1956
1956,1956
1956,1956
1956,1956
1956,1956
1956,1956
1956,1956
1956,1956
1956,1956
1956,1956
1956,1956
1956,1956
1956,1956
1956,1956
1956,1956
1956,1956
1956,1956
1956,1956
1956,1956
1956,1956
1956,1956
1956,1956
1956,1956
1956,1956
1956,1956
1956,1956
1956,1956
1956,1956
1956,1956
1956,1956
10015,128866
10015,128866
10015,128866
10015,128866
10015,128866
10015,128866
10015,128866
10015,128866
10015,128866
10015,128866
10015,128866
10015,128866
10015,128866
10015,128866
10015,128866
10015,128866
10015,128866
10015,128866
10015,128866
10015,128866
10015,128866
5621,5621
5621,5621
5621,5621
5621,5621
5621,5621
5621,5621
5621,5621
5621,5621
5621,5621
5621,5621
5621,5621
5058,5879
5058,5879
6622,6622
6622,6622
6622,6622
6622,6622
6622,6622
5413,55752
5058,5058
5058,5058
5058,5058
5058,5058
5058,5058
5058,5058
10015,10016
25801,6717
1410,3315
2782,54331
2782,54331
2782,54331
22919,9212
55847,55847
55968,7415
55968,7415
55968,7415
55968,7415
8027,9146
8027,9146
6647,6647
6647,6647
6647,6647
6647,6647
6647,6647
6647,6647
6647,6647
6647,6647
6647,6647
6647,6647
6647,6647
6647,6647
6647,6647
6647,6647
6647,6647
6647,6647
6647,6647
6647,6647
6647,6647
6647,6647
6647,6647
10015,3958
288,8546
7431,7431
7431,7431
6786,6786
6786,6786
6786,6786
6786,6786
6786,6786
6786,6786
55611,7334
1410,1410
1410,1410
1410,1410
1410,1410
1410,1410
1410,1410
1410,1410
1410,1410
1410,1410
1410,1410
1410,1410
1410,1410
1410,1410
1410,1410
1410,1410
1410,1410
1410,1410
1410,1410
1410,1410
1410,1410
1410,1410
1410,1410
1410,1410
1410,1410
1410,1410
1410,1410
1410,1410
1410,1410
1410,1410
1410,1410
1410,1410
1410,1410
1410,1410
1410,1410
10056,2193
10056,2193
5654,5654
5095,5096
1759,1759
1759,1759
3417,3417
51062,51062
51062,51062
51062,51062
51062,51062
51062,51062
51062,51062
51062,51062
51062,51062
51062,51062
51062,51062
51062,51062
51062,51062
51062,51062
51062,51062
51062,51062
51062,51062
51062,51062
51062,51062
51062,51062
51062,51062
51062,51062
51062,51062
51062,51062
51699,55737
51699,55737
51699,55737
51699,55737
51699,55737
51699,55737
51699,55737
51699,55737
51699,55737
3735,7965
3735,7965
3735,7965
3735,7965
3735,7965
3735,7965
3735,7965
3735,7965
3735,7965
3735,7965
3735,7965
3735,7965
1639,22919
1639,22919
7415,7415
7415,7415
5058,5093
5058,5093
5058,5093
5058,5093
2617,2617
2617,2617
10935,10935
10935,10935
10935,10935
10935,10935
4137,5654
4137,5654
1398,5478
1398,5478
1398,5478
4735,5413
23157,5413
10059,6455
6717,6717
5184,7874
1213,9146
1465,1465
1915,5335
1936,3895
2512,51678
2316,3688
29072,3064
2017,22941
4893,5910
387,5910
5066,8997
1739,3739
5868,9135
5906,5910
149371,5898
6176,6181
6181,6181
1191,1191
30011,6457
164,6855
162,164
2194,2194
23647,382
6854,6854
5901,5902
2475,29979
274,8723
5879,5910
23647,5879
1785,50944
1785,22941
6453,9522
22883,321
10006,55740
22941,8874
10059,2932
50944,8874
29979,5034
29993,29993
10128,55201
10492,5781
2037,2286
2037,2890
10681,2785
51429,51678
149371,55770
10092,10093
64225,84100
529,534
1072,60
11235,8428
23265,9146
2947,2947
56474,56474
26060,55198
1073,60
3983,7431
60491,7431
60,60
5049,5050
1073,71
10313,5780
10152,7414
327,327
80318,9146
5704,5705
3190,3190
1072,71
71,71
60491,60491
10458,51517
11034,60
3735,7965
6455,6455
11135,998
23265,84816
149371,9146
2670,7431
5372,5870
5050,5050
84245,84245
11345,23786
327,79876
10313,57142
23157,4735
29979,29979
60,71
1936,1937
10982,60491
11345,79876
5050,91782
1933,1937
5682,7431
10982,10982
57142,8775
1398,5706
55577,55577
140885,23321
6652,6652
7360,7360
11034,71
443,443
5631,5631
10016,10016
10982,22924
29979,6782
27316,3190
2752,2752
3190,9444
29979,9146
10313,10313
27316,9491
2512,2512
5700,5708
5701,5711
216,216
8027,9146
387,392
4830,4830
3612,3612
6717,6717
1173,163
10587,5702
23111,7846
1399,613
1399,613
71,7114
2571,5566
2571,5581
221692,5499
476,5578
476,5594
476,5595
5868,6386
10529,7791
3927,7791
1072,10808
10808,83658
11140,3320
2913,5494
6867,9793
5868,8411
1639,667
1072,3984
50944,9229
50944,50944
60491,60491
1739,815
28964,8541
11033,5581
2904,9743
387,9743
9743,998
55770,5898
1500,2534
5879,9743
9743,998
25801,6717
2534,9743
5861,5877
387,6093
387,3895
2769,7265
2549,6093
3074,3074
5594,5604
23066,9690
2036,3708
55740,7791
2776,6000
5581,7416
1499,2534
5573,5573
302,5245
85358,8874
161,3064
10133,3064
10419,4155
6867,9793
1457,5048
1459,4691
1457,3181
1457,1936
22948,60
10576,60
5566,6262
5567,6262
11345,5911
11345,5906
2185,2934
2185,2934
1213,51566
10989,51566
396,6457
25978,509
1956,509
56005,7917
25874,6176
8655,8655
1759,5303
10570,6457
2026,374291
23474,84966
2286,7917
55262,55262
11345,23192
3735,5048
293,3735
3897,8682
56267,5877
4140,527
4140,55823
4673,4673
4700,7917
3991,55968
5049,7203
5049,92609
79885,9796
4731,9796
10419,9796
5621,7917
10419,29789
5861,6624
11021,874
10542,5877
5217,5909
1400,57142
1743,23256
51155,6421
1314,8402
112476,6616
5303,6709
10273,4354
217,84966
10574,509
4700,9551
3039,537
613,84966
10980,9377
1508,7917
10540,2775
1743,5217
10980,2010
2010,6456
2010,6457
2026,311
2026,4134
1783,2039
1743,2314
1915,55004
6457,9568
3039,3043
3315,84966
3315,5464
3320,3320
1743,4673
4715,6457
4738,7345
10989,25934
4905,65991
1891,5050
5050,84966
10980,9796
1915,9796
10397,9796
5717,84966
5217,5802
6421,6421
10980,6513
6804,7431
6853,6853
6853,7431
10381,8874
7316,7345
7431,7431
6456,71
1400,217
1937,375
6176,9551
10989,7917
10989,22948
1936,1936
2026,3098
2026,7277
1400,29924
10980,79641
2512,2512
10542,1915
10542,2597
10542,28964
1400,3187
3312,7316
1915,6453
23192,81631
10989,4715
1400,4729
10980,5050
1400,5216
5217,5413
2597,5052
10980,8575
8575,8575
10980,5717
5802,7280
6421,7316
6455,6457
6613,7431
5684,6636
10342,1400
10342,10342
10381,7018
7336,84966
5217,71
4354,509
10574,1400
1915,8655
1915,5217
1400,1936
1891,1937
1937,9446
1400,3336
1937,3735
4905,6176
2597,5050
5050,7280
5684,5687
1937,5717
2597,5717
5717,7280
293,7431
6616,6804
10383,1743
10093,81873
10574,1937
1937,998
1915,3336
1400,5050
1915,5050
1400,5717
1915,5717
1937,5802
1915,6176
6176,7280
7917,9804
10381,1937
1933,1937
1936,1937
7249,7534
847,847
2744,6640
663,998
10987,7345
3039,3043
10458,50944
5864,5876
4035,9479
1742,4035
321,4035
4830,4830
4478,4478
10938,9342
30845,9342
9342,9342
10726,5048
2185,2185
1845,1956
3064,6457
7430,7430
10540,5048
1778,5048
5595,5604
5595,5605
663,998
663,663
392,663
5594,5604
5594,5605
28964,8874
28964,28964
29978,6782
392,998
1742,9146
1742,8573
1742,8831
1741,8831
5478,5530
2280,2280
3799,6616
8655,8655
6616,80725
55914,667
8655,9229
55914,55914
6521,6521
5094,5094
3190,5094
3190,3190
3178,3178
998,998
1741,1742
22895,5864
114569,7163
114569,7164
2885,2885
10612,10612
7706,7706
9135,9135
5868,9135
5702,5705
23176,5413
1453,2697
6285,6285
23647,5879
3984,7534
1739,9229
1741,9229
1742,9228
1742,58512
387,3895
3895,391
5058,8655
5058,8655
10015,10016
2058,3320
2549,2885
2697,7082
128,128
2280,2475
29993,3064
28227,5515
1410,1410
6804,6843
6804,6844
112755,6843
112755,6844
1742,2903
1741,2903
1740,2903
1742,2904
1741,2904
1740,2904
1739,9229
3945,3945
3329,760
3028,351
11069,5911
11069,5906
10645,8536
10645,5566
2316,3688
5170,5170
10092,10093
2185,9600
2185,57605
11276,26088
11276,164
1639,5870
1537,54205
51100,56904
1398,1956
2280,2475
5066,7249
5906,5909
6009,7249
6009,7249
6009,7249
6009,7249
6009,7249
6772,6772
2932,7249
5789,5802
7295,7431
8411,8411
23092,387
23092,998
9743,998
387,9743
321,351
375,375
387,3895
3895,5879
6717,6717
2280,3708
10484,9632
2539,2539
1445,3190
1471,1476
5595,5605
5595,5604
3895,391
387,3895
10612,81
26088,9135
164,9135
6742,6742
6635,6636
387,9181
387,392
2932,5578
6453,6616
1742,3739
50855,998
60491,9318
8411,8411
7408,7791
5216,7408
5217,7408
387,9826
2534,6622
4831,4831
5868,9610
5869,9610
387,9743
5879,9743
1742,4130
23647,382
1020,5058
5594,9149
1845,5595
1845,5594
11276,9522
5868,7879
5869,7879
5870,7879
85358,9229
85358,9228
58512,85358
22941,9229
22941,9228
22941,58512
6709,85358
5595,8682
5594,8682
217,3336
217,3329
3329,3336
1020,5127
6853,6854
6854,7534
6854,7531
1739,9229
1398,7514
2048,2048
30011,6456
30011,56904
30011,30011
10211,10580
387,6093
116986,2036
226,529
230,529
1173,361
5868,8411
7163,7163
7163,7164
7163,7165
7164,7164
7164,7165
7165,7165
7389,7389
1742,9229
1739,9229
1646,1646
23647,5879
23647,23647
5052,5052
5604,5604
5605,5605
5595,5604
5595,5605
5594,5604
2185,5781
3735,55157
55157,7965
3735,7965
10938,30845
10938,10938
348980,348980
1410,1410
1410,3315
2235,2235
10015,10016
10016,311
2550,9568
10121,6712
5599,6416
5594,5604
1739,491
5906,9693
4638,5058
1072,3984
6119,6119
1742,3739
87,87
7791,87
1499,2932
23136,7532
23136,7533
23136,7529
1937,833
10458,8936
6804,6844
6616,6844
6804,6844
6616,6804
10815,6804
10815,6616
10815,6844
6616,6844
2280,2280
1728,1728
6285,6285
5599,5609
396,5879
396,5879
5048,5049
5048,5050
7402,7402
10487,10487
10486,10487
10487,71
1936,2617
1759,1759
8396,8396
3688,7529
3688,4830
2534,2534
9588,9588
2185,2534
4915,53358
4915,5335
81,815
81,816
7431,7431
7431,7431
5170,5566
4830,5879
4830,58497
3476,5537
1739,8573
26056,9230
51377,5714
26088,6272
50855,5879
50855,998
6453,998
10273,3312
10273,3308
10273,3337
10121,6712
10540,65108
5802,8541
5058,5058
5058,5058
1410,5684
7415,80700
506,64756
10133,3064
2549,5781
23637,5870
6176,6176
2048,5335
5127,7534
5127,7533
10971,5127
1173,162
3184,3184
3184,3315
396,5879
396,5879
391,396
387,396
5781,5781
2782,2785
2783,2785
11047,7316
10273,10273
10273,2977
7323,84959
55697,55697
8452,8452
11047,51377
11315,6647
1956,9049
1956,226
1956,7389
1956,7345
1956,7184
1956,873
1956,2805
1956,5864
1465,1956
1072,1956
1937,1956
1956,471
10963,1956
1956,3308
1956,4190
1956,5730
1956,7167
11345,1956
1956,382
1956,6900
1956,2288
1956,9590
1956,5052
1956,79026
1956,2824
10540,1956
1778,1956
1956,23770
1956,7336
11047,1956
1956,5910
1956,3312
1956,51286
1956,8404
1173,1956
10439,1956
1956,9218
10273,1956
1956,5303
51569,7323
7323,93664
7334,93664
196403,7323
196403,7335
23321,7323
7323,7706
7334,7706
10273,10273
7249,7529
7334,7336
7334,7335
6772,81
396,998
408,998
5062,667
1213,5566
1639,6772
2037,7534
2037,7532
2549,2885
2670,6772
2885,3190
2885,3309
3320,5058
3326,6772
3799,9693
3840,5879
2885,4130
4513,7531
2752,4540
2885,4627
4627,5879
4627,7534
2885,4691
5058,5879
5058,998
5062,5879
5062,998
5879,5910
5910,998
5879,6421
2885,6506
6709,6772
6711,6772
23236,6711
29993,6711
2885,6711
6767,998
29993,7171
7316,998
2885,7316
5879,7316
7529,7531
7531,7534
7531,7532
5058,7532
7531,7533
5058,7534
7534,7534
29993,8522
5058,8874
5058,9149
2885,9229
9349,998
9743,998
2885,9743
9826,998
10015,2885
10458,998
10486,7531
10540,2885
10617,2885
10971,7531
10987,5605
10987,7534
10987,7532
11135,998
11346,7532
11346,7534
23108,7531
23108,7534
23136,7532
23580,998
25758,2885
25930,2885
50944,6772
2885,54521
114793,998
136319,5594
146691,54472
147179,2885
282974,2885
2885,399687
140690,7917
10273,4137
10617,128866
10273,26232
10724,8473
1457,8473
4137,8473
7529,815
7529,816
29072,29072
2932,2932
10273,10273
10273,3312
6622,7316
10273,3308
55611,7316
10273,3308
10273,3312
10273,1728
387,55611
10075,10075
1499,2932
1499,2932
10273,3308
10273,3320
816,816
10075,10075
10273,3308
10273,3320
10273,7316
7316,997
7334,7336
1020,7094
10273,4137
5515,5562
3184,3315
3184,3184
481,57447
2475,5578
10987,5605
1191,2885
2098,2885
2885,7018
10342,2885
2885,7249
1509,5594
2597,5594
2286,5595
3337,4893
1915,4893
4893,6717
1915,5911
2286,5911
5265,5911
2512,5911
10987,9097
2023,2885
2885,51596
2271,2885
2512,2885
2885,9948
3956,998
5213,5595
4893,6224
5516,6176
54918,6613
1020,7917
1759,1785
1785,6187
10574,1785
1785,26230
1785,6453
11345,6187
11345,5786
11345,79876
11345,7534
11345,23192
6455,7534
6455,6457
10570,6455
6455,6455
2475,2932
1937,2932
2783,2932
2932,55968
2932,7917
2932,57662
2597,2932
2932,7846
2932,7431
2932,4134
2932,6176
2932,7511
11258,2932
2932,6187
2932,84966
1915,2932
2932,3799
2932,738
23205,2932
11033,2932
10724,2932
2932,51412
2932,80150
2932,80700
2932,4354
2932,51569
2932,8570
2932,29959
1397,5833
26230,7353
6642,7353
23176,6457
23176,6455
51109,51109
6456,6457
129285,6456
10570,6456
26230,6456
30011,6456
6455,6456
2947,6456
6453,6456
3312,5599
5879,7917
396,5879
7389,7431
55968,7415
2597,3735
2597,2806
2597,26578
2597,7531
57142,6232
23564,481
1397,481
2597,6622
1915,6622
396,6391
6457,6457
3628,8655
3735,7965
64837,7965
5518,7965
60,7965
5170,8682
127281,5170
28964,5170
5170,6305
2745,2806
2273,9590
1627,2273
1627,7178
6176,7178
118,81631
1627,81631
55738,81631
81631,9043
6176,81631
1211,81631
5909,81631
23192,81631
30011,6457
396,998
53358,6457
1400,1808
10570,1808
10989,11140
11140,1428
11140,2475
11140,54862
1113,11140
11140,1639
8575,8575
1400,7415
1627,7323
23285,7323
7323,7846
6176,7323
7323,7511
2475,4735
3925,4735
5315,55577
3181,5871
396,51569
10989,213
10989,1915
6613,7431
11344,396
5300,7249
506,5300
5300,5315
23564,5300
5300,7917
3735,7431
7431,7431
1400,7431
6455,7431
10015,10454
10454,5510
10454,28964
10454,1152
10454,1072
10454,1627
10454,51056
10454,80150
10454,51451
10454,114971
10454,2058
10236,10454
10454,6176
10454,5573
310,523
2783,310
26230,310
310,55611
221184,310
3032,310
10574,310
310,7917
2597,310
310,7846
310,7431
310,7114
310,5162
23564,310
310,60
10980,310
1400,310
310,6187
1508,310
310,506
1915,310
10681,310
10381,310
310,51412
310,5315
310,347733
5595,8682
2885,5530
2885,28964
2885,998
1457,3800
408,5595
408,5594
2932,408
3184,5093
26986,5093
3184,5094
26986,5094
10015,30011
7316,8078
10273,10273
10273,3308
2932,4137
10273,4137
3308,6647
10273,10273
7334,7335
7316,7334
6622,6622
10273,10273
10273,3308
10273,6622
8290,9212
5333,5898
8290,9212
5499,6421
7316,8078
7316,7874
55611,7316
10617,7316
7316,7345
6285,6285
7846,87
1605,7846
1605,87
1605,3688
3688,7846
1605,7094
1605,7414
7094,7846
7414,7846
3006,5578
4155,5578
286262,5499
26092,5499
5499,9859
1213,5499
1152,5499
1267,5499
1272,5499
1398,5499
1639,5499
114569,5499
259217,4897
5799,9793
10273,3312
4155,5527
1399,59338
163,6453
351,7532
22905,6453
3267,6453
3268,6453
6453,7461
58513,6453
6453,6453
1213,6453
23647,6453
10015,6453
6453,9135
6453,9229
163,6453
6453,6453
5868,6453
382,6453
23647,6453
5594,5604
5594,5605
5702,5702
11140,11140
5887,7316
1499,3094
5682,5683
5683,5684
5683,5687
5682,5682
5682,5687
5689,5693
5682,5693
5683,5693
5684,5693
5684,9212
5530,5687
5578,8290
29979,351
23190,29979
5689,5693
5689,5696
29979,351
29978,29979
5562,5717
5705,815
7316,8078
10617,7316
30011,7316
6311,6456
6311,6457
9212,9212
128866,25930
25930,6456
10015,128866
10015,6456
10015,30011
3984,4155
1020,1759
10015,9525
10015,10015
7316,9690
7334,7336
7334,7335
1956,5579
10015,10015
26088,375
26088,7316
10015,10015
10015,30011
10273,3320
10273,3312
10273,3308
26088,9135
5901,5902
7334,7335
7334,7336
10617,7316
29979,29979
29978,29978
2554,29979
1072,3984
55611,7316
26088,6272
7316,8027
9212,9212
7316,9100
1213,161
1213,163
1213,164
1213,26088
1213,26088
29979,58513
2048,2048
1457,26088
26986,6311
55968,7415
7316,7334
10910,3320
1759,1759
7316,7336
10273,10273
79876,79876
7317,997
7317,7323
10226,23111
3735,7965
3735,5594
7316,7336
7316,7334
7334,7336
2011,2011
7316,9146
27101,27101
4738,8883
4738,8883
8883,9040
7316,7874
7316,8237
2597,2597
23770,5700
3735,7965
1457,9318
1457,50813
1457,1457
51377,7316
7316,7345
7316,7345
4035,54862
4035,9479
351,8774
22919,4035
351,9479
22919,351
26986,26986
2932,3308
1457,3308
2932,3320
1457,3320
7316,7336
55236,7316
1400,3064
1400,7431
1937,1937
1891,1937
1891,3064
10989,10989
3064,6457
28964,3064
3064,5217
4747,7431
6457,7431
7431,7431
5713,7431
7316,7334
997,997
1020,273
2885,613
26088,9135
10454,8473
8454,997
26088,6272
7334,7336
997,997
26232,3688
7334,7335
7334,7336
8575,8575
9690,9690
3184,3184
10492,3184
10131,5704
2521,5036
1457,5905
5692,8454
8452,8452
5689,5693
5689,5696
5692,5693
5692,5696
5693,5694
5684,5693
5687,5694
5694,5696
5696,5696
5687,5693
5687,5696
5702,5704
5702,5702
4133,4140
10987,29959
10987,7295
4830,4830
1739,2903
1739,2904
1742,2903
1742,2904
4644,8655
8655,9229
8537,8655
10987,4282
8290,9212
5524,9212
4673,9318
26088,26088
2550,2775
1508,30011
5602,6416
128866,128866
128866,27183
25978,25978
27183,27183
25978,26227
10617,2885
10617,8027
10617,128866
11315,11315
9690,9690
7316,997
5594,5594
27101,5594
1457,1457
10938,51479
11315,11315
1742,3739
1739,3739
5048,5048
55737,8724
3420,6311
9444,9491
3190,9444
5094,9444
11047,29979
29979,80318
29979,29979
1155,7874
26088,6272
6311,87
26128,6311
6311,6457
6311,7917
6311,6456
5093,5094
5093,7360
3190,5093
5093,9444
5621,5684
4137,4139
1191,87
2011,9181
2782,54331
2778,2782
2011,7402
5599,6416
6416,6416
2932,4137
4137,5566
2931,4137
1020,4137
2534,2534
5058,998
7415,7415
6311,6457
6311,6456
6455,6457
6455,6456
6455,6455
6456,6457
6456,6456
6457,6457
81,9146
200186,5562
1410,1410
1410,3315
10938,64145
30845,64145
351,9040
2770,2782
2771,2782
2773,2782
2770,2783
2771,2783
2773,2783
1410,1410
1410,1410
1410,1410
4137,4139
4137,5566
2932,4137
2011,5581
1410,1410
2931,4137
4140,4140
1191,5621
1410,6622
10953,7415
10953,51382
10953,5562
3312,832
11315,11315
8454,9040
8452,9040
11315,11315
4155,5595
4155,5594
1020,4155
7316,997
2773,2782
2773,5577
23513,5595
23513,5578
2932,4137
2932,2932
5599,5599
2023,2534
2512,2512
6921,8453
4155,5595
4155,5594
1213,2534
11315,11315
1499,2932
2932,5594
5599,5609
7316,7334
2932,4137
4137,5566
1499,5599
11315,11315
6622,6622
2534,6622
1457,6622
1457,6622
1457,348
1457,1457
1457,4137
11315,11315
2534,6622
2023,2534
2931,5566
2932,5566
11315,11315
1453,6622
1453,4137
4137,5566
5058,5058
1072,3984
3064,3064
11140,348
11140,351
1020,11140
11140,3337
10724,11140
11140,7001
348,348
2193,348
348,7001
348,6009
351,5864
348,6767
348,71
22905,348
348,53822
348,5654
348,9922
348,5110
1072,351
2185,4137
2932,4137
4137,815
4155,5595
2670,9212
5579,5579
2664,2794
2794,7803
5599,9255
26060,26060
1020,4137
2932,4137
10273,3308
10273,3320
5527,5594
1962,847
4137,5566
4137,5524
10133,3064
3064,51466
2512,3064
3064,6867
26578,3064
5524,5579
5499,5579
5579,5579
10000,2932
5599,5609
51466,6709
10458,998
5602,5602
6635,6636
7536,7536
3190,7536
3187,7536
3188,7536
3178,51645
3315,3315
5093,53938
10492,3190
3190,3190
27316,3190
3184,3190
26986,3190
10419,10419
3188,3188
3188,9444
5094,5094
9444,9444
23192,81631
1457,6176
1457,51566
1457,6421
1457,6188
1457,3840
11333,1457
1457,4735
1457,3069
1457,813
1457,27044
1457,5684
1457,1933
1457,1654
1457,490
1457,27316
1457,5567
1457,3181
1457,3326
1457,498
1457,54521
1457,4691
1457,1936
10130,1457
1457,3320
1457,64423
1457,4172
1457,821
1457,23122
1457,9049
10135,4535
10135,2512
2931,5578
2931,5579
2931,5582
7415,7415
7334,7336
286262,5499
5499,8027
23228,5499
10910,1457
2534,2902
2534,2904
2902,818
2904,818
2902,5578
2904,5578
2475,2923
4155,5594
3612,3612
84245,84245
2752,2752
5730,5730
5730,5730
5700,5708
2947,2947
4830,60491
253260,3308
2475,253260
1499,2521
1956,1956
26986,6311
3320,3320
5578,5578
5599,6416
5594,5605
55611,7316
10617,7316
10273,10273
5579,5579
5062,5062
1457,92675
1072,3984
1759,51429
1785,51429
5901,5902
4137,5599
351,5599
351,9479
4082,5579
3151,5578
5578,8650
5581,8650
5579,8650
1457,4627
10728,3320
1213,408
5216,60
310,5566
10133,81631
6921,8065
10273,3312
1499,2932
10133,51552
26056,51552
23305,23305
613,7316
55611,7316
55856,55856
5567,55738
427,57118
6993,7295
6648,6648
509,5265
3939,3939
2597,2597
1191,7917
2773,5905
10617,84284
10454,5516
10454,5518
3476,5515
1845,8573
5094,8573
3688,5162
57118,8452
387,9826
55738,7905
10987,55738
216,217
4627,5515
10728,3326
11135,998
3735,7965
3939,3945
10061,3030
4852,7917
6782,7917
1191,9349
1891,1936
2773,479
351,7165
10454,11151
2885,3190
7295,81
6232,81
6232,87
162,4915
348,55738
2885,7431
2521,27316
25932,3326
23191,2782
147179,2885
10458,57142
4054,5879
23647,5879
23530,9961
2885,7317
128,128
226,226
847,847
87,9253
128,5052
479,4852
479,5479
535,8723
1173,6169
1374,3309
1459,3006
1459,5034
1737,8050
1785,2885
2521,4190
2521,8148
2617,5599
2752,2752
2770,5905
2783,5162
2885,5445
2937,2937
2982,5599
3033,6772
3295,5599
3313,7514
3315,5494
4513,5682
4684,6009
4830,4831
4831,5868
5058,8655
5447,6772
5578,5692
5599,6181
5682,5683
5682,5684
5682,5825
5684,9212
5684,9253
5869,7905
6921,8452
7001,7534
7360,7360
7415,7534
7430,7430
7531,7532
7531,7534
9588,9588
9961,9961
10015,2885
10015,6455
10247,4513
10728,3320
10971,7531
10987,7001
1399,85358
1459,23170
22908,5578
23193,5599
23193,5906
23647,6642
2885,85358
29979,4852
29979,6782
55740,5594
5594,85358
10016,10016
10243,10243
10935,10935
10987,85358
26060,56896
55157,56896
10243,37
5682,87
8050,87
4155,5595
4155,5594
30011,7316
4155,5594
4155,5594
4155,5594
1956,5566
51678,83658
51678,6224
1785,51678
3184,60
1938,3184
3184,4354
2987,3184
3184,5034
2316,3184
3184,6520
3184,5604
10801,3184
10989,3184
28989,3184
3184,51596
1508,3184
3184,7384
10935,3184
23236,2776
38,38
55856,55856
7706,7706
55233,667
55233,5537
5518,6801
6801,8428
29966,6801
1499,29966
29966,8428
7082,9414
10617,8027
10419,813
10498,9444
10419,7534
8659,8659
9135,9135
7316,7316
29979,7316
3300,7316
7316,7323
10982,9212
22924,9212
11315,11315
50944,50944
3612,6285
23192,81631
7323,7323
10273,10273
10273,3312
1499,2932
7316,7323
63893,63893
4155,5579
7316,997
7316,997
11047,51377
51377,51377
2861,6386
7316,7317
6613,6613
8454,9040
7316,7353
7316,7345
55611,7316
7316,80124
1457,6188
10681,54331
10681,2785
2782,54331
7334,7334
7323,7323
997,997
4137,4139
4137,4140
2011,8536
2011,8536
7316,80124
55611,7316
23770,6009
1400,1808
1400,1400
2944,2947
547,5684
9961,9961
816,9961
55697,9961
4735,5413
5413,5413
23157,5413
6804,6804
63908,6804
6804,9342
5684,6804
7317,997
7316,997
10133,9230
2475,2782
2011,4137
2011,4137
4137,7277
10381,4137
5599,5609
10617,7316
10458,2011
10075,8036
10133,10133
2475,84335
2475,2475
5599,7534
4137,5566
4137,5573
2932,4137
10273,3312
10273,10273
10987,8454
10980,10987
1639,4137
10728,3320
2534,4137
2280,2475
11047,7316
55968,7415
10273,7316
7316,8078
10910,1457
286,6708
10273,613
10133,7316
60,60
60,71
1072,60
1073,60
1962,60
10486,60
11034,60
71,71
1072,71
1073,71
1962,71
10486,71
11034,71
87,87
163,293
191,191
216,216
226,226
226,230
10016,311
10342,311
327,327
347,9218
387,396
498,506
527,5684
528,528
3831,663
29979,813
816,816
5912,816
11332,816
817,817
6386,874
55697,883
6386,997
5062,998
11135,998
1072,1073
1073,1073
10486,1073
1073,11034
1327,6386
1400,1400
1400,1809
1410,1410
11332,1410
1781,83658
1808,1808
1808,1809
1808,56896
1933,1937
1936,1936
1936,1937
1936,7178
1974,1974
2010,2010
2051,60491
2098,2098
2170,57698
2286,29979
2512,2512
2512,6386
2539,2539
2670,2670
2752,2752
2781,2781
2885,3190
10617,2885
2885,60491
2912,29979
2937,2937
2947,2947
2947,2949
2949,2949
3190,3190
3190,9444
10152,3190
27316,3190
3251,3251
3251,6386
3382,5862
3612,3612
3615,3615
3735,7965
3796,3796
3799,5577
3799,8887
3927,5684
3927,55964
3939,3945
3939,5602
3945,3945
3958,3958
4144,4144
4282,4282
23549,4354
4355,8825
4735,5413
23157,4735
4830,4830
5034,5034
5050,5050
5110,7965
5213,5213
10152,5300
5372,5870
5413,5413
23157,5413
29979,5479
5515,55697
10152,5562
5631,5631
5682,5684
5682,7415
22919,5682
22924,5682
51100,5682
5684,5684
5684,5687
5684,5692
5684,7536
22859,5684
25930,5684
30011,5684
5684,80017
22924,5689
5700,5708
5700,5711
5701,5711
5702,5702
5702,5706
5706,5706
5706,6386
10213,5713
10313,5780
114569,5780
5834,5834
5860,5860
5864,5877
55198,5878
58473,5910
6050,6386
29979,6184
6252,6386
6285,6285
6386,8618
10152,6386
22924,6386
26578,6386
54585,6386
55577,6386
55964,6386
56648,6386
6455,6455
6455,6456
114569,6455
6470,6470
10313,6642
57142,6642
6652,6652
29979,6782
6843,9342
6844,9342
51100,7165
29979,7316
55611,7323
29979,7335
7360,7360
10152,7408
7414,7414
7415,7415
55968,7415
7791,8825
7791,84816
7965,9255
11235,8428
8514,8514
8522,8522
8573,8825
8574,8574
8575,8575
11034,8887
22931,8887
10152,9146
23265,9146
23647,9146
9217,9885
10152,9743
9961,9961
10016,10016
10105,10152
10133,10133
10133,10890
10152,10152
10152,56243
10247,10247
10313,10313
10342,10342
10458,10458
10486,10486
10540,10540
10767,53918
10768,10768
10801,23157
10982,10982
10982,22919
11047,51377
11311,64145
11332,29979
11345,23786
11345,55738
11345,79876
113146,11345
22919,22919
22919,22924
23157,55964
23190,29979
140885,23321
23549,23549
23564,55697
23647,23647
114569,23647
23786,51090
25813,54927
26060,26060
26060,55198
26060,63893
26086,26086
27316,27316
28970,55697
29925,81567
29979,29979
29979,51144
29979,55739
29979,441518
30011,30011
51100,51100
51100,56904
51181,51181
51466,51466
51571,60491
51699,55737
54438,54438
54585,54585
54828,80262
55156,56181
55233,55964
55577,55577
55964,55964
56474,56474
56648,60491
57142,57142
57698,57698
60491,60491
64853,64853
65991,65991
79026,79026
80318,80318
84056,84056
84245,84245
84959,84959
114569,203068
29072,8290
7316,7334
9690,9690
4155,5594
4155,5594
2475,253260
253260,2932
3925,818
5868,8411
10015,6386
5170,5170
5058,84446
1020,4137
7316,7334
10987,8454
10987,8453
4738,7316
7317,7317
55611,7323
8454,9040
11345,64422
4137,84959
11345,23192
2932,4137
1020,4137
26056,8774
1639,5870
8883,9040
7316,7874
7316,9690
7317,7334
1956,3320
1956,3312
1956,2017
1956,3326
1956,5578
10273,1956
1399,1956
1956,2885
1445,1956
1956,6622
10971,1956
1956,7534
1956,7529
10015,1956
1956,5581
10454,1956
1956,4137
10458,1956
1956,6772
1956,6456
1956,81
1398,1956
1956,2597
1956,6457
1956,5599
1500,1956
1956,408
1956,51429
1956,4915
1956,5058
1956,8874
1956,3308
1956,7846
1956,2549
1956,351
1956,4035
30011,7316
4738,8452
8454,9040
10987,8454
55611,7316
7317,7323
55611,7316
8065,9040
10987,8454
7316,997
7316,7334
30845,64145
10938,64145
10938,10938
10938,30845
30845,30845
22843,5562
5494,5562
5562,84254
10542,213
10542,5265
2932,4137
1020,4137
1453,4137
5515,5837
8428,8428
1457,1457
4140,4140
817,817
4738,55611
2932,4137
5518,5529
5529,5529
5499,5529
11047,51377
55823,7430
55968,7415
7415,80700
23190,7415
6804,9554
5515,8536
51400,5515
51400,8536
7316,7334
7334,7334
7334,7336
10801,30011
1457,55611
55611,7316
10980,10980
7317,997
7317,7334
10617,7316
55611,7316
5034,5034
253260,2932
253260,2931
1499,2932
1499,2931
3315,87
3315,81
286,3315
3315,811
1974,3315
2036,3315
2617,3315
3188,3315
3315,3320
10627,3315
3315,4673
3315,53918
3315,87178
3315,5494
3315,5684
3315,5687
10728,3315
3315,5786
3315,6636
10273,3315
3315,9868
3315,7178
3315,7353
3315,7381
3315,7514
3315,7529
1983,3315
2288,3315
3315,9446
3315,9414
116988,3315
163,3315
3315,8874
3315,8536
10938,3315
23136,3315
3181,3315
3308,3315
3315,55699
3315,3831
3315,7798
3315,4638
3315,8775
3315,51517
10133,3315
3315,84457
3315,5898
3315,6305
3315,6396
3315,6711
3315,9352
3315,7531
120,3315
1982,3315
2037,3315
2665,3315
3315,56850
3069,3315
3315,3326
3309,3315
3315,3315
10075,3315
3315,3476
3315,5700
3315,7431
3315,7533
10971,3315
3315,7534
1457,7323
2915,5578
5705,7431
5704,5705
3735,7965
7965,7965
5578,5578
5879,9743
5578,6812
22933,7277
5789,8541
8541,8541
1457,8473
1457,4673
1457,4676
26060,51493
1398,51493
1398,55748
1398,3927
1398,5049
1398,5566
1398,55697
1445,5170
2885,50855
2885,7415
1627,2885
22924,55198
6710,6772
1398,54443
1398,2098
1398,5700
1398,23157
27101,5578
6993,7416
815,815
3028,9804
10452,3028
4155,5594
5245,54828
164,9135
26088,9135
387,392
392,5879
392,998
7316,7316
7316,9690
55611,7316
10617,7316
3267,9859
9181,9859
54862,9859
1399,9859
9201,9859
1639,9859
283638,9859
3796,9859
7533,9859
10097,9859
817,9859
1459,9859
2885,9859
64342,9859
3927,9859
7798,9859
22919,9859
4507,9859
136319,9859
4677,9859
10529,9859
8682,9859
129285,9859
6386,9859
64744,9859
10910,9859
5976,9859
10121,1639
10120,1639
1639,55750
1639,9212
1639,254863
1639,23271
1639,23332
1213,1639
1639,9201
10540,1639
11258,1639
1639,51164
1639,1785
1639,1778
11160,1639
10525,1639
1639,283638
1639,3796
1639,3927
1639,7798
1639,81631
1639,55201
1639,4133
1639,22919
10982,1639
1639,22924
1639,4137
1639,4673
1639,4676
1639,23530
10213,1639
1639,5713
1639,5862
11021,1639
1639,6391
1639,7384
1639,9181
1639,54862
1639,23122
1639,1781
1639,2011
136319,1639
1639,4698
10529,1639
1639,5048
1639,5976
22848,6993
120,6993
27236,6993
57584,6993
1639,6993
10049,6993
667,6993
1778,6993
1781,6993
51143,6993
1783,6993
6993,83658
6993,7798
118,6993
2109,6993
2549,6993
6993,9922
29959,6993
6993,8473
11276,6993
84335,84335
1072,1073
1073,60
10801,23157
11047,51377
11235,8428
1808,1808
1933,1937
22924,5682
27316,3190
2947,2947
2949,2949
5050,5050
3612,3612
3939,3945
5684,5684
5684,5687
5701,5711
60,60
60,71
6652,6652
71,71
7791,84816
7353,7415
57599,7316
10980,5594
64601,65082
64601,65082
57617,64601
5562,9100
9491,9491
1956,81
1956,351
1956,8874
1956,408
10458,1956
1398,1956
1399,1956
1445,1956
1500,1956
1956,2017
1956,7430
1956,2549
1956,2597
1956,2885
1956,3320
1956,3326
1956,3308
1956,3312
1956,4035
1956,5599
1956,4137
1956,4915
1956,5058
10015,1956
1956,5578
1956,5581
1956,6456
1956,6457
1956,6622
1956,51429
1956,6772
10273,1956
10454,1956
1956,7846
1956,7295
1956,7529
10971,1956
1956,7534
7316,9690
10075,7316
55611,7316
9149,9149
1509,6622
10075,10075
1499,5582
29978,3178
7316,9690
7316,8887
81631,8887
11345,8887
10987,8454
10273,3312
10273,3312
10273,10273
8452,8452
10273,10419
7323,7874
5566,5717
10617,7316
55611,7316
7334,7336
10273,10273
10015,10015
6613,8237
55611,7316
10617,7316
7316,8027
1410,1410
3028,4967
3028,498
1431,3028
2746,3028
3028,5160
3028,5162
3028,8050
3028,3030
3028,3032
226,3028
2752,3028
3028,4190
6613,7874
7316,8454
7316,8453
7316,8452
7316,8078
7316,9097
51377,7316
7316,7345
55611,7316
10075,10075
9690,9690
10273,3308
10273,3312
10273,10273
7706,7706
2280,2475
10987,8454
3685,5595
10133,7316
55611,7316
10617,7316
7316,8078
5594,9588
1410,1410
1410,351
10273,10273
23236,2776
4155,5594
4155,5599
1956,1956
3417,3417
5447,5447
6708,6708
1956,1956
1956,1956
1956,1956
1956,1956
1956,1956
6711,6711
23176,6711
6711,6812
116986,998
116986,5879
116986,387
116986,375
1457,5594
6622,7874
60,60
10486,60
1073,60
60,71
71,71
10486,71
1073,71
226,230
10016,311
10342,311
347,9218
6386,874
2010,9217
2512,2512
2670,2670
3939,3945
4830,4830
10133,10133
5631,5631
7316,7706
7334,7706
5705,8036
55740,5879
4155,5594
1956,1956
11047,29978
11047,7316
10987,8454
1457,3300
10273,10273
10075,10075
10075,10075
56829,7706
1956,3688
1956,1956
7534,7534
1956,1956
1956,1956
873,873
11343,11343
5160,54704
38,5160
38,54704
1956,5781
1956,5786
10574,333926
10576,333926
22948,333926
333926,7203
333926,6950
10575,333926
2885,5786
2036,5786
23362,5786
10409,5786
11336,5786
10458,5786
2549,5786
5799,9146
5799,8027
3309,5799
5799,6786
5315,9212
1956,5532
1956,5494
1956,1956
1956,1956
5315,5594
5300,5315
6709,6711
6709,6710
6709,6712
6709,8997
3735,6709
5058,5058
5058,5494
5058,5515
5058,5499
5062,5494
5494,5578
1956,2549
387,54443
1956,1956
5499,5527
1956,1956
1933,7178
23558,7316
23558,54472
23558,29979
22905,23558
10075,23558
146691,23558
10000,2932
1499,7874
1956,5781
6622,6622
5550,6622
5594,5609
6262,6262
4155,5594
7706,7706
56829,7706
10457,1956
4155,5594
27122,3417
5781,6772
375,55738
1956,1956
10617,7316
10273,3312
6262,6262
9690,9690
10075,10075
5566,7534
5573,7534
387,396
22933,396
10273,10273
5594,5609
1956,1956
274,4137
4155,5786
10273,10273
10273,1728
10273,3312
10273,10273
1956,1956
5579,644
644,644
1457,7874
1457,7874
5599,5609
29072,3064
84335,84335
1191,351
7532,84335
7532,7532
7532,7534
7534,7534
960,960
483,8682
27101,8682
10987,8682
3337,8682
114876,8682
5236,8682
7082,8682
10987,8682
8454,9040
10075,1499
5518,6801
5518,8541
261726,5518
1152,5518
2235,5518
47,5518
5516,5518
5518,5520
5515,5518
29966,5518
5518,5527
5518,5529
11140,5518
5518,55844
51400,5518
28227,5518
5499,5510
286262,5499
5499,55914
5499,55210
5202,5499
5499,8607
47,5520
5516,5520
5515,5520
2235,5515
3476,5515
22948,55844
55844,7203
10575,55844
47,55844
5516,55844
5520,55844
5515,55844
10576,55844
10574,55844
55844,80349
51400,55844
5709,7803
7803,8237
5705,7803
5708,7803
7316,7345
51377,7316
51377,7316
10075,7316
7316,7874
55611,7316
51100,56904
11047,51377
5701,5711
5700,5708
5700,5701
51100,51100
5700,5711
22919,22924
10982,22919
10982,22924
3796,6993
2011,8573
10982,8573
3796,8573
4134,998
7531,8573
23332,9793
23332,4134
22919,8573
10273,10273
7316,7874
7316,7874
7353,7415
10938,51479
7316,8078
7415,7415
8454,9040
9040,9040
10075,7874
7316,7874
7316,7345
10273,10273
10273,4137
51100,56904
22919,22924
5701,5711
22924,22924
22919,22919
5566,5577
54585,54585
10540,22924
10342,10342
11047,51377
1785,2885
56904,56904
55577,55577
6285,6285
27316,27316
1785,1785
1785,51429
1398,5706
114569,2571
2937,2937
2670,4747
23786,5354
6285,6285
114569,6285
80318,8546
4747,9146
10342,9146
10133,10133
10801,23157
29979,51138
55156,56181
10313,65009
114569,65009
10419,4691
10419,6632
10397,6252
10273,3313
7316,7874
7415,9927
10075,10075
7317,7323
7316,7317
51569,79876
2280,2475
6844,7415
55968,7415
7415,80700
7415,7415
1956,1956
1956,1956
4893,6093
4893,5413
10938,4893
4354,4893
10458,4893
4893,6558
253260,4893
4893,5333
4893,6708
2011,4893
4893,5297
4893,6305
4140,4893
4893,9475
4893,50488
3996,4893
4893,55914
2885,4893
3688,4893
4893,8650
4893,5573
10542,4893
119,4893
4893,54521
4893,682
4893,490
10419,4893
2037,4893
4893,493
23157,4893
1739,4893
4893,6520
23176,4893
4893,6059
2036,4893
23191,4893
4893,6711
4893,65108
4893,5711
4893,4905
4893,9253
4478,4893
4893,6709
4893,55752
118,4893
10801,4893
23603,4893
4893,7165
4893,989
120,4893
23513,4893
10381,4893
7316,8887
10273,10840
4155,5594
302,6187
302,4967
7317,7334
