C	Cn	autism_spectrum_disorder	actual overlap	expected overlap	OR	95% CI	p-value	p.adjusted	{p_value}	BC	p-value(ALT)	p.adjusted(ALT)	BC(ALT)	Alzheimer's_disease	actual overlap	expected overlap	OR	95% CI	p-value	p.adjusted	{p_value}	BC	p-value(ALT)	p.adjusted(ALT)	BC(ALT)	hypertension	actual overlap	expected overlap	OR	95% CI	p-value	p.adjusted	{p_value}	BC	p-value(ALT)	p.adjusted(ALT)	BC(ALT)	autistic_disorder	actual overlap	expected overlap	OR	95% CI	p-value	p.adjusted	{p_value}	BC	p-value(ALT)	p.adjusted(ALT)	BC(ALT)	Huntington's_disease	actual overlap	expected overlap	OR	95% CI	p-value	p.adjusted	{p_value}	BC	p-value(ALT)	p.adjusted(ALT)	BC(ALT)	Parkinson's_disease	actual overlap	expected overlap	OR	95% CI	p-value	p.adjusted	{p_value}	BC	p-value(ALT)	p.adjusted(ALT)	BC(ALT)	epilepsy_syndrome	actual overlap	expected overlap	OR	95% CI	p-value	p.adjusted	{p_value}	BC	p-value(ALT)	p.adjusted(ALT)	BC(ALT)	multiple_sclerosis	actual overlap	expected overlap	OR	95% CI	p-value	p.adjusted	{p_value}	BC	p-value(ALT)	p.adjusted(ALT)	BC(ALT)	bipolar_disorder	actual overlap	expected overlap	OR	95% CI	p-value	p.adjusted	{p_value}	BC	p-value(ALT)	p.adjusted(ALT)	BC(ALT)	schizophrenia	actual overlap	expected overlap	OR	95% CI	p-value	p.adjusted	{p_value}	BC	p-value(ALT)	p.adjusted(ALT)	BC(ALT)	frontotemporal_dementia	actual overlap	expected overlap	OR	95% CI	p-value	p.adjusted	{p_value}	BC	p-value(ALT)	p.adjusted(ALT)	BC(ALT)	
1	74		5	3.3584	1.5374	[0.61,3.85]	0.269542	1	0.1		0.739177	1			25	8.05028	4.35103	[2.66,7.11]	7.44296e-08	0.000417382	0.1	***	1	1			17	4.60957	4.71523	[2.70,8.22]	1.43182e-06	0.00401465	0.1	**	1	1			5	3.30901	1.56204	[0.62,3.92]	0.272116	1	0.1		0.739324	1			6	1.30056	5.25544	[2.21,12.50]	0.00146647	0.747599	0.1		0.999723	1			14	3.47364	5.00305	[2.75,9.11]	4.9956e-06	0.0103472	0.1	**	0.999999	1			6	4.28031	1.44755	[0.62,3.37]	0.187225	1	0.1		0.800109	1			10	3.02914	3.81376	[1.93,7.55]	0.000583114	0.344206	0.1		0.999824	1			8	4.67542	1.82038	[0.87,3.83]	0.0977775	1	0.1		0.911459	1			22	10.816	2.52247	[1.52,4.18]	0.00048256	0.300675	0.1		0.999677	1			8	1.89321	4.887	[2.29,10.43]	0.000436072	0.300675	0.1		0.999906	1		
2	275		6	12.4805	0.453081	[0.20,1.03]	0.0283273	1	0.1		0.0168905	1			24	29.9166	0.772137	[0.50,1.19]	0.138347	1	0.1		0.0415318	1			12	17.1301	0.672834	[0.37,1.22]	0.113113	1	0.1		0.0456747	1			6	12.297	0.460395	[0.20,1.05]	0.0317323	1	0.1		0.018744	1			3	4.83315	0.601393	[0.19,1.92]	0.278168	1	0.1		0.149199	1			9	12.9088	0.673007	[0.34,1.33]	0.15733	1	0.1		0.0658901	1			7	15.9066	0.409548	[0.19,0.88]	0.00751994	1	0.1		0.00470629	1			7	11.257	0.596614	[0.28,1.28]	0.11452	1	0.1		0.0555282	1			14	17.3749	0.784731	[0.45,1.36]	0.235686	1	0.1		0.0751204	1			39	40.1947	0.963181	[0.68,1.37]	0.458478	1	0.1		0.0693907	1			5	7.0356	0.691919	[0.28,1.71]	0.284745	1	0.1		0.126964	1		
3	109		2	4.94683	0.387156	[0.09,1.58]	0.120262	1	0.1		0.0827405	1			12	11.8578	1.01381	[0.55,1.86]	0.470905	1	0.1		0.245402	1			1	6.78977	0.1363	[0.02,0.98]	0.00696421	1	0.1		0.0061382	1			2	4.87408	0.393275	[0.10,1.60]	0.126642	1	0.1		0.0866369	1			4	1.91568	2.18971	[0.79,6.10]	0.0822123	1	0.1		0.95824	1			3	5.11657	0.568487	[0.18,1.81]	0.238807	1	0.1		0.132346	1			4	6.30478	0.614583	[0.22,1.68]	0.23472	1	0.1		0.119115	1			6	4.46185	1.37711	[0.60,3.18]	0.298489	1	0.1		0.67386	1			5	6.88676	0.707713	[0.29,1.75]	0.304243	1	0.1		0.132939	1			11	15.9317	0.649839	[0.35,1.22]	0.108387	1	0.1		0.046376	1			0	2.78865	0	[0.00,0.00]	1	1	0.1		1	1		
4	34		1	1.54305	0.635617	[0.09,4.67]	0.538728	1	0.1		0.333805	1			2	3.69878	0.51001	[0.12,2.13]	0.26809	1	0.1		0.166363	1			2	2.11791	0.940423	[0.22,3.94]	0.643789	1	0.1		0.27896	1			1	1.52036	0.645606	[0.09,4.74]	0.546469	1	0.1		0.336599	1			2	0.597553	3.55844	[0.84,15.11]	0.0982305	1	0.1		0.978855	1			3	1.596	1.97875	[0.60,6.53]	0.139717	1	0.1		0.92716	1			5	1.96663	2.84381	[1.09,7.41]	0.0317	1	0.1		0.987924	1			1	1.39177	0.708395	[0.10,5.21]	0.591385	1	0.1		0.351216	1			2	2.14816	0.926197	[0.22,3.88]	0.63532	1	0.1		0.278382	1			7	4.96952	1.52006	[0.66,3.51]	0.214814	1	0.1		0.780552	1			2	0.869855	2.40487	[0.57,10.16]	0.160682	1	0.1		0.945036	1		
5	2		0	0.0907675	0	[0.00,0.00]	1	1	0.1		1	1			0	0.217575	0	[0.00,0.00]	1	1	0.1		1	1			1	0.124583	15.1039	[0.94,242.13]	0.116848	1	0.1		0.996133	1			0	0.0894327	0	[0.00,0.00]	1	1	0.1		1	1			0	0.0351502	0	[0.00,0.00]	1	1	0.1		1	1			0	0.0938821	0	[0.00,0.00]	1	1	0.1		1	1			0	0.115684	0	[0.00,0.00]	1	1	0.1		1	1			0	0.0818687	0	[0.00,0.00]	1	1	0.1		1	1			0	0.126363	0	[0.00,0.00]	1	1	0.1		1	1			1	0.292325	5.84909	[0.37,93.63]	0.249653	1	0.1		0.978664	1			0	0.051168	0	[0.00,0.00]	1	1	0.1		1	1		
6	24		4	1.08921	4.271	[1.45,12.61]	0.0175855	1	0.1		0.996157	1			2	2.6109	0.7437	[0.17,3.17]	0.506538	1	0.1		0.259652	1			1	1.49499	0.653265	[0.09,4.86]	0.553776	1	0.1		0.341035	1			4	1.07319	4.33909	[1.47,12.82]	0.0168	1	0.1		0.996396	1			0	0.421802	0	[0.00,0.00]	1	1	0.1		1	1			1	1.12659	0.882195	[0.12,6.56]	0.688167	1	0.1		0.373713	1			2	1.38821	1.4845	[0.35,6.35]	0.488117	1	0.1		0.602907	1			0	0.982425	0	[0.00,0.00]	1	1	0.1		1	1			1	1.51635	0.643417	[0.09,4.78]	0.546351	1	0.1		0.338416	1			3	3.5079	0.83377	[0.25,2.80]	0.526126	1	0.1		0.229361	1			1	0.614016	1.66171	[0.22,12.41]	0.339535	1	0.1		0.875533	1		
7	18		0	0.816908	0	[0.00,0.00]	1	1	0.1		1	1			1	1.95818	0.480834	[0.06,3.62]	0.401692	1	0.1		0.276421	1			3	1.12125	3.03249	[0.87,10.54]	0.0750407	1	0.1		0.97749	1			0	0.804894	0	[0.00,0.00]	1	1	0.1		1	1			0	0.316352	0	[0.00,0.00]	1	1	0.1		1	1			1	0.844939	1.19524	[0.16,9.02]	0.373988	1	0.1		0.794159	1			2	1.04116	2.04409	[0.47,8.94]	0.197681	1	0.1		0.917964	1			0	0.736819	0	[0.00,0.00]	1	1	0.1		1	1			1	1.13726	0.871752	[0.12,6.57]	0.683809	1	0.1		0.375632	1			1	2.63092	0.342629	[0.05,2.58]	0.236849	1	0.1		0.17901	1			0	0.460512	0	[0.00,0.00]	1	1	0.1		1	1		
8	246		7	11.1644	0.602426	[0.28,1.29]	0.120133	1	0.1		0.0577539	1			34	26.7617	1.3373	[0.92,1.95]	0.0841204	1	0.1		0.886235	1			14	15.3237	0.903584	[0.52,1.57]	0.424923	1	0.1		0.104816	1			6	11.0002	0.519744	[0.23,1.18]	0.06849	1	0.1		0.03744	1			3	4.32347	0.677875	[0.21,2.16]	0.364226	1	0.1		0.180336	1			13	11.5475	1.14152	[0.64,2.03]	0.376953	1	0.1		0.465015	1			13	14.2291	0.903998	[0.51,1.60]	0.432986	1	0.1		0.109033	1			7	10.0699	0.673806	[0.31,1.45]	0.200796	1	0.1		0.0869874	1			13	15.5426	0.818998	[0.46,1.45]	0.299623	1	0.1		0.0903474	1			33	35.956	0.900032	[0.62,1.31]	0.329916	1	0.1		0.065514	1			5	6.29366	0.780649	[0.32,1.93]	0.391668	1	0.1		0.155333	1		
9	4		0	0.181535	0	[0.00,0.00]	1	1	0.1		1	1			0	0.43515	0	[0.00,0.00]	1	1	0.1		1	1			0	0.249166	0	[0.00,0.00]	1	1	0.1		1	1			0	0.178865	0	[0.00,0.00]	1	1	0.1		1	1			0	0.0703003	0	[0.00,0.00]	1	1	0.1		1	1			0	0.187764	0	[0.00,0.00]	1	1	0.1		1	1			1	0.231368	5.44659	[0.56,52.55]	0.193619	1	0.1		0.981497	1			0	0.163737	0	[0.00,0.00]	1	1	0.1		1	1			1	0.252725	4.95642	[0.51,47.80]	0.207915	1	0.1		0.978079	1			3	0.58465	17.6009	[1.83,169.47]	0.0106301	1	0.1		0.999547	1			0	0.102336	0	[0.00,0.00]	1	1	0.1		1	1		
10	1		0	0.0453838	0	[0.00,0.00]	1	1	0.1		1	1			0	0.108788	0	[0.00,0.00]	1	1	0.1		1	1			0	0.0622914	0	[0.00,0.00]	1	1	0.1		1	1			0	0.0447164	0	[0.00,0.00]	1	1	0.1		1	1			0	0.0175751	0	[0.00,0.00]	1	1	0.1		1	1			0	0.046941	0	[0.00,0.00]	1	1	0.1		1	1			0	0.057842	0	[0.00,0.00]	1	1	0.1		1	1			0	0.0409344	0	[0.00,0.00]	1	1	0.1		1	1			0	0.0631813	0	[0.00,0.00]	1	1	0.1		1	1			0	0.146162	0	[0.00,0.00]	1	1	0.1		1	1			0	0.025584	0	[0.00,0.00]	1	1	0.1		1	1		
11	1		0	0.0453838	0	[0.00,0.00]	1	1	0.1		1	1			0	0.108788	0	[0.00,0.00]	1	1	0.1		1	1			0	0.0622914	0	[0.00,0.00]	1	1	0.1		1	1			0	0.0447164	0	[0.00,0.00]	1	1	0.1		1	1			0	0.0175751	0	[0.00,0.00]	1	1	0.1		1	1			0	0.046941	0	[0.00,0.00]	1	1	0.1		1	1			0	0.057842	0	[0.00,0.00]	1	1	0.1		1	1			0	0.0409344	0	[0.00,0.00]	1	1	0.1		1	1			0	0.0631813	0	[0.00,0.00]	1	1	0.1		1	1			0	0.146162	0	[0.00,0.00]	1	1	0.1		1	1			0	0.025584	0	[0.00,0.00]	1	1	0.1		1	1		
12	1		0	0.0453838	0	[0.00,0.00]	1	1	0.1		1	1			0	0.108788	0	[0.00,0.00]	1	1	0.1		1	1			0	0.0622914	0	[0.00,0.00]	1	1	0.1		1	1			0	0.0447164	0	[0.00,0.00]	1	1	0.1		1	1			0	0.0175751	0	[0.00,0.00]	1	1	0.1		1	1			0	0.046941	0	[0.00,0.00]	1	1	0.1		1	1			0	0.057842	0	[0.00,0.00]	1	1	0.1		1	1			0	0.0409344	0	[0.00,0.00]	1	1	0.1		1	1			0	0.0631813	0	[0.00,0.00]	1	1	0.1		1	1			0	0.146162	0	[0.00,0.00]	1	1	0.1		1	1			0	0.025584	0	[0.00,0.00]	1	1	0.1		1	1		
13	1		0	0.0453838	0	[0.00,0.00]	1	1	0.1		1	1			0	0.108788	0	[0.00,0.00]	1	1	0.1		1	1			0	0.0622914	0	[0.00,0.00]	1	1	0.1		1	1			0	0.0447164	0	[0.00,0.00]	1	1	0.1		1	1			0	0.0175751	0	[0.00,0.00]	1	1	0.1		1	1			0	0.046941	0	[0.00,0.00]	1	1	0.1		1	1			0	0.057842	0	[0.00,0.00]	1	1	0.1		1	1			0	0.0409344	0	[0.00,0.00]	1	1	0.1		1	1			0	0.0631813	0	[0.00,0.00]	1	1	0.1		1	1			0	0.146162	0	[0.00,0.00]	1	1	0.1		1	1			0	0.025584	0	[0.00,0.00]	1	1	0.1		1	1		
14	59		3	2.67764	1.12873	[0.35,3.64]	0.470694	1	0.1		0.477671	1			6	6.41846	0.926521	[0.40,2.17]	0.535299	1	0.1		0.167827	1			5	3.67519	1.40101	[0.56,3.53]	0.255505	1	0.1		0.732034	1			3	2.63826	1.14665	[0.36,3.70]	0.476932	1	0.1		0.479095	1			2	1.03693	1.98633	[0.48,8.28]	0.193632	1	0.1		0.915654	1			3	2.76952	1.08894	[0.34,3.51]	0.456281	1	0.1		0.473442	1			3	3.41268	0.871109	[0.27,2.80]	0.552396	1	0.1		0.224931	1			2	2.41513	0.820127	[0.20,3.39]	0.562853	1	0.1		0.266047	1			1	3.7277	0.253016	[0.03,1.83]	0.104327	1	0.1		0.0836056	1			5	8.62358	0.537378	[0.21,1.35]	0.119114	1	0.1		0.0652667	1			0	1.50945	0	[0.00,0.00]	1	1	0.1		1	1		
15	14		1	0.635373	1.62107	[0.21,12.45]	0.348098	1	0.1		0.869515	1			2	1.52303	1.36687	[0.31,6.13]	0.46976	1	0.1		0.611883	1			1	0.87208	1.15853	[0.15,8.89]	0.378613	1	0.1		0.784462	1			1	0.626029	1.64654	[0.21,12.65]	0.346114	1	0.1		0.872665	1			0	0.246051	0	[0.00,0.00]	1	1	0.1		1	1			0	0.657175	0	[0.00,0.00]	1	1	0.1		1	1			0	0.809789	0	[0.00,0.00]	1	1	0.1		1	1			2	0.573081	3.93681	[0.87,17.72]	0.0922947	1	0.1		0.982405	1			0	0.884538	0	[0.00,0.00]	1	1	0.1		1	1			1	2.04627	0.448523	[0.06,3.43]	0.371386	1	0.1		0.262306	1			0	0.358176	0	[0.00,0.00]	1	1	0.1		1	1		
16	315		8	14.2959	0.529682	[0.26,1.08]	0.0441128	1	0.1		0.0232641	1			27	34.2681	0.754464	[0.50,1.13]	0.0993882	1	0.1		0.0306281	1			18	19.6218	0.906315	[0.55,1.48]	0.404176	1	0.1		0.0921156	1			7	14.0857	0.466963	[0.22,1.00]	0.0236961	1	0.1		0.0137517	1			3	5.53615	0.519231	[0.16,1.66]	0.184998	1	0.1		0.108172	1			6	14.7864	0.37651	[0.17,0.85]	0.00616631	1	0.1		0.0040494	1			10	18.2202	0.51541	[0.27,0.98]	0.0204899	1	0.1		0.0108658	1			10	12.8943	0.754852	[0.39,1.44]	0.2463	1	0.1		0.0884183	1			18	19.9021	0.891775	[0.55,1.46]	0.378476	1	0.1		0.0894802	1			42	46.0412	0.891807	[0.64,1.25]	0.282828	1	0.1		0.0542977	1			7	8.05895	0.856902	[0.40,1.86]	0.437562	1	0.1		0.143546	1		
17	2		0	0.0907675	0	[0.00,0.00]	1	1	0.1		1	1			0	0.217575	0	[0.00,0.00]	1	1	0.1		1	1			0	0.124583	0	[0.00,0.00]	1	1	0.1		1	1			0	0.0894327	0	[0.00,0.00]	1	1	0.1		1	1			0	0.0351502	0	[0.00,0.00]	1	1	0.1		1	1			0	0.0938821	0	[0.00,0.00]	1	1	0.1		1	1			1	0.115684	16.3475	[1.02,262.11]	0.109017	1	0.1		0.996666	1			0	0.0818687	0	[0.00,0.00]	1	1	0.1		1	1			0	0.126363	0	[0.00,0.00]	1	1	0.1		1	1			0	0.292325	0	[0.00,0.00]	1	1	0.1		1	1			0	0.051168	0	[0.00,0.00]	1	1	0.1		1	1		
18	1		0	0.0453838	0	[0.00,0.00]	1	1	0.1		1	1			1	0.108788	0	[0.00,0.00]	0.108788	1	0.1		1	1			0	0.0622914	0	[0.00,0.00]	1	1	0.1		1	1			0	0.0447164	0	[0.00,0.00]	1	1	0.1		1	1			0	0.0175751	0	[0.00,0.00]	1	1	0.1		1	1			0	0.046941	0	[0.00,0.00]	1	1	0.1		1	1			0	0.057842	0	[0.00,0.00]	1	1	0.1		1	1			0	0.0409344	0	[0.00,0.00]	1	1	0.1		1	1			0	0.0631813	0	[0.00,0.00]	1	1	0.1		1	1			0	0.146162	0	[0.00,0.00]	1	1	0.1		1	1			0	0.025584	0	[0.00,0.00]	1	1	0.1		1	1		
19	111		6	5.0376	1.20808	[0.52,2.78]	0.402429	1	0.1		0.512153	1			10	12.0754	0.807168	[0.42,1.56]	0.324217	1	0.1		0.106771	1			2	6.91435	0.271005	[0.07,1.10]	0.0266876	1	0.1		0.0204829	1			6	4.96352	1.22755	[0.53,2.83]	0.410611	1	0.1		0.512675	1			1	1.95083	0.501865	[0.07,3.64]	0.413874	1	0.1		0.277572	1			2	5.21046	0.366534	[0.09,1.49]	0.099497	1	0.1		0.0697788	1			5	6.42047	0.763781	[0.31,1.89]	0.371827	1	0.1		0.150855	1			3	4.54372	0.645028	[0.20,2.05]	0.326428	1	0.1		0.166925	1			6	7.01313	0.843988	[0.37,1.94]	0.440992	1	0.1		0.153503	1			14	16.224	0.839717	[0.48,1.48]	0.328361	1	0.1		0.0947621	1			2	2.83982	0.693513	[0.17,2.84]	0.455017	1	0.1		0.238348	1		
20	167		3	7.57909	0.375592	[0.12,1.19]	0.0492572	1	0.1		0.0334299	1			14	18.1675	0.742236	[0.43,1.29]	0.17736	1	0.1		0.0618213	1			5	10.4027	0.454882	[0.19,1.12]	0.0452032	1	0.1		0.0272007	1			3	7.46763	0.381559	[0.12,1.21]	0.0532783	1	0.1		0.0359323	1			0	2.93504	0	[0.00,0.00]	1	1	0.1		1	1			6	7.83915	0.749523	[0.33,1.71]	0.323381	1	0.1		0.128734	1			1	9.65962	0.0946411	[0.01,0.68]	0.000458557	0.300675	0.1		0.000419267	1			11	6.83604	1.69353	[0.90,3.18]	0.0682469	1	0.1		0.9314	1			9	10.5513	0.839517	[0.42,1.66]	0.381765	1	0.1		0.120599	1			16	24.4091	0.609478	[0.36,1.03]	0.033754	1	0.1		0.0149007	1			7	4.27253	1.70949	[0.78,3.73]	0.139007	1	0.1		0.869698	1		
21	1		1	0.0453838	0	[0.00,0.00]	0.0453838	1	0.1		1	1			1	0.108788	0	[0.00,0.00]	0.108788	1	0.1		1	1			1	0.0622914	0	[0.00,0.00]	0.0622914	1	0.1		1	1			1	0.0447164	0	[0.00,0.00]	0.0447164	1	0.1		1	1			0	0.0175751	0	[0.00,0.00]	1	1	0.1		1	1			0	0.046941	0	[0.00,0.00]	1	1	0.1		1	1			0	0.057842	0	[0.00,0.00]	1	1	0.1		1	1			1	0.0409344	0	[0.00,0.00]	0.0409344	1	0.1		1	1			1	0.0631813	0	[0.00,0.00]	0.0631813	1	0.1		1	1			1	0.146162	0	[0.00,0.00]	0.146162	1	0.1		1	1			0	0.025584	0	[0.00,0.00]	1	1	0.1		1	1		
22	20		0	0.907675	0	[0.00,0.00]	1	1	0.1		1	1			1	2.17575	0.430004	[0.06,3.22]	0.343218	1	0.1		0.24382	1			1	1.24583	0.791549	[0.11,5.93]	0.643203	1	0.1		0.367694	1			0	0.894327	0	[0.00,0.00]	1	1	0.1		1	1			0	0.351502	0	[0.00,0.00]	1	1	0.1		1	1			0	0.938821	0	[0.00,0.00]	1	1	0.1		1	1			0	1.15684	0	[0.00,0.00]	1	1	0.1		1	1			0	0.818687	0	[0.00,0.00]	1	1	0.1		1	1			0	1.26363	0	[0.00,0.00]	1	1	0.1		1	1			1	2.92325	0.306402	[0.04,2.29]	0.186984	1	0.1		0.144877	1			0	0.51168	0	[0.00,0.00]	1	1	0.1		1	1		
23	3		0	0.136151	0	[0.00,0.00]	1	1	0.1		1	1			0	0.326363	0	[0.00,0.00]	1	1	0.1		1	1			0	0.186874	0	[0.00,0.00]	1	1	0.1		1	1			0	0.134149	0	[0.00,0.00]	1	1	0.1		1	1			0	0.0527253	0	[0.00,0.00]	1	1	0.1		1	1			0	0.140823	0	[0.00,0.00]	1	1	0.1		1	1			0	0.173526	0	[0.00,0.00]	1	1	0.1		1	1			1	0.122803	11.7732	[1.06,130.44]	0.113004	1	0.1		0.995134	1			1	0.189544	7.4364	[0.67,82.26]	0.166421	1	0.1		0.988563	1			0	0.438487	0	[0.00,0.00]	1	1	0.1		1	1			0	0.0767519	0	[0.00,0.00]	1	1	0.1		1	1		
24	1		0	0.0453838	0	[0.00,0.00]	1	1	0.1		1	1			0	0.108788	0	[0.00,0.00]	1	1	0.1		1	1			0	0.0622914	0	[0.00,0.00]	1	1	0.1		1	1			0	0.0447164	0	[0.00,0.00]	1	1	0.1		1	1			0	0.0175751	0	[0.00,0.00]	1	1	0.1		1	1			0	0.046941	0	[0.00,0.00]	1	1	0.1		1	1			0	0.057842	0	[0.00,0.00]	1	1	0.1		1	1			0	0.0409344	0	[0.00,0.00]	1	1	0.1		1	1			0	0.0631813	0	[0.00,0.00]	1	1	0.1		1	1			0	0.146162	0	[0.00,0.00]	1	1	0.1		1	1			0	0.025584	0	[0.00,0.00]	1	1	0.1		1	1		
25	60		2	2.72303	0.722602	[0.18,2.98]	0.482773	1	0.1		0.247417	1			4	6.52725	0.581738	[0.21,1.61]	0.202836	1	0.1		0.107662	1			1	3.73749	0.252476	[0.03,1.83]	0.103572	1	0.1		0.0830313	1			2	2.68298	0.734015	[0.18,3.03]	0.492876	1	0.1		0.25018	1			1	1.05451	0.946762	[0.13,6.92]	0.715461	1	0.1		0.372792	1			1	2.81646	0.341001	[0.05,2.47]	0.218958	1	0.1		0.16417	1			2	3.47052	0.558273	[0.14,2.30]	0.316312	1	0.1		0.186831	1			2	2.45606	0.805798	[0.20,3.33]	0.551938	1	0.1		0.263929	1			3	3.79088	0.778048	[0.24,2.50]	0.469016	1	0.1		0.210011	1			6	8.76974	0.645844	[0.28,1.51]	0.205449	1	0.1		0.0959285	1			1	1.53504	0.642432	[0.09,4.68]	0.542727	1	0.1		0.333733	1		
26	35		2	1.58843	1.27753	[0.30,5.36]	0.461376	1	0.1		0.593811	1			4	3.80756	1.05753	[0.37,3.01]	0.457176	1	0.1		0.419132	1			1	2.1802	0.440755	[0.06,3.23]	0.348975	1	0.1		0.244615	1			2	1.56507	1.2977	[0.31,5.45]	0.464502	1	0.1		0.595053	1			0	0.615128	0	[0.00,0.00]	1	1	0.1		1	1			1	1.64294	0.595238	[0.08,4.37]	0.505502	1	0.1		0.320854	1			4	2.02447	2.11895	[0.74,6.05]	0.0923798	1	0.1		0.951243	1			2	1.4327	1.42458	[0.34,5.98]	0.482397	1	0.1		0.598848	1			3	2.21135	1.39424	[0.42,4.58]	0.306243	1	0.1		0.722094	1			7	5.11568	1.46538	[0.64,3.37]	0.210986	1	0.1		0.775994	1			0	0.895439	0	[0.00,0.00]	1	1	0.1		1	1		
27	132		16	5.99066	3.0631	[1.78,5.27]	0.000185388	0.138615	0.1		0.999921	1			30	14.36	2.5016	[1.65,3.80]	6.3845e-05	0.0550809	0.1		0.999949	1			14	8.22247	1.82739	[1.04,3.22]	0.0267246	1	0.1		0.974559	1			16	5.90256	3.115	[1.81,5.36]	0.000157328	0.126037	0.1		0.999934	1			6	2.31991	2.79843	[1.19,6.55]	0.0196077	1	0.1		0.991976	1			18	6.19622	3.41151	[2.03,5.72]	2.54197e-05	0.0316772	0.1	*	0.999991	1			20	7.63515	3.06771	[1.87,5.02]	3.87772e-05	0.0434906	0.1		0.999983	1			10	5.40334	1.97334	[1.02,3.83]	0.0494574	1	0.1		0.956341	1			21	8.33993	2.94934	[1.82,4.78]	4.35853e-05	0.0444391	0.1		0.99998	1			46	19.2934	3.28459	[2.27,4.75]	2.76618e-09	3.1024e-05	0.1	***	1	1			5	3.37709	1.52219	[0.61,3.79]	0.26929	1	0.1		0.737225	1		
28	33		3	1.49766	2.1199	[0.64,7.00]	0.126776	1	0.1		0.939742	1			4	3.58999	1.13103	[0.40,3.23]	0.491158	1	0.1		0.42634	1			3	2.05562	1.51083	[0.46,4.98]	0.310999	1	0.1		0.734623	1			3	1.47564	2.15354	[0.65,7.12]	0.123816	1	0.1		0.942358	1			2	0.579978	3.67407	[0.86,15.63]	0.0940757	1	0.1		0.980478	1			3	1.54905	2.04519	[0.62,6.76]	0.133618	1	0.1		0.933389	1			1	1.90879	0.507119	[0.07,3.73]	0.422677	1	0.1		0.283702	1			1	1.35083	0.730704	[0.10,5.38]	0.605964	1	0.1		0.355464	1			1	2.08498	0.461462	[0.06,3.39]	0.373314	1	0.1		0.258187	1			6	4.82336	1.3009	[0.54,3.16]	0.420134	1	0.1		0.533973	1			0	0.844271	0	[0.00,0.00]	1	1	0.1		1	1		
29	42		1	1.90612	0.510633	[0.07,3.73]	0.424876	1	0.1		0.284002	1			6	4.56908	1.36991	[0.57,3.27]	0.287143	1	0.1		0.685199	1			2	2.61624	0.750899	[0.18,3.12]	0.508734	1	0.1		0.255768	1			1	1.87809	0.518659	[0.07,3.79]	0.433089	1	0.1		0.287998	1			1	0.738154	1.36804	[0.19,10.07]	0.358901	1	0.1		0.832135	1			0	1.97152	0	[0.00,0.00]	1	1	0.1		1	1			2	2.42937	0.812984	[0.20,3.38]	0.558282	1	0.1		0.266669	1			2	1.71924	1.17335	[0.28,4.89]	0.443921	1	0.1		0.582742	1			3	2.65362	1.14208	[0.35,3.72]	0.474043	1	0.1		0.481567	1			4	6.13882	0.612557	[0.22,1.72]	0.244156	1	0.1		0.125954	1			2	1.07453	1.92035	[0.46,8.04]	0.200814	1	0.1		0.90876	1		
30	1		0	0.0453838	0	[0.00,0.00]	1	1	0.1		1	1			1	0.108788	0	[0.00,0.00]	0.108788	1	0.1		1	1			0	0.0622914	0	[0.00,0.00]	1	1	0.1		1	1			0	0.0447164	0	[0.00,0.00]	1	1	0.1		1	1			0	0.0175751	0	[0.00,0.00]	1	1	0.1		1	1			0	0.046941	0	[0.00,0.00]	1	1	0.1		1	1			0	0.057842	0	[0.00,0.00]	1	1	0.1		1	1			0	0.0409344	0	[0.00,0.00]	1	1	0.1		1	1			0	0.0631813	0	[0.00,0.00]	1	1	0.1		1	1			0	0.146162	0	[0.00,0.00]	1	1	0.1		1	1			0	0.025584	0	[0.00,0.00]	1	1	0.1		1	1		
31	101		4	4.58376	0.864742	[0.31,2.37]	0.512561	1	0.1		0.193155	1			7	10.9875	0.604397	[0.28,1.31]	0.12658	1	0.1		0.0609644	1			1	6.29143	0.147491	[0.02,1.06]	0.0110165	1	0.1		0.00961714	1			4	4.51635	0.878539	[0.32,2.41]	0.525732	1	0.1		0.194874	1			3	1.77508	1.73926	[0.54,5.61]	0.160637	1	0.1		0.899221	1			6	4.74105	1.29058	[0.56,2.98]	0.281085	1	0.1		0.666456	1			4	5.84205	0.666559	[0.24,1.83]	0.296096	1	0.1		0.141364	1			4	4.13437	0.965407	[0.35,2.65]	0.601874	1	0.1		0.201078	1			5	6.38131	0.768182	[0.31,1.90]	0.377464	1	0.1		0.1524	1			11	14.7624	0.709116	[0.38,1.33]	0.177266	1	0.1		0.0686258	1			3	2.58398	1.17037	[0.37,3.75]	0.485882	1	0.1		0.478766	1		
32	1		0	0.0453838	0	[0.00,0.00]	1	1	0.1		1	1			0	0.108788	0	[0.00,0.00]	1	1	0.1		1	1			0	0.0622914	0	[0.00,0.00]	1	1	0.1		1	1			0	0.0447164	0	[0.00,0.00]	1	1	0.1		1	1			0	0.0175751	0	[0.00,0.00]	1	1	0.1		1	1			0	0.046941	0	[0.00,0.00]	1	1	0.1		1	1			0	0.057842	0	[0.00,0.00]	1	1	0.1		1	1			0	0.0409344	0	[0.00,0.00]	1	1	0.1		1	1			0	0.0631813	0	[0.00,0.00]	1	1	0.1		1	1			0	0.146162	0	[0.00,0.00]	1	1	0.1		1	1			0	0.025584	0	[0.00,0.00]	1	1	0.1		1	1		
33	15		0	0.680756	0	[0.00,0.00]	1	1	0.1		1	1			0	1.63181	0	[0.00,0.00]	1	1	0.1		1	1			0	0.934372	0	[0.00,0.00]	1	1	0.1		1	1			0	0.670745	0	[0.00,0.00]	1	1	0.1		1	1			0	0.263626	0	[0.00,0.00]	1	1	0.1		1	1			1	0.704116	1.45238	[0.19,11.10]	0.359949	1	0.1		0.845569	1			1	0.867631	1.16409	[0.15,8.89]	0.377469	1	0.1		0.786006	1			1	0.614016	1.67721	[0.22,12.82]	0.342795	1	0.1		0.876487	1			0	0.94772	0	[0.00,0.00]	1	1	0.1		1	1			0	2.19244	0	[0.00,0.00]	1	1	0.1		1	1			0	0.38376	0	[0.00,0.00]	1	1	0.1		1	1		
34	103		8	4.67453	1.80279	[0.86,3.76]	0.0989446	1	0.1		0.90953	1			7	11.2051	0.591502	[0.27,1.28]	0.113499	1	0.1		0.0556652	1			4	6.41602	0.602547	[0.22,1.65]	0.221085	1	0.1		0.113842	1			8	4.60578	1.83212	[0.88,3.82]	0.0992044	1	0.1		0.909887	1			1	1.81023	0.542232	[0.07,3.94]	0.454923	1	0.1		0.297302	1			4	4.83493	0.816864	[0.30,2.24]	0.464586	1	0.1		0.185371	1			11	5.95773	1.98939	[1.05,3.77]	0.03452	1	0.1		0.970051	1			4	4.21624	0.945455	[0.34,2.60]	0.585413	1	0.1		0.200265	1			9	6.50768	1.43338	[0.72,2.87]	0.188483	1	0.1		0.785359	1			16	15.0547	1.07619	[0.63,1.85]	0.445615	1	0.1		0.327758	1			5	2.63515	1.98609	[0.79,4.98]	0.142562	1	0.1		0.885535	1		
35	1		0	0.0453838	0	[0.00,0.00]	1	1	0.1		1	1			0	0.108788	0	[0.00,0.00]	1	1	0.1		1	1			0	0.0622914	0	[0.00,0.00]	1	1	0.1		1	1			0	0.0447164	0	[0.00,0.00]	1	1	0.1		1	1			0	0.0175751	0	[0.00,0.00]	1	1	0.1		1	1			0	0.046941	0	[0.00,0.00]	1	1	0.1		1	1			0	0.057842	0	[0.00,0.00]	1	1	0.1		1	1			0	0.0409344	0	[0.00,0.00]	1	1	0.1		1	1			0	0.0631813	0	[0.00,0.00]	1	1	0.1		1	1			0	0.146162	0	[0.00,0.00]	1	1	0.1		1	1			0	0.025584	0	[0.00,0.00]	1	1	0.1		1	1		
36	1		0	0.0453838	0	[0.00,0.00]	1	1	0.1		1	1			1	0.108788	0	[0.00,0.00]	0.108788	1	0.1		1	1			0	0.0622914	0	[0.00,0.00]	1	1	0.1		1	1			0	0.0447164	0	[0.00,0.00]	1	1	0.1		1	1			0	0.0175751	0	[0.00,0.00]	1	1	0.1		1	1			1	0.046941	0	[0.00,0.00]	0.046941	1	0.1		1	1			0	0.057842	0	[0.00,0.00]	1	1	0.1		1	1			0	0.0409344	0	[0.00,0.00]	1	1	0.1		1	1			0	0.0631813	0	[0.00,0.00]	1	1	0.1		1	1			0	0.146162	0	[0.00,0.00]	1	1	0.1		1	1			0	0.025584	0	[0.00,0.00]	1	1	0.1		1	1		
37	1		0	0.0453838	0	[0.00,0.00]	1	1	0.1		1	1			0	0.108788	0	[0.00,0.00]	1	1	0.1		1	1			0	0.0622914	0	[0.00,0.00]	1	1	0.1		1	1			0	0.0447164	0	[0.00,0.00]	1	1	0.1		1	1			0	0.0175751	0	[0.00,0.00]	1	1	0.1		1	1			0	0.046941	0	[0.00,0.00]	1	1	0.1		1	1			0	0.057842	0	[0.00,0.00]	1	1	0.1		1	1			0	0.0409344	0	[0.00,0.00]	1	1	0.1		1	1			0	0.0631813	0	[0.00,0.00]	1	1	0.1		1	1			0	0.146162	0	[0.00,0.00]	1	1	0.1		1	1			0	0.025584	0	[0.00,0.00]	1	1	0.1		1	1		
38	1		0	0.0453838	0	[0.00,0.00]	1	1	0.1		1	1			0	0.108788	0	[0.00,0.00]	1	1	0.1		1	1			0	0.0622914	0	[0.00,0.00]	1	1	0.1		1	1			0	0.0447164	0	[0.00,0.00]	1	1	0.1		1	1			0	0.0175751	0	[0.00,0.00]	1	1	0.1		1	1			0	0.046941	0	[0.00,0.00]	1	1	0.1		1	1			0	0.057842	0	[0.00,0.00]	1	1	0.1		1	1			0	0.0409344	0	[0.00,0.00]	1	1	0.1		1	1			0	0.0631813	0	[0.00,0.00]	1	1	0.1		1	1			0	0.146162	0	[0.00,0.00]	1	1	0.1		1	1			0	0.025584	0	[0.00,0.00]	1	1	0.1		1	1		
39	1		0	0.0453838	0	[0.00,0.00]	1	1	0.1		1	1			0	0.108788	0	[0.00,0.00]	1	1	0.1		1	1			0	0.0622914	0	[0.00,0.00]	1	1	0.1		1	1			0	0.0447164	0	[0.00,0.00]	1	1	0.1		1	1			0	0.0175751	0	[0.00,0.00]	1	1	0.1		1	1			0	0.046941	0	[0.00,0.00]	1	1	0.1		1	1			0	0.057842	0	[0.00,0.00]	1	1	0.1		1	1			0	0.0409344	0	[0.00,0.00]	1	1	0.1		1	1			0	0.0631813	0	[0.00,0.00]	1	1	0.1		1	1			0	0.146162	0	[0.00,0.00]	1	1	0.1		1	1			0	0.025584	0	[0.00,0.00]	1	1	0.1		1	1		
40	6		0	0.272303	0	[0.00,0.00]	1	1	0.1		1	1			0	0.652725	0	[0.00,0.00]	1	1	0.1		1	1			0	0.373749	0	[0.00,0.00]	1	1	0.1		1	1			0	0.268298	0	[0.00,0.00]	1	1	0.1		1	1			0	0.105451	0	[0.00,0.00]	1	1	0.1		1	1			0	0.281646	0	[0.00,0.00]	1	1	0.1		1	1			0	0.347052	0	[0.00,0.00]	1	1	0.1		1	1			0	0.245606	0	[0.00,0.00]	1	1	0.1		1	1			0	0.379088	0	[0.00,0.00]	1	1	0.1		1	1			1	0.876974	1.1686	[0.14,10.02]	0.785534	1	0.1		0.398273	1			0	0.153504	0	[0.00,0.00]	1	1	0.1		1	1		
41	4		0	0.181535	0	[0.00,0.00]	1	1	0.1		1	1			1	0.43515	2.73429	[0.28,26.34]	0.308203	1	0.1		0.938949	1			1	0.249166	5.03226	[0.52,48.54]	0.205571	1	0.1		0.978667	1			0	0.178865	0	[0.00,0.00]	1	1	0.1		1	1			0	0.0703003	0	[0.00,0.00]	1	1	0.1		1	1			0	0.187764	0	[0.00,0.00]	1	1	0.1		1	1			1	0.231368	5.44659	[0.56,52.55]	0.193619	1	0.1		0.981497	1			0	0.163737	0	[0.00,0.00]	1	1	0.1		1	1			0	0.252725	0	[0.00,0.00]	1	1	0.1		1	1			0	0.58465	0	[0.00,0.00]	1	1	0.1		1	1			0	0.102336	0	[0.00,0.00]	1	1	0.1		1	1		
42	7		0	0.317686	0	[0.00,0.00]	1	1	0.1		1	1			0	0.761513	0	[0.00,0.00]	1	1	0.1		1	1			1	0.43604	2.51434	[0.30,20.96]	0.296768	1	0.1		0.934063	1			0	0.313014	0	[0.00,0.00]	1	1	0.1		1	1			0	0.123026	0	[0.00,0.00]	1	1	0.1		1	1			1	0.328587	3.39524	[0.41,28.33]	0.246535	1	0.1		0.960601	1			0	0.404894	0	[0.00,0.00]	1	1	0.1		1	1			0	0.286541	0	[0.00,0.00]	1	1	0.1		1	1			0	0.442269	0	[0.00,0.00]	1	1	0.1		1	1			1	1.02314	0.973577	[0.12,8.10]	0.727332	1	0.1		0.39675	1			0	0.179088	0	[0.00,0.00]	1	1	0.1		1	1		
43	1		1	0.0453838	0	[0.00,0.00]	0.0453838	1	0.1		1	1			0	0.108788	0	[0.00,0.00]	1	1	0.1		1	1			0	0.0622914	0	[0.00,0.00]	1	1	0.1		1	1			1	0.0447164	0	[0.00,0.00]	0.0447164	1	0.1		1	1			0	0.0175751	0	[0.00,0.00]	1	1	0.1		1	1			0	0.046941	0	[0.00,0.00]	1	1	0.1		1	1			0	0.057842	0	[0.00,0.00]	1	1	0.1		1	1			0	0.0409344	0	[0.00,0.00]	1	1	0.1		1	1			0	0.0631813	0	[0.00,0.00]	1	1	0.1		1	1			1	0.146162	0	[0.00,0.00]	0.146162	1	0.1		1	1			0	0.025584	0	[0.00,0.00]	1	1	0.1		1	1		
44	1		0	0.0453838	0	[0.00,0.00]	1	1	0.1		1	1			0	0.108788	0	[0.00,0.00]	1	1	0.1		1	1			0	0.0622914	0	[0.00,0.00]	1	1	0.1		1	1			0	0.0447164	0	[0.00,0.00]	1	1	0.1		1	1			0	0.0175751	0	[0.00,0.00]	1	1	0.1		1	1			0	0.046941	0	[0.00,0.00]	1	1	0.1		1	1			0	0.057842	0	[0.00,0.00]	1	1	0.1		1	1			0	0.0409344	0	[0.00,0.00]	1	1	0.1		1	1			0	0.0631813	0	[0.00,0.00]	1	1	0.1		1	1			0	0.146162	0	[0.00,0.00]	1	1	0.1		1	1			0	0.025584	0	[0.00,0.00]	1	1	0.1		1	1		
45	1		0	0.0453838	0	[0.00,0.00]	1	1	0.1		1	1			0	0.108788	0	[0.00,0.00]	1	1	0.1		1	1			0	0.0622914	0	[0.00,0.00]	1	1	0.1		1	1			0	0.0447164	0	[0.00,0.00]	1	1	0.1		1	1			0	0.0175751	0	[0.00,0.00]	1	1	0.1		1	1			0	0.046941	0	[0.00,0.00]	1	1	0.1		1	1			0	0.057842	0	[0.00,0.00]	1	1	0.1		1	1			0	0.0409344	0	[0.00,0.00]	1	1	0.1		1	1			0	0.0631813	0	[0.00,0.00]	1	1	0.1		1	1			0	0.146162	0	[0.00,0.00]	1	1	0.1		1	1			0	0.025584	0	[0.00,0.00]	1	1	0.1		1	1		
46	109		4	4.94683	0.797333	[0.29,2.19]	0.443954	1	0.1		0.18125	1			8	11.8578	0.64305	[0.31,1.33]	0.146382	1	0.1		0.0655589	1			4	6.78977	0.567288	[0.21,1.55]	0.180819	1	0.1		0.0970206	1			4	4.87408	0.810056	[0.30,2.22]	0.457384	1	0.1		0.183913	1			2	1.91568	1.046	[0.25,4.31]	0.41752	1	0.1		0.558703	1			11	5.11657	2.34929	[1.24,4.45]	0.0128582	1	0.1		0.990368	1			6	6.30478	0.947634	[0.41,2.18]	0.555552	1	0.1		0.165819	1			6	4.46185	1.37711	[0.60,3.18]	0.298489	1	0.1		0.67386	1			7	6.88676	1.01802	[0.47,2.21]	0.460039	1	0.1		0.312293	1			23	15.9317	1.58272	[0.99,2.53]	0.0495892	1	0.1		0.944754	1			6	2.78865	2.28574	[0.98,5.32]	0.0385208	1	0.1		0.979196	1		
47	53		2	2.40534	0.823141	[0.20,3.41]	0.5653	1	0.1		0.266866	1			5	5.76574	0.851842	[0.34,2.15]	0.475953	1	0.1		0.174505	1			7	3.30145	2.32386	[1.04,5.20]	0.0286979	1	0.1		0.984342	1			2	2.36997	0.836141	[0.20,3.46]	0.574851	1	0.1		0.268512	1			4	0.931479	4.7532	[1.67,13.51]	0.011297	1	0.1		0.99781	1			2	2.48788	0.794258	[0.19,3.28]	0.543231	1	0.1		0.2626	1			2	3.06563	0.635963	[0.15,2.63]	0.400334	1	0.1		0.221187	1			3	2.16952	1.41249	[0.44,4.57]	0.30771	1	0.1		0.722065	1			9	3.34861	3.09942	[1.50,6.41]	0.00384461	1	0.1		0.998515	1			10	7.74661	1.36408	[0.68,2.73]	0.289849	1	0.1		0.666133	1			0	1.35595	0	[0.00,0.00]	1	1	0.1		1	1		
48	27		2	1.22536	1.6895	[0.40,7.18]	0.227119	1	0.1		0.878549	1			3	2.93726	1.02418	[0.31,3.41]	0.662493	1	0.1		0.238091	1			6	1.68187	4.37331	[1.75,10.92]	0.00436706	1	0.1		0.998984	1			1	1.20734	0.820769	[0.11,6.08]	0.658117	1	0.1		0.368396	1			0	0.474527	0	[0.00,0.00]	1	1	0.1		1	1			3	1.26741	2.5601	[0.76,8.57]	0.0953691	1	0.1		0.96454	1			3	1.56174	2.04815	[0.61,6.85]	0.135651	1	0.1		0.932725	1			3	1.10523	2.96064	[0.88,9.92]	0.073411	1	0.1		0.977193	1			2	1.7059	1.18752	[0.28,5.04]	0.445759	1	0.1		0.587881	1			5	3.94638	1.33017	[0.50,3.53]	0.389341	1	0.1		0.585308	1			0	0.690768	0	[0.00,0.00]	1	1	0.1		1	1		
49	1		0	0.0453838	0	[0.00,0.00]	1	1	0.1		1	1			0	0.108788	0	[0.00,0.00]	1	1	0.1		1	1			0	0.0622914	0	[0.00,0.00]	1	1	0.1		1	1			0	0.0447164	0	[0.00,0.00]	1	1	0.1		1	1			0	0.0175751	0	[0.00,0.00]	1	1	0.1		1	1			1	0.046941	0	[0.00,0.00]	0.046941	1	0.1		1	1			0	0.057842	0	[0.00,0.00]	1	1	0.1		1	1			0	0.0409344	0	[0.00,0.00]	1	1	0.1		1	1			1	0.0631813	0	[0.00,0.00]	0.0631813	1	0.1		1	1			1	0.146162	0	[0.00,0.00]	0.146162	1	0.1		1	1			0	0.025584	0	[0.00,0.00]	1	1	0.1		1	1		
50	1		0	0.0453838	0	[0.00,0.00]	1	1	0.1		1	1			0	0.108788	0	[0.00,0.00]	1	1	0.1		1	1			0	0.0622914	0	[0.00,0.00]	1	1	0.1		1	1			0	0.0447164	0	[0.00,0.00]	1	1	0.1		1	1			0	0.0175751	0	[0.00,0.00]	1	1	0.1		1	1			0	0.046941	0	[0.00,0.00]	1	1	0.1		1	1			0	0.057842	0	[0.00,0.00]	1	1	0.1		1	1			0	0.0409344	0	[0.00,0.00]	1	1	0.1		1	1			0	0.0631813	0	[0.00,0.00]	1	1	0.1		1	1			0	0.146162	0	[0.00,0.00]	1	1	0.1		1	1			0	0.025584	0	[0.00,0.00]	1	1	0.1		1	1		
51	1		0	0.0453838	0	[0.00,0.00]	1	1	0.1		1	1			0	0.108788	0	[0.00,0.00]	1	1	0.1		1	1			0	0.0622914	0	[0.00,0.00]	1	1	0.1		1	1			0	0.0447164	0	[0.00,0.00]	1	1	0.1		1	1			0	0.0175751	0	[0.00,0.00]	1	1	0.1		1	1			0	0.046941	0	[0.00,0.00]	1	1	0.1		1	1			0	0.057842	0	[0.00,0.00]	1	1	0.1		1	1			0	0.0409344	0	[0.00,0.00]	1	1	0.1		1	1			0	0.0631813	0	[0.00,0.00]	1	1	0.1		1	1			0	0.146162	0	[0.00,0.00]	1	1	0.1		1	1			0	0.025584	0	[0.00,0.00]	1	1	0.1		1	1		
52	1		0	0.0453838	0	[0.00,0.00]	1	1	0.1		1	1			0	0.108788	0	[0.00,0.00]	1	1	0.1		1	1			0	0.0622914	0	[0.00,0.00]	1	1	0.1		1	1			0	0.0447164	0	[0.00,0.00]	1	1	0.1		1	1			0	0.0175751	0	[0.00,0.00]	1	1	0.1		1	1			0	0.046941	0	[0.00,0.00]	1	1	0.1		1	1			0	0.057842	0	[0.00,0.00]	1	1	0.1		1	1			0	0.0409344	0	[0.00,0.00]	1	1	0.1		1	1			0	0.0631813	0	[0.00,0.00]	1	1	0.1		1	1			0	0.146162	0	[0.00,0.00]	1	1	0.1		1	1			0	0.025584	0	[0.00,0.00]	1	1	0.1		1	1		
53	70		1	3.17686	0.301421	[0.04,2.18]	0.165389	1	0.1		0.127649	1			15	7.61513	2.2733	[1.27,4.06]	0.00717062	1	0.1		0.99434	1			10	4.3604	2.56481	[1.30,5.07]	0.00703929	1	0.1		0.996406	1			1	3.13014	0.306159	[0.04,2.22]	0.171685	1	0.1		0.132036	1			2	1.23026	1.66081	[0.40,6.90]	0.225371	1	0.1		0.87576	1			6	3.28587	1.92988	[0.83,4.51]	0.0979972	1	0.1		0.921908	1			5	4.04894	1.25792	[0.50,3.15]	0.38433	1	0.1		0.56323	1			6	2.86541	2.23683	[0.96,5.23]	0.0419913	1	0.1		0.976647	1			5	4.42269	1.14309	[0.46,2.86]	0.52216	1	0.1		0.374706	1			10	10.2314	0.97321	[0.50,1.91]	0.551911	1	0.1		0.135726	1			3	1.79088	1.72428	[0.53,5.57]	0.323169	1	0.1		0.736156	1		
54	106		4	4.81068	0.821373	[0.30,2.25]	0.46919	1	0.1		0.186159	1			10	11.5315	0.850296	[0.44,1.64]	0.386135	1	0.1		0.117631	1			6	6.60289	0.901095	[0.39,2.07]	0.506324	1	0.1		0.162083	1			4	4.73993	0.834478	[0.30,2.29]	0.48257	1	0.1		0.188489	1			1	1.86296	0.526374	[0.07,3.82]	0.43921	1	0.1		0.289944	1			4	4.97575	0.792271	[0.29,2.17]	0.438609	1	0.1		0.180191	1			9	6.13126	1.52963	[0.76,3.06]	0.123141	1	0.1		0.865925	1			2	4.33904	0.444527	[0.11,1.82]	0.183164	1	0.1		0.119534	1			5	6.69722	0.729266	[0.29,1.80]	0.330557	1	0.1		0.140436	1			16	15.4932	1.03949	[0.61,1.78]	0.510478	1	0.1		0.218696	1			2	2.7119	0.727706	[0.18,2.99]	0.486432	1	0.1		0.247547	1		
55	1		0	0.0453838	0	[0.00,0.00]	1	1	0.1		1	1			0	0.108788	0	[0.00,0.00]	1	1	0.1		1	1			0	0.0622914	0	[0.00,0.00]	1	1	0.1		1	1			0	0.0447164	0	[0.00,0.00]	1	1	0.1		1	1			0	0.0175751	0	[0.00,0.00]	1	1	0.1		1	1			0	0.046941	0	[0.00,0.00]	1	1	0.1		1	1			1	0.057842	0	[0.00,0.00]	0.057842	1	0.1		1	1			0	0.0409344	0	[0.00,0.00]	1	1	0.1		1	1			0	0.0631813	0	[0.00,0.00]	1	1	0.1		1	1			1	0.146162	0	[0.00,0.00]	0.146162	1	0.1		1	1			1	0.025584	0	[0.00,0.00]	0.025584	1	0.1		1	1		
56	15		1	0.680756	1.50493	[0.20,11.50]	0.356066	1	0.1		0.853745	1			4	1.63181	2.99531	[0.95,9.44]	0.0537142	1	0.1		0.982254	1			2	0.934372	2.3254	[0.52,10.36]	0.176801	1	0.1		0.93769	1			1	0.670745	1.52857	[0.20,11.68]	0.354285	1	0.1		0.857217	1			0	0.263626	0	[0.00,0.00]	1	1	0.1		1	1			0	0.704116	0	[0.00,0.00]	1	1	0.1		1	1			1	0.867631	1.16409	[0.15,8.89]	0.377469	1	0.1		0.786006	1			0	0.614016	0	[0.00,0.00]	1	1	0.1		1	1			0	0.94772	0	[0.00,0.00]	1	1	0.1		1	1			5	2.19244	2.93558	[1.00,8.62]	0.0411074	1	0.1		0.985288	1			0	0.38376	0	[0.00,0.00]	1	1	0.1		1	1		
57	4		0	0.181535	0	[0.00,0.00]	1	1	0.1		1	1			0	0.43515	0	[0.00,0.00]	1	1	0.1		1	1			0	0.249166	0	[0.00,0.00]	1	1	0.1		1	1			0	0.178865	0	[0.00,0.00]	1	1	0.1		1	1			0	0.0703003	0	[0.00,0.00]	1	1	0.1		1	1			0	0.187764	0	[0.00,0.00]	1	1	0.1		1	1			0	0.231368	0	[0.00,0.00]	1	1	0.1		1	1			0	0.163737	0	[0.00,0.00]	1	1	0.1		1	1			0	0.252725	0	[0.00,0.00]	1	1	0.1		1	1			1	0.58465	1.94868	[0.20,18.76]	0.364134	1	0.1		0.89551	1			0	0.102336	0	[0.00,0.00]	1	1	0.1		1	1		
58	1		0	0.0453838	0	[0.00,0.00]	1	1	0.1		1	1			0	0.108788	0	[0.00,0.00]	1	1	0.1		1	1			0	0.0622914	0	[0.00,0.00]	1	1	0.1		1	1			0	0.0447164	0	[0.00,0.00]	1	1	0.1		1	1			0	0.0175751	0	[0.00,0.00]	1	1	0.1		1	1			0	0.046941	0	[0.00,0.00]	1	1	0.1		1	1			0	0.057842	0	[0.00,0.00]	1	1	0.1		1	1			0	0.0409344	0	[0.00,0.00]	1	1	0.1		1	1			1	0.0631813	0	[0.00,0.00]	0.0631813	1	0.1		1	1			0	0.146162	0	[0.00,0.00]	1	1	0.1		1	1			0	0.025584	0	[0.00,0.00]	1	1	0.1		1	1		
59	1		0	0.0453838	0	[0.00,0.00]	1	1	0.1		1	1			1	0.108788	0	[0.00,0.00]	0.108788	1	0.1		1	1			0	0.0622914	0	[0.00,0.00]	1	1	0.1		1	1			0	0.0447164	0	[0.00,0.00]	1	1	0.1		1	1			0	0.0175751	0	[0.00,0.00]	1	1	0.1		1	1			0	0.046941	0	[0.00,0.00]	1	1	0.1		1	1			0	0.057842	0	[0.00,0.00]	1	1	0.1		1	1			0	0.0409344	0	[0.00,0.00]	1	1	0.1		1	1			0	0.0631813	0	[0.00,0.00]	1	1	0.1		1	1			0	0.146162	0	[0.00,0.00]	1	1	0.1		1	1			0	0.025584	0	[0.00,0.00]	1	1	0.1		1	1		
60	1		0	0.0453838	0	[0.00,0.00]	1	1	0.1		1	1			0	0.108788	0	[0.00,0.00]	1	1	0.1		1	1			0	0.0622914	0	[0.00,0.00]	1	1	0.1		1	1			0	0.0447164	0	[0.00,0.00]	1	1	0.1		1	1			0	0.0175751	0	[0.00,0.00]	1	1	0.1		1	1			0	0.046941	0	[0.00,0.00]	1	1	0.1		1	1			0	0.057842	0	[0.00,0.00]	1	1	0.1		1	1			0	0.0409344	0	[0.00,0.00]	1	1	0.1		1	1			0	0.0631813	0	[0.00,0.00]	1	1	0.1		1	1			0	0.146162	0	[0.00,0.00]	1	1	0.1		1	1			0	0.025584	0	[0.00,0.00]	1	1	0.1		1	1		
61	1		0	0.0453838	0	[0.00,0.00]	1	1	0.1		1	1			0	0.108788	0	[0.00,0.00]	1	1	0.1		1	1			0	0.0622914	0	[0.00,0.00]	1	1	0.1		1	1			0	0.0447164	0	[0.00,0.00]	1	1	0.1		1	1			0	0.0175751	0	[0.00,0.00]	1	1	0.1		1	1			0	0.046941	0	[0.00,0.00]	1	1	0.1		1	1			0	0.057842	0	[0.00,0.00]	1	1	0.1		1	1			0	0.0409344	0	[0.00,0.00]	1	1	0.1		1	1			0	0.0631813	0	[0.00,0.00]	1	1	0.1		1	1			0	0.146162	0	[0.00,0.00]	1	1	0.1		1	1			0	0.025584	0	[0.00,0.00]	1	1	0.1		1	1		
62	3		0	0.136151	0	[0.00,0.00]	1	1	0.1		1	1			2	0.326363	16.4476	[1.49,181.73]	0.0315982	1	0.1		0.99872	1			2	0.186874	30.3165	[2.74,335.38]	0.0108838	1	0.1		0.999761	1			0	0.134149	0	[0.00,0.00]	1	1	0.1		1	1			2	0.0527253	114.675	[10.29,1278.13]	0.000899441	0.480365	0.1		0.999995	1			2	0.140823	40.9856	[3.70,453.84]	0.00627442	1	0.1		0.999898	1			1	0.173526	8.17181	[0.74,90.42]	0.154099	1	0.1		0.990382	1			2	0.122803	47.3626	[4.27,524.74]	0.0047981	1	0.1		0.999932	1			0	0.189544	0	[0.00,0.00]	1	1	0.1		1	1			1	0.438487	2.92378	[0.26,32.29]	0.319804	1	0.1		0.942214	1			0	0.0767519	0	[0.00,0.00]	1	1	0.1		1	1		
63	3		0	0.136151	0	[0.00,0.00]	1	1	0.1		1	1			0	0.326363	0	[0.00,0.00]	1	1	0.1		1	1			0	0.186874	0	[0.00,0.00]	1	1	0.1		1	1			0	0.134149	0	[0.00,0.00]	1	1	0.1		1	1			0	0.0527253	0	[0.00,0.00]	1	1	0.1		1	1			0	0.140823	0	[0.00,0.00]	1	1	0.1		1	1			0	0.173526	0	[0.00,0.00]	1	1	0.1		1	1			0	0.122803	0	[0.00,0.00]	1	1	0.1		1	1			0	0.189544	0	[0.00,0.00]	1	1	0.1		1	1			1	0.438487	2.92378	[0.26,32.29]	0.319804	1	0.1		0.942214	1			0	0.0767519	0	[0.00,0.00]	1	1	0.1		1	1		
64	46		1	2.08765	0.464806	[0.06,3.39]	0.374847	1	0.1		0.258075	1			2	5.00423	0.369797	[0.09,1.53]	0.108998	1	0.1		0.0765231	1			7	2.86541	2.74556	[1.22,6.20]	0.0155284	1	0.1		0.993282	1			1	2.05695	0.472111	[0.06,3.44]	0.383054	1	0.1		0.262447	1			1	0.808454	1.2453	[0.17,9.15]	0.366247	1	0.1		0.806771	1			2	2.15929	0.92214	[0.22,3.83]	0.632497	1	0.1		0.276288	1			6	2.66073	2.47736	[1.04,5.90]	0.0319793	1	0.1		0.984638	1			3	1.88298	1.64512	[0.51,5.35]	0.318154	1	0.1		0.73783	1			1	2.90634	0.32713	[0.04,2.38]	0.202269	1	0.1		0.153363	1			11	6.72347	1.8502	[0.93,3.66]	0.0608742	1	0.1		0.944292	1			2	1.17686	1.74417	[0.42,7.28]	0.217803	1	0.1		0.887705	1		
65	190		23	8.62291	3.13799	[1.98,4.97]	8.224e-06	0.0115295	0.1	*	0.999996	1			28	20.6696	1.4412	[0.95,2.18]	0.058793	1	0.1		0.92648	1			11	11.8354	0.922016	[0.50,1.72]	0.475425	1	0.1		0.12135	1			23	8.49611	3.1932	[2.01,5.06]	6.4581e-06	0.0103472	0.1	**	0.999997	1			1	3.33927	0.286732	[0.04,2.07]	0.14556	1	0.1		0.113576	1			9	8.9188	1.00998	[0.51,2.00]	0.598788	1	0.1		0.137904	1			17	10.99	1.64262	[0.98,2.75]	0.0525737	1	0.1		0.943697	1			12	7.77753	1.61994	[0.89,2.96]	0.0841298	1	0.1		0.910996	1			16	12.0044	1.38514	[0.82,2.35]	0.13201	1	0.1		0.83233	1			35	27.7709	1.33705	[0.92,1.95]	0.0851732	1	0.1		0.88487	1			6	4.86096	1.25529	[0.54,2.89]	0.274606	1	0.1		0.660023	1		
66	56		3	2.54149	1.19347	[0.37,3.85]	0.492369	1	0.1		0.481889	1			5	6.0921	0.801126	[0.32,2.02]	0.419955	1	0.1		0.164313	1			7	3.48832	2.18001	[0.98,4.86]	0.0623527	1	0.1		0.951971	1			3	2.50412	1.21241	[0.38,3.91]	0.498416	1	0.1		0.482403	1			1	0.984205	1.01655	[0.14,7.44]	0.741714	1	0.1		0.373516	1			3	2.6287	1.1514	[0.36,3.72]	0.478398	1	0.1		0.479764	1			4	3.23915	1.25691	[0.45,3.50]	0.342799	1	0.1		0.622679	1			6	2.29232	2.87258	[1.22,6.79]	0.0184573	1	0.1		0.992714	1			4	3.53815	1.14258	[0.41,3.18]	0.500849	1	0.1		0.418849	1			10	8.18509	1.27411	[0.64,2.54]	0.263145	1	0.1		0.661722	1			1	1.4327	0.689793	[0.09,5.03]	0.577797	1	0.1		0.345659	1		
67	1		0	0.0453838	0	[0.00,0.00]	1	1	0.1		1	1			0	0.108788	0	[0.00,0.00]	1	1	0.1		1	1			1	0.0622914	0	[0.00,0.00]	0.0622914	1	0.1		1	1			0	0.0447164	0	[0.00,0.00]	1	1	0.1		1	1			0	0.0175751	0	[0.00,0.00]	1	1	0.1		1	1			0	0.046941	0	[0.00,0.00]	1	1	0.1		1	1			0	0.057842	0	[0.00,0.00]	1	1	0.1		1	1			0	0.0409344	0	[0.00,0.00]	1	1	0.1		1	1			0	0.0631813	0	[0.00,0.00]	1	1	0.1		1	1			1	0.146162	0	[0.00,0.00]	0.146162	1	0.1		1	1			0	0.025584	0	[0.00,0.00]	1	1	0.1		1	1		
68	10		2	0.453838	5.30074	[1.12,25.12]	0.06383	1	0.1		0.991277	1			0	1.08788	0	[0.00,0.00]	1	1	0.1		1	1			0	0.622914	0	[0.00,0.00]	1	1	0.1		1	1			2	0.447164	5.38442	[1.14,25.52]	0.0623096	1	0.1		0.991628	1			0	0.175751	0	[0.00,0.00]	1	1	0.1		1	1			0	0.46941	0	[0.00,0.00]	1	1	0.1		1	1			1	0.57842	1.81296	[0.23,14.36]	0.338855	1	0.1		0.889624	1			0	0.409344	0	[0.00,0.00]	1	1	0.1		1	1			0	0.631813	0	[0.00,0.00]	1	1	0.1		1	1			1	1.46162	0.648543	[0.08,5.13]	0.558359	1	0.1		0.352767	1			0	0.25584	0	[0.00,0.00]	1	1	0.1		1	1		
69	3		0	0.136151	0	[0.00,0.00]	1	1	0.1		1	1			0	0.326363	0	[0.00,0.00]	1	1	0.1		1	1			0	0.186874	0	[0.00,0.00]	1	1	0.1		1	1			0	0.134149	0	[0.00,0.00]	1	1	0.1		1	1			0	0.0527253	0	[0.00,0.00]	1	1	0.1		1	1			1	0.140823	10.1952	[0.92,112.89]	0.127968	1	0.1		0.993624	1			0	0.173526	0	[0.00,0.00]	1	1	0.1		1	1			0	0.122803	0	[0.00,0.00]	1	1	0.1		1	1			0	0.189544	0	[0.00,0.00]	1	1	0.1		1	1			0	0.438487	0	[0.00,0.00]	1	1	0.1		1	1			0	0.0767519	0	[0.00,0.00]	1	1	0.1		1	1		
70	2		0	0.0907675	0	[0.00,0.00]	1	1	0.1		1	1			0	0.217575	0	[0.00,0.00]	1	1	0.1		1	1			0	0.124583	0	[0.00,0.00]	1	1	0.1		1	1			0	0.0894327	0	[0.00,0.00]	1	1	0.1		1	1			0	0.0351502	0	[0.00,0.00]	1	1	0.1		1	1			0	0.0938821	0	[0.00,0.00]	1	1	0.1		1	1			0	0.115684	0	[0.00,0.00]	1	1	0.1		1	1			0	0.0818687	0	[0.00,0.00]	1	1	0.1		1	1			0	0.126363	0	[0.00,0.00]	1	1	0.1		1	1			1	0.292325	5.84909	[0.37,93.63]	0.249653	1	0.1		0.978664	1			0	0.051168	0	[0.00,0.00]	1	1	0.1		1	1		
71	1		0	0.0453838	0	[0.00,0.00]	1	1	0.1		1	1			0	0.108788	0	[0.00,0.00]	1	1	0.1		1	1			1	0.0622914	0	[0.00,0.00]	0.0622914	1	0.1		1	1			0	0.0447164	0	[0.00,0.00]	1	1	0.1		1	1			0	0.0175751	0	[0.00,0.00]	1	1	0.1		1	1			0	0.046941	0	[0.00,0.00]	1	1	0.1		1	1			0	0.057842	0	[0.00,0.00]	1	1	0.1		1	1			0	0.0409344	0	[0.00,0.00]	1	1	0.1		1	1			0	0.0631813	0	[0.00,0.00]	1	1	0.1		1	1			0	0.146162	0	[0.00,0.00]	1	1	0.1		1	1			0	0.025584	0	[0.00,0.00]	1	1	0.1		1	1		
72	248		10	11.2552	0.877805	[0.46,1.68]	0.422292	1	0.1		0.120866	1			52	26.9793	2.31308	[1.68,3.19]	1.06347e-06	0.00397576	0.1	**	0.999999	1			34	15.4483	2.58404	[1.76,3.79]	5.97324e-06	0.0103472	0.1	**	0.999996	1			10	11.0897	0.892252	[0.47,1.71]	0.442662	1	0.1		0.123253	1			12	4.35862	3.17227	[1.69,5.95]	0.000819165	0.459367	0.1		0.999679	1			15	11.6414	1.33058	[0.77,2.29]	0.161047	1	0.1		0.786449	1			24	14.3448	1.82097	[1.17,2.83]	0.00699974	1	0.1		0.99292	1			12	10.1517	1.20467	[0.66,2.19]	0.295224	1	0.1		0.592541	1			20	15.669	1.32343	[0.82,2.13]	0.127804	1	0.1		0.822875	1			45	36.2483	1.31665	[0.94,1.84]	0.0687686	1	0.1		0.90429	1			7	6.34483	1.11315	[0.51,2.42]	0.380604	1	0.1		0.469322	1		
73	153		6	6.94372	0.854257	[0.37,1.96]	0.452435	1	0.1		0.154688	1			18	16.6445	1.09582	[0.66,1.81]	0.388536	1	0.1		0.403301	1			16	9.53059	1.80403	[1.06,3.07]	0.0253038	1	0.1		0.975073	1			6	6.8416	0.868027	[0.38,1.99]	0.468482	1	0.1		0.15695	1			2	2.68899	0.733637	[0.18,3.01]	0.491941	1	0.1		0.249302	1			9	7.18198	1.28094	[0.64,2.55]	0.256039	1	0.1		0.673691	1			10	8.84983	1.14462	[0.60,2.20]	0.329945	1	0.1		0.522208	1			6	6.26296	0.954827	[0.42,2.19]	0.562662	1	0.1		0.165603	1			7	9.66674	0.7036	[0.33,1.52]	0.238576	1	0.1		0.0989318	1			20	22.3628	0.874636	[0.54,1.41]	0.34001	1	0.1		0.0828191	1			4	3.91435	1.02328	[0.37,2.81]	0.443414	1	0.1		0.404082	1		
74	51		2	2.31457	0.857143	[0.21,3.55]	0.58985	1	0.1		0.270998	1			4	5.54816	0.694714	[0.25,1.94]	0.334965	1	0.1		0.156265	1			2	3.17686	0.611658	[0.15,2.53]	0.375396	1	0.1		0.211911	1			2	2.28053	0.87068	[0.21,3.61]	0.599159	1	0.1		0.272284	1			0	0.896329	0	[0.00,0.00]	1	1	0.1		1	1			0	2.39399	0	[0.00,0.00]	1	1	0.1		1	1			1	2.94994	0.323166	[0.04,2.35]	0.196184	1	0.1		0.14912	1			1	2.08765	0.465683	[0.06,3.39]	0.375343	1	0.1		0.258133	1			1	3.22225	0.294064	[0.04,2.14]	0.157552	1	0.1		0.122391	1			5	7.45428	0.632169	[0.25,1.60]	0.223532	1	0.1		0.109088	1			0	1.30478	0	[0.00,0.00]	1	1	0.1		1	1		
75	14		0	0.635373	0	[0.00,0.00]	1	1	0.1		1	1			1	1.52303	0.629414	[0.08,4.82]	0.539948	1	0.1		0.341035	1			1	0.87208	1.15853	[0.15,8.89]	0.378613	1	0.1		0.784462	1			0	0.626029	0	[0.00,0.00]	1	1	0.1		1	1			2	0.246051	9.53247	[2.10,43.32]	0.0225528	1	0.1		0.998346	1			2	0.657175	3.4067	[0.76,15.32]	0.112622	1	0.1		0.974709	1			1	0.809789	1.25394	[0.16,9.62]	0.373916	1	0.1		0.807618	1			2	0.573081	3.93681	[0.87,17.72]	0.0922947	1	0.1		0.982405	1			0	0.884538	0	[0.00,0.00]	1	1	0.1		1	1			2	2.04627	0.973537	[0.22,4.36]	0.66372	1	0.1		0.292334	1			1	0.358176	2.94669	[0.38,22.72]	0.25635	1	0.1		0.951679	1		
76	3		0	0.136151	0	[0.00,0.00]	1	1	0.1		1	1			0	0.326363	0	[0.00,0.00]	1	1	0.1		1	1			0	0.186874	0	[0.00,0.00]	1	1	0.1		1	1			0	0.134149	0	[0.00,0.00]	1	1	0.1		1	1			0	0.0527253	0	[0.00,0.00]	1	1	0.1		1	1			0	0.140823	0	[0.00,0.00]	1	1	0.1		1	1			0	0.173526	0	[0.00,0.00]	1	1	0.1		1	1			0	0.122803	0	[0.00,0.00]	1	1	0.1		1	1			1	0.189544	7.4364	[0.67,82.26]	0.166421	1	0.1		0.988563	1			0	0.438487	0	[0.00,0.00]	1	1	0.1		1	1			0	0.0767519	0	[0.00,0.00]	1	1	0.1		1	1		
77	30		2	1.36151	1.50743	[0.36,6.37]	0.244988	1	0.1		0.846889	1			4	3.26363	1.26249	[0.44,3.63]	0.339141	1	0.1		0.63151	1			0	1.86874	0	[0.00,0.00]	1	1	0.1		1	1			2	1.34149	1.53123	[0.36,6.47]	0.242532	1	0.1		0.85165	1			0	0.527253	0	[0.00,0.00]	1	1	0.1		1	1			1	1.40823	0.698686	[0.09,5.15]	0.585201	1	0.1		0.349959	1			1	1.73526	0.559979	[0.08,4.13]	0.474951	1	0.1		0.308564	1			2	1.22803	1.68093	[0.40,7.11]	0.226992	1	0.1		0.877595	1			2	1.89544	1.05952	[0.25,4.47]	0.42047	1	0.1		0.565924	1			5	4.38487	1.16963	[0.45,3.07]	0.525654	1	0.1		0.389766	1			1	0.767519	1.31609	[0.18,9.75]	0.363458	1	0.1		0.821836	1		
78	36		2	1.63382	1.23966	[0.30,5.20]	0.455321	1	0.1		0.590716	1			2	3.91635	0.479768	[0.11,2.00]	0.232766	1	0.1		0.148256	1			3	2.24249	1.3725	[0.42,4.50]	0.305321	1	0.1		0.718815	1			2	1.60979	1.25924	[0.30,5.28]	0.458528	1	0.1		0.592301	1			0	0.632703	0	[0.00,0.00]	1	1	0.1		1	1			0	1.68988	0	[0.00,0.00]	1	1	0.1		1	1			1	2.08231	0.46332	[0.06,3.40]	0.37472	1	0.1		0.258656	1			0	1.47364	0	[0.00,0.00]	1	1	0.1		1	1			4	2.27453	1.86563	[0.66,5.31]	0.210926	1	0.1		0.832004	1			8	5.26185	1.67731	[0.76,3.70]	0.161311	1	0.1		0.844757	1			0	0.921023	0	[0.00,0.00]	1	1	0.1		1	1		
79	89		4	4.03915	0.989647	[0.36,2.72]	0.621062	1	0.1		0.201849	1			4	9.68209	0.380449	[0.14,1.04]	0.0278146	1	0.1		0.0185415	1			5	5.54394	0.894156	[0.36,2.22]	0.517577	1	0.1		0.176873	1			4	3.97976	1.00543	[0.37,2.77]	0.633054	1	0.1		0.201908	1			0	1.56418	0	[0.00,0.00]	1	1	0.1		1	1			3	4.17775	0.704047	[0.22,2.24]	0.392092	1	0.1		0.18873	1			3	5.14794	0.563162	[0.18,1.79]	0.233642	1	0.1		0.130341	1			2	3.64316	0.533535	[0.13,2.18]	0.2864	1	0.1		0.172544	1			7	5.62314	1.27248	[0.58,2.78]	0.308687	1	0.1		0.625465	1			9	13.0085	0.652431	[0.33,1.31]	0.142259	1	0.1		0.062178	1			1	2.27697	0.427831	[0.06,3.10]	0.329383	1	0.1		0.232067	1		
80	4		1	0.181535	7.04105	[0.73,67.99]	0.158024	1	0.1		0.988425	1			2	0.43515	8.22177	[1.16,58.50]	0.0563449	1	0.1		0.995294	1			2	0.249166	15.1547	[2.13,107.99]	0.0204205	1	0.1		0.999087	1			1	0.178865	7.15167	[0.74,69.06]	0.156027	1	0.1		0.988753	1			0	0.0703003	0	[0.00,0.00]	1	1	0.1		1	1			1	0.187764	6.79524	[0.70,65.61]	0.162648	1	0.1		0.987641	1			1	0.231368	5.44659	[0.56,52.55]	0.193619	1	0.1		0.981497	1			1	0.163737	7.84699	[0.81,75.81]	0.144534	1	0.1		0.990531	1			1	0.252725	4.95642	[0.51,47.80]	0.207915	1	0.1		0.978079	1			1	0.58465	1.94868	[0.20,18.76]	0.364134	1	0.1		0.89551	1			1	0.102336	12.7982	[1.32,123.98]	0.0947423	1	0.1		0.996235	1		
81	1		0	0.0453838	0	[0.00,0.00]	1	1	0.1		1	1			0	0.108788	0	[0.00,0.00]	1	1	0.1		1	1			0	0.0622914	0	[0.00,0.00]	1	1	0.1		1	1			0	0.0447164	0	[0.00,0.00]	1	1	0.1		1	1			0	0.0175751	0	[0.00,0.00]	1	1	0.1		1	1			0	0.046941	0	[0.00,0.00]	1	1	0.1		1	1			0	0.057842	0	[0.00,0.00]	1	1	0.1		1	1			0	0.0409344	0	[0.00,0.00]	1	1	0.1		1	1			0	0.0631813	0	[0.00,0.00]	1	1	0.1		1	1			0	0.146162	0	[0.00,0.00]	1	1	0.1		1	1			0	0.025584	0	[0.00,0.00]	1	1	0.1		1	1		
82	172		11	7.80601	1.46204	[0.78,2.74]	0.168281	1	0.1		0.809423	1			12	18.7115	0.604717	[0.33,1.10]	0.0544349	1	0.1		0.0247739	1			11	10.7141	1.02967	[0.55,1.92]	0.487563	1	0.1		0.253146	1			11	7.69121	1.4862	[0.79,2.78]	0.172108	1	0.1		0.809454	1			0	3.02291	0	[0.00,0.00]	1	1	0.1		1	1			7	8.07386	0.856595	[0.40,1.85]	0.436273	1	0.1		0.142652	1			10	9.94883	1.00568	[0.52,1.93]	0.589963	1	0.1		0.131441	1			4	7.04071	0.548016	[0.20,1.49]	0.158423	1	0.1		0.0868325	1			15	10.8672	1.43987	[0.84,2.48]	0.123575	1	0.1		0.85159	1			24	25.1399	0.945305	[0.61,1.47]	0.453406	1	0.1		0.0863386	1			3	4.40044	0.667424	[0.21,2.12]	0.351471	1	0.1		0.17555	1		
83	105		4	4.76529	0.829703	[0.30,2.28]	0.47774	1	0.1		0.187685	1			10	11.4227	0.859466	[0.44,1.66]	0.399183	1	0.1		0.119582	1			2	6.5406	0.287211	[0.07,1.17]	0.0358961	1	0.1		0.0271311	1			4	4.69522	0.842941	[0.31,2.31]	0.491092	1	0.1		0.189897	1			2	1.84538	1.08763	[0.26,4.49]	0.426982	1	0.1		0.567385	1			4	4.92881	0.800306	[0.29,2.19]	0.447189	1	0.1		0.181972	1			6	6.07341	0.986877	[0.43,2.27]	0.594179	1	0.1		0.167272	1			3	4.29811	0.683945	[0.21,2.18]	0.369879	1	0.1		0.181642	1			7	6.63404	1.0606	[0.49,2.31]	0.494105	1	0.1		0.316056	1			11	15.3471	0.678216	[0.36,1.27]	0.13952	1	0.1		0.0569329	1			5	2.68632	1.94545	[0.78,4.87]	0.142744	1	0.1		0.885184	1		
84	17		1	0.771524	1.31619	[0.17,9.97]	0.367796	1	0.1		0.821177	1			2	1.84939	1.09268	[0.25,4.79]	0.427235	1	0.1		0.5796	1			1	1.05895	0.940636	[0.12,7.12]	0.713498	1	0.1		0.379088	1			1	0.760178	1.33688	[0.18,10.13]	0.366469	1	0.1		0.82528	1			0	0.298776	0	[0.00,0.00]	1	1	0.1		1	1			1	0.797998	1.27024	[0.17,9.62]	0.37059	1	0.1		0.811538	1			1	0.983315	1.0181	[0.13,7.71]	0.742247	1	0.1		0.379758	1			1	0.695884	1.46687	[0.19,11.12]	0.357407	1	0.1		0.848156	1			0	1.07408	0	[0.00,0.00]	1	1	0.1		1	1			2	2.48476	0.778219	[0.18,3.41]	0.537785	1	0.1		0.271918	1			0	0.434928	0	[0.00,0.00]	1	1	0.1		1	1		
85	1		0	0.0453838	0	[0.00,0.00]	1	1	0.1		1	1			0	0.108788	0	[0.00,0.00]	1	1	0.1		1	1			1	0.0622914	0	[0.00,0.00]	0.0622914	1	0.1		1	1			0	0.0447164	0	[0.00,0.00]	1	1	0.1		1	1			0	0.0175751	0	[0.00,0.00]	1	1	0.1		1	1			0	0.046941	0	[0.00,0.00]	1	1	0.1		1	1			0	0.057842	0	[0.00,0.00]	1	1	0.1		1	1			0	0.0409344	0	[0.00,0.00]	1	1	0.1		1	1			0	0.0631813	0	[0.00,0.00]	1	1	0.1		1	1			0	0.146162	0	[0.00,0.00]	1	1	0.1		1	1			0	0.025584	0	[0.00,0.00]	1	1	0.1		1	1		
86	1		0	0.0453838	0	[0.00,0.00]	1	1	0.1		1	1			0	0.108788	0	[0.00,0.00]	1	1	0.1		1	1			0	0.0622914	0	[0.00,0.00]	1	1	0.1		1	1			0	0.0447164	0	[0.00,0.00]	1	1	0.1		1	1			0	0.0175751	0	[0.00,0.00]	1	1	0.1		1	1			0	0.046941	0	[0.00,0.00]	1	1	0.1		1	1			0	0.057842	0	[0.00,0.00]	1	1	0.1		1	1			0	0.0409344	0	[0.00,0.00]	1	1	0.1		1	1			0	0.0631813	0	[0.00,0.00]	1	1	0.1		1	1			1	0.146162	0	[0.00,0.00]	0.146162	1	0.1		1	1			0	0.025584	0	[0.00,0.00]	1	1	0.1		1	1		
87	1		0	0.0453838	0	[0.00,0.00]	1	1	0.1		1	1			0	0.108788	0	[0.00,0.00]	1	1	0.1		1	1			0	0.0622914	0	[0.00,0.00]	1	1	0.1		1	1			0	0.0447164	0	[0.00,0.00]	1	1	0.1		1	1			0	0.0175751	0	[0.00,0.00]	1	1	0.1		1	1			0	0.046941	0	[0.00,0.00]	1	1	0.1		1	1			0	0.057842	0	[0.00,0.00]	1	1	0.1		1	1			0	0.0409344	0	[0.00,0.00]	1	1	0.1		1	1			0	0.0631813	0	[0.00,0.00]	1	1	0.1		1	1			0	0.146162	0	[0.00,0.00]	1	1	0.1		1	1			0	0.025584	0	[0.00,0.00]	1	1	0.1		1	1		
88	1		0	0.0453838	0	[0.00,0.00]	1	1	0.1		1	1			0	0.108788	0	[0.00,0.00]	1	1	0.1		1	1			0	0.0622914	0	[0.00,0.00]	1	1	0.1		1	1			0	0.0447164	0	[0.00,0.00]	1	1	0.1		1	1			0	0.0175751	0	[0.00,0.00]	1	1	0.1		1	1			0	0.046941	0	[0.00,0.00]	1	1	0.1		1	1			0	0.057842	0	[0.00,0.00]	1	1	0.1		1	1			0	0.0409344	0	[0.00,0.00]	1	1	0.1		1	1			0	0.0631813	0	[0.00,0.00]	1	1	0.1		1	1			0	0.146162	0	[0.00,0.00]	1	1	0.1		1	1			0	0.025584	0	[0.00,0.00]	1	1	0.1		1	1		
89	7		3	0.317686	15.9963	[3.56,71.95]	0.00268593	1	0.1		0.999871	1			3	0.761513	6.17593	[1.38,27.68]	0.0283427	1	0.1		0.996299	1			0	0.43604	0	[0.00,0.00]	1	1	0.1		1	1			3	0.313014	16.25	[3.61,73.10]	0.00257579	1	0.1		0.999878	1			0	0.123026	0	[0.00,0.00]	1	1	0.1		1	1			0	0.328587	0	[0.00,0.00]	1	1	0.1		1	1			2	0.404894	6.55814	[1.27,33.97]	0.0520782	1	0.1		0.994374	1			3	0.286541	17.8467	[3.96,80.33]	0.00200465	0.977525	0.1		0.999914	1			3	0.442269	11.2286	[2.50,50.42]	0.00674941	1	0.1		0.999531	1			6	1.02314	35.3641	[4.25,294.23]	5.72235e-05	0.0534824	0.1		0.999999	1			0	0.179088	0	[0.00,0.00]	1	1	0.1		1	1		
90	1		0	0.0453838	0	[0.00,0.00]	1	1	0.1		1	1			0	0.108788	0	[0.00,0.00]	1	1	0.1		1	1			0	0.0622914	0	[0.00,0.00]	1	1	0.1		1	1			0	0.0447164	0	[0.00,0.00]	1	1	0.1		1	1			0	0.0175751	0	[0.00,0.00]	1	1	0.1		1	1			0	0.046941	0	[0.00,0.00]	1	1	0.1		1	1			0	0.057842	0	[0.00,0.00]	1	1	0.1		1	1			0	0.0409344	0	[0.00,0.00]	1	1	0.1		1	1			0	0.0631813	0	[0.00,0.00]	1	1	0.1		1	1			0	0.146162	0	[0.00,0.00]	1	1	0.1		1	1			0	0.025584	0	[0.00,0.00]	1	1	0.1		1	1		
91	1		0	0.0453838	0	[0.00,0.00]	1	1	0.1		1	1			0	0.108788	0	[0.00,0.00]	1	1	0.1		1	1			0	0.0622914	0	[0.00,0.00]	1	1	0.1		1	1			0	0.0447164	0	[0.00,0.00]	1	1	0.1		1	1			0	0.0175751	0	[0.00,0.00]	1	1	0.1		1	1			0	0.046941	0	[0.00,0.00]	1	1	0.1		1	1			0	0.057842	0	[0.00,0.00]	1	1	0.1		1	1			0	0.0409344	0	[0.00,0.00]	1	1	0.1		1	1			0	0.0631813	0	[0.00,0.00]	1	1	0.1		1	1			0	0.146162	0	[0.00,0.00]	1	1	0.1		1	1			0	0.025584	0	[0.00,0.00]	1	1	0.1		1	1		
92	1		0	0.0453838	0	[0.00,0.00]	1	1	0.1		1	1			0	0.108788	0	[0.00,0.00]	1	1	0.1		1	1			0	0.0622914	0	[0.00,0.00]	1	1	0.1		1	1			0	0.0447164	0	[0.00,0.00]	1	1	0.1		1	1			0	0.0175751	0	[0.00,0.00]	1	1	0.1		1	1			0	0.046941	0	[0.00,0.00]	1	1	0.1		1	1			0	0.057842	0	[0.00,0.00]	1	1	0.1		1	1			0	0.0409344	0	[0.00,0.00]	1	1	0.1		1	1			0	0.0631813	0	[0.00,0.00]	1	1	0.1		1	1			1	0.146162	0	[0.00,0.00]	0.146162	1	0.1		1	1			0	0.025584	0	[0.00,0.00]	1	1	0.1		1	1		
93	1		0	0.0453838	0	[0.00,0.00]	1	1	0.1		1	1			0	0.108788	0	[0.00,0.00]	1	1	0.1		1	1			0	0.0622914	0	[0.00,0.00]	1	1	0.1		1	1			0	0.0447164	0	[0.00,0.00]	1	1	0.1		1	1			0	0.0175751	0	[0.00,0.00]	1	1	0.1		1	1			0	0.046941	0	[0.00,0.00]	1	1	0.1		1	1			0	0.057842	0	[0.00,0.00]	1	1	0.1		1	1			0	0.0409344	0	[0.00,0.00]	1	1	0.1		1	1			0	0.0631813	0	[0.00,0.00]	1	1	0.1		1	1			0	0.146162	0	[0.00,0.00]	1	1	0.1		1	1			0	0.025584	0	[0.00,0.00]	1	1	0.1		1	1		
94	1		0	0.0453838	0	[0.00,0.00]	1	1	0.1		1	1			0	0.108788	0	[0.00,0.00]	1	1	0.1		1	1			0	0.0622914	0	[0.00,0.00]	1	1	0.1		1	1			0	0.0447164	0	[0.00,0.00]	1	1	0.1		1	1			0	0.0175751	0	[0.00,0.00]	1	1	0.1		1	1			0	0.046941	0	[0.00,0.00]	1	1	0.1		1	1			0	0.057842	0	[0.00,0.00]	1	1	0.1		1	1			0	0.0409344	0	[0.00,0.00]	1	1	0.1		1	1			0	0.0631813	0	[0.00,0.00]	1	1	0.1		1	1			0	0.146162	0	[0.00,0.00]	1	1	0.1		1	1			0	0.025584	0	[0.00,0.00]	1	1	0.1		1	1		
95	1		0	0.0453838	0	[0.00,0.00]	1	1	0.1		1	1			0	0.108788	0	[0.00,0.00]	1	1	0.1		1	1			0	0.0622914	0	[0.00,0.00]	1	1	0.1		1	1			0	0.0447164	0	[0.00,0.00]	1	1	0.1		1	1			0	0.0175751	0	[0.00,0.00]	1	1	0.1		1	1			0	0.046941	0	[0.00,0.00]	1	1	0.1		1	1			0	0.057842	0	[0.00,0.00]	1	1	0.1		1	1			0	0.0409344	0	[0.00,0.00]	1	1	0.1		1	1			0	0.0631813	0	[0.00,0.00]	1	1	0.1		1	1			0	0.146162	0	[0.00,0.00]	1	1	0.1		1	1			0	0.025584	0	[0.00,0.00]	1	1	0.1		1	1		
96	1		0	0.0453838	0	[0.00,0.00]	1	1	0.1		1	1			0	0.108788	0	[0.00,0.00]	1	1	0.1		1	1			0	0.0622914	0	[0.00,0.00]	1	1	0.1		1	1			0	0.0447164	0	[0.00,0.00]	1	1	0.1		1	1			0	0.0175751	0	[0.00,0.00]	1	1	0.1		1	1			1	0.046941	0	[0.00,0.00]	0.046941	1	0.1		1	1			0	0.057842	0	[0.00,0.00]	1	1	0.1		1	1			0	0.0409344	0	[0.00,0.00]	1	1	0.1		1	1			1	0.0631813	0	[0.00,0.00]	0.0631813	1	0.1		1	1			0	0.146162	0	[0.00,0.00]	1	1	0.1		1	1			0	0.025584	0	[0.00,0.00]	1	1	0.1		1	1		
97	1		0	0.0453838	0	[0.00,0.00]	1	1	0.1		1	1			1	0.108788	0	[0.00,0.00]	0.108788	1	0.1		1	1			0	0.0622914	0	[0.00,0.00]	1	1	0.1		1	1			0	0.0447164	0	[0.00,0.00]	1	1	0.1		1	1			0	0.0175751	0	[0.00,0.00]	1	1	0.1		1	1			0	0.046941	0	[0.00,0.00]	1	1	0.1		1	1			0	0.057842	0	[0.00,0.00]	1	1	0.1		1	1			0	0.0409344	0	[0.00,0.00]	1	1	0.1		1	1			0	0.0631813	0	[0.00,0.00]	1	1	0.1		1	1			0	0.146162	0	[0.00,0.00]	1	1	0.1		1	1			0	0.025584	0	[0.00,0.00]	1	1	0.1		1	1		
98	1		0	0.0453838	0	[0.00,0.00]	1	1	0.1		1	1			0	0.108788	0	[0.00,0.00]	1	1	0.1		1	1			0	0.0622914	0	[0.00,0.00]	1	1	0.1		1	1			0	0.0447164	0	[0.00,0.00]	1	1	0.1		1	1			0	0.0175751	0	[0.00,0.00]	1	1	0.1		1	1			0	0.046941	0	[0.00,0.00]	1	1	0.1		1	1			0	0.057842	0	[0.00,0.00]	1	1	0.1		1	1			0	0.0409344	0	[0.00,0.00]	1	1	0.1		1	1			0	0.0631813	0	[0.00,0.00]	1	1	0.1		1	1			0	0.146162	0	[0.00,0.00]	1	1	0.1		1	1			0	0.025584	0	[0.00,0.00]	1	1	0.1		1	1		
99	1		0	0.0453838	0	[0.00,0.00]	1	1	0.1		1	1			0	0.108788	0	[0.00,0.00]	1	1	0.1		1	1			0	0.0622914	0	[0.00,0.00]	1	1	0.1		1	1			0	0.0447164	0	[0.00,0.00]	1	1	0.1		1	1			0	0.0175751	0	[0.00,0.00]	1	1	0.1		1	1			0	0.046941	0	[0.00,0.00]	1	1	0.1		1	1			0	0.057842	0	[0.00,0.00]	1	1	0.1		1	1			0	0.0409344	0	[0.00,0.00]	1	1	0.1		1	1			0	0.0631813	0	[0.00,0.00]	1	1	0.1		1	1			0	0.146162	0	[0.00,0.00]	1	1	0.1		1	1			0	0.025584	0	[0.00,0.00]	1	1	0.1		1	1		
100	1		0	0.0453838	0	[0.00,0.00]	1	1	0.1		1	1			0	0.108788	0	[0.00,0.00]	1	1	0.1		1	1			0	0.0622914	0	[0.00,0.00]	1	1	0.1		1	1			0	0.0447164	0	[0.00,0.00]	1	1	0.1		1	1			0	0.0175751	0	[0.00,0.00]	1	1	0.1		1	1			0	0.046941	0	[0.00,0.00]	1	1	0.1		1	1			0	0.057842	0	[0.00,0.00]	1	1	0.1		1	1			0	0.0409344	0	[0.00,0.00]	1	1	0.1		1	1			0	0.0631813	0	[0.00,0.00]	1	1	0.1		1	1			0	0.146162	0	[0.00,0.00]	1	1	0.1		1	1			0	0.025584	0	[0.00,0.00]	1	1	0.1		1	1		
101	18		1	0.816908	1.23848	[0.16,9.35]	0.371777	1	0.1		0.804504	1			3	1.95818	1.64239	[0.47,5.69]	0.312289	1	0.1		0.750805	1			0	1.12125	0	[0.00,0.00]	1	1	0.1		1	1			1	0.804894	1.25794	[0.17,9.50]	0.370696	1	0.1		0.808912	1			0	0.316352	0	[0.00,0.00]	1	1	0.1		1	1			1	0.844939	1.19524	[0.16,9.02]	0.373988	1	0.1		0.794159	1			1	1.04116	0.957983	[0.13,7.23]	0.720282	1	0.1		0.37884	1			1	0.736819	1.38026	[0.18,10.43]	0.362966	1	0.1		0.83355	1			1	1.13726	0.871752	[0.12,6.57]	0.683809	1	0.1		0.375632	1			0	2.63092	0	[0.00,0.00]	1	1	0.1		1	1			2	0.460512	4.82743	[1.10,21.25]	0.0660138	1	0.1		0.989943	1		
102	1		0	0.0453838	0	[0.00,0.00]	1	1	0.1		1	1			0	0.108788	0	[0.00,0.00]	1	1	0.1		1	1			0	0.0622914	0	[0.00,0.00]	1	1	0.1		1	1			0	0.0447164	0	[0.00,0.00]	1	1	0.1		1	1			0	0.0175751	0	[0.00,0.00]	1	1	0.1		1	1			0	0.046941	0	[0.00,0.00]	1	1	0.1		1	1			0	0.057842	0	[0.00,0.00]	1	1	0.1		1	1			0	0.0409344	0	[0.00,0.00]	1	1	0.1		1	1			0	0.0631813	0	[0.00,0.00]	1	1	0.1		1	1			0	0.146162	0	[0.00,0.00]	1	1	0.1		1	1			0	0.025584	0	[0.00,0.00]	1	1	0.1		1	1		
103	1		0	0.0453838	0	[0.00,0.00]	1	1	0.1		1	1			0	0.108788	0	[0.00,0.00]	1	1	0.1		1	1			0	0.0622914	0	[0.00,0.00]	1	1	0.1		1	1			0	0.0447164	0	[0.00,0.00]	1	1	0.1		1	1			0	0.0175751	0	[0.00,0.00]	1	1	0.1		1	1			0	0.046941	0	[0.00,0.00]	1	1	0.1		1	1			0	0.057842	0	[0.00,0.00]	1	1	0.1		1	1			0	0.0409344	0	[0.00,0.00]	1	1	0.1		1	1			0	0.0631813	0	[0.00,0.00]	1	1	0.1		1	1			0	0.146162	0	[0.00,0.00]	1	1	0.1		1	1			0	0.025584	0	[0.00,0.00]	1	1	0.1		1	1		
104	1		0	0.0453838	0	[0.00,0.00]	1	1	0.1		1	1			0	0.108788	0	[0.00,0.00]	1	1	0.1		1	1			0	0.0622914	0	[0.00,0.00]	1	1	0.1		1	1			0	0.0447164	0	[0.00,0.00]	1	1	0.1		1	1			0	0.0175751	0	[0.00,0.00]	1	1	0.1		1	1			0	0.046941	0	[0.00,0.00]	1	1	0.1		1	1			0	0.057842	0	[0.00,0.00]	1	1	0.1		1	1			0	0.0409344	0	[0.00,0.00]	1	1	0.1		1	1			0	0.0631813	0	[0.00,0.00]	1	1	0.1		1	1			0	0.146162	0	[0.00,0.00]	1	1	0.1		1	1			0	0.025584	0	[0.00,0.00]	1	1	0.1		1	1		
105	98		3	4.44761	0.65923	[0.21,2.10]	0.342727	1	0.1		0.172768	1			11	10.6612	1.03662	[0.55,1.95]	0.49255	1	0.1		0.257588	1			2	6.10456	0.308678	[0.08,1.26]	0.0503843	1	0.1		0.0373194	1			3	4.3822	0.669697	[0.21,2.13]	0.35437	1	0.1		0.176693	1			0	1.72236	0	[0.00,0.00]	1	1	0.1		1	1			2	4.60022	0.417464	[0.10,1.71]	0.153046	1	0.1		0.102409	1			5	5.66852	0.873287	[0.35,2.17]	0.495752	1	0.1		0.173983	1			3	4.01157	0.735563	[0.23,2.34]	0.424958	1	0.1		0.197837	1			5	6.19177	0.793541	[0.32,1.97]	0.407334	1	0.1		0.159068	1			12	14.3239	0.811682	[0.44,1.49]	0.307526	1	0.1		0.0972821	1			0	2.50723	0	[0.00,0.00]	1	1	0.1		1	1		
106	2		0	0.0907675	0	[0.00,0.00]	1	1	0.1		1	1			1	0.217575	8.20697	[0.51,131.42]	0.193949	1	0.1		0.988187	1			1	0.124583	15.1039	[0.94,242.13]	0.116848	1	0.1		0.996133	1			0	0.0894327	0	[0.00,0.00]	1	1	0.1		1	1			0	0.0351502	0	[0.00,0.00]	1	1	0.1		1	1			0	0.0938821	0	[0.00,0.00]	1	1	0.1		1	1			0	0.115684	0	[0.00,0.00]	1	1	0.1		1	1			0	0.0818687	0	[0.00,0.00]	1	1	0.1		1	1			0	0.126363	0	[0.00,0.00]	1	1	0.1		1	1			0	0.292325	0	[0.00,0.00]	1	1	0.1		1	1			0	0.051168	0	[0.00,0.00]	1	1	0.1		1	1		
107	41		1	1.86073	0.523522	[0.07,3.83]	0.438115	1	0.1		0.290479	1			0	4.46029	0	[0.00,0.00]	1	1	0.1		1	1			1	2.55395	0.374104	[0.05,2.73]	0.265145	1	0.1		0.194434	1			1	1.83337	0.53175	[0.07,3.89]	0.446307	1	0.1		0.294359	1			0	0.720578	0	[0.00,0.00]	1	1	0.1		1	1			1	1.92458	0.505238	[0.07,3.69]	0.419402	1	0.1		0.281368	1			1	2.37152	0.404923	[0.06,2.96]	0.304312	1	0.1		0.218375	1			0	1.67831	0	[0.00,0.00]	1	1	0.1		1	1			1	2.59043	0.368463	[0.05,2.69]	0.257828	1	0.1		0.189829	1			3	5.99266	0.458716	[0.14,1.49]	0.130198	1	0.1		0.0816949	1			1	1.04894	0.951754	[0.13,6.98]	0.717508	1	0.1		0.373611	1		
108	1		0	0.0453838	0	[0.00,0.00]	1	1	0.1		1	1			0	0.108788	0	[0.00,0.00]	1	1	0.1		1	1			0	0.0622914	0	[0.00,0.00]	1	1	0.1		1	1			0	0.0447164	0	[0.00,0.00]	1	1	0.1		1	1			1	0.0175751	0	[0.00,0.00]	0.0175751	1	0.1		1	1			0	0.046941	0	[0.00,0.00]	1	1	0.1		1	1			1	0.057842	0	[0.00,0.00]	0.057842	1	0.1		1	1			0	0.0409344	0	[0.00,0.00]	1	1	0.1		1	1			0	0.0631813	0	[0.00,0.00]	1	1	0.1		1	1			0	0.146162	0	[0.00,0.00]	1	1	0.1		1	1			0	0.025584	0	[0.00,0.00]	1	1	0.1		1	1		
109	2		0	0.0907675	0	[0.00,0.00]	1	1	0.1		1	1			0	0.217575	0	[0.00,0.00]	1	1	0.1		1	1			0	0.124583	0	[0.00,0.00]	1	1	0.1		1	1			0	0.0894327	0	[0.00,0.00]	1	1	0.1		1	1			0	0.0351502	0	[0.00,0.00]	1	1	0.1		1	1			0	0.0938821	0	[0.00,0.00]	1	1	0.1		1	1			0	0.115684	0	[0.00,0.00]	1	1	0.1		1	1			0	0.0818687	0	[0.00,0.00]	1	1	0.1		1	1			0	0.126363	0	[0.00,0.00]	1	1	0.1		1	1			1	0.292325	5.84909	[0.37,93.63]	0.249653	1	0.1		0.978664	1			0	0.051168	0	[0.00,0.00]	1	1	0.1		1	1		
110	53		2	2.40534	0.823141	[0.20,3.41]	0.5653	1	0.1		0.266866	1			4	5.76574	0.666021	[0.24,1.85]	0.301448	1	0.1		0.145317	1			3	3.30145	0.902166	[0.28,2.91]	0.577591	1	0.1		0.228378	1			2	2.36997	0.836141	[0.20,3.46]	0.574851	1	0.1		0.268512	1			0	0.931479	0	[0.00,0.00]	1	1	0.1		1	1			3	2.48788	1.22135	[0.38,3.95]	0.500994	1	0.1		0.482963	1			3	3.06563	0.977043	[0.30,3.15]	0.632144	1	0.1		0.23181	1			0	2.16952	0	[0.00,0.00]	1	1	0.1		1	1			1	3.34861	0.282618	[0.04,2.05]	0.142316	1	0.1		0.111506	1			3	7.74661	0.347523	[0.11,1.12]	0.0379242	1	0.1		0.0266334	1			0	1.35595	0	[0.00,0.00]	1	1	0.1		1	1		
111	37		0	1.6792	0	[0.00,0.00]	1	1	0.1		1	1			5	4.02514	1.28293	[0.50,3.31]	0.383829	1	0.1		0.574604	1			1	2.30478	0.416069	[0.06,3.05]	0.318915	1	0.1		0.227248	1			0	1.65451	0	[0.00,0.00]	1	1	0.1		1	1			1	0.650278	1.55983	[0.21,11.52]	0.345361	1	0.1		0.862872	1			2	1.73682	1.16172	[0.28,4.86]	0.441588	1	0.1		0.581994	1			0	2.14016	0	[0.00,0.00]	1	1	0.1		1	1			1	1.51457	0.648907	[0.09,4.76]	0.548716	1	0.1		0.337062	1			1	2.33771	0.409796	[0.06,3.00]	0.311207	1	0.1		0.222718	1			1	5.40801	0.160993	[0.02,1.18]	0.020829	1	0.1		0.0180119	1			2	0.946607	2.19722	[0.52,9.25]	0.176621	1	0.1		0.932413	1		
112	72		4	3.26763	1.24206	[0.45,3.44]	0.340906	1	0.1		0.618916	1			3	7.8327	0.35221	[0.11,1.12]	0.0380482	1	0.1		0.0265333	1			1	4.48498	0.209198	[0.03,1.51]	0.0550248	1	0.1		0.0456427	1			4	3.21958	1.26187	[0.46,3.49]	0.344783	1	0.1		0.621663	1			2	1.26541	1.61262	[0.39,6.70]	0.230299	1	0.1		0.867872	1			4	3.37976	1.19807	[0.43,3.32]	0.332084	1	0.1		0.611303	1			0	4.16463	0	[0.00,0.00]	1	1	0.1		1	1			3	2.94727	1.01898	[0.32,3.27]	0.659503	1	0.1		0.23062	1			4	4.54905	0.870378	[0.32,2.40]	0.51868	1	0.1		0.195036	1			8	10.5237	0.726888	[0.35,1.52]	0.254927	1	0.1		0.101173	1			0	1.84205	0	[0.00,0.00]	1	1	0.1		1	1		
113	3		0	0.136151	0	[0.00,0.00]	1	1	0.1		1	1			0	0.326363	0	[0.00,0.00]	1	1	0.1		1	1			0	0.186874	0	[0.00,0.00]	1	1	0.1		1	1			0	0.134149	0	[0.00,0.00]	1	1	0.1		1	1			0	0.0527253	0	[0.00,0.00]	1	1	0.1		1	1			1	0.140823	10.1952	[0.92,112.89]	0.127968	1	0.1		0.993624	1			0	0.173526	0	[0.00,0.00]	1	1	0.1		1	1			0	0.122803	0	[0.00,0.00]	1	1	0.1		1	1			1	0.189544	7.4364	[0.67,82.26]	0.166421	1	0.1		0.988563	1			1	0.438487	2.92378	[0.26,32.29]	0.319804	1	0.1		0.942214	1			0	0.0767519	0	[0.00,0.00]	1	1	0.1		1	1		
114	5		0	0.226919	0	[0.00,0.00]	1	1	0.1		1	1			0	0.543938	0	[0.00,0.00]	1	1	0.1		1	1			1	0.311457	3.7733	[0.42,33.87]	0.241001	1	0.1		0.965896	1			0	0.223582	0	[0.00,0.00]	1	1	0.1		1	1			0	0.0878754	0	[0.00,0.00]	1	1	0.1		1	1			0	0.234705	0	[0.00,0.00]	1	1	0.1		1	1			0	0.28921	0	[0.00,0.00]	1	1	0.1		1	1			0	0.204672	0	[0.00,0.00]	1	1	0.1		1	1			1	0.315907	3.71643	[0.41,33.36]	0.243516	1	0.1		0.964977	1			0	0.730812	0	[0.00,0.00]	1	1	0.1		1	1			0	0.12792	0	[0.00,0.00]	1	1	0.1		1	1		
115	2		0	0.0907675	0	[0.00,0.00]	1	1	0.1		1	1			0	0.217575	0	[0.00,0.00]	1	1	0.1		1	1			0	0.124583	0	[0.00,0.00]	1	1	0.1		1	1			0	0.0894327	0	[0.00,0.00]	1	1	0.1		1	1			0	0.0351502	0	[0.00,0.00]	1	1	0.1		1	1			0	0.0938821	0	[0.00,0.00]	1	1	0.1		1	1			0	0.115684	0	[0.00,0.00]	1	1	0.1		1	1			0	0.0818687	0	[0.00,0.00]	1	1	0.1		1	1			0	0.126363	0	[0.00,0.00]	1	1	0.1		1	1			0	0.292325	0	[0.00,0.00]	1	1	0.1		1	1			0	0.051168	0	[0.00,0.00]	1	1	0.1		1	1		
116	7		0	0.317686	0	[0.00,0.00]	1	1	0.1		1	1			1	0.761513	1.36612	[0.16,11.37]	0.381916	1	0.1		0.82821	1			1	0.43604	2.51434	[0.30,20.96]	0.296768	1	0.1		0.934063	1			0	0.313014	0	[0.00,0.00]	1	1	0.1		1	1			0	0.123026	0	[0.00,0.00]	1	1	0.1		1	1			0	0.328587	0	[0.00,0.00]	1	1	0.1		1	1			1	0.404894	2.72136	[0.33,22.69]	0.283514	1	0.1		0.942296	1			0	0.286541	0	[0.00,0.00]	1	1	0.1		1	1			0	0.442269	0	[0.00,0.00]	1	1	0.1		1	1			2	1.02314	2.34076	[0.45,12.09]	0.203706	1	0.1		0.931038	1			0	0.179088	0	[0.00,0.00]	1	1	0.1		1	1		
117	5		1	0.226919	5.27956	[0.59,47.45]	0.188601	1	0.1		0.981282	1			1	0.543938	2.0502	[0.23,18.38]	0.343392	1	0.1		0.905459	1			0	0.311457	0	[0.00,0.00]	1	1	0.1		1	1			1	0.223582	5.3625	[0.60,48.20]	0.186348	1	0.1		0.981805	1			0	0.0878754	0	[0.00,0.00]	1	1	0.1		1	1			0	0.234705	0	[0.00,0.00]	1	1	0.1		1	1			0	0.28921	0	[0.00,0.00]	1	1	0.1		1	1			0	0.204672	0	[0.00,0.00]	1	1	0.1		1	1			1	0.315907	3.71643	[0.41,33.36]	0.243516	1	0.1		0.964977	1			1	0.730812	1.46113	[0.16,13.09]	0.388682	1	0.1		0.842321	1			0	0.12792	0	[0.00,0.00]	1	1	0.1		1	1		
118	4		0	0.181535	0	[0.00,0.00]	1	1	0.1		1	1			0	0.43515	0	[0.00,0.00]	1	1	0.1		1	1			0	0.249166	0	[0.00,0.00]	1	1	0.1		1	1			0	0.178865	0	[0.00,0.00]	1	1	0.1		1	1			0	0.0703003	0	[0.00,0.00]	1	1	0.1		1	1			0	0.187764	0	[0.00,0.00]	1	1	0.1		1	1			1	0.231368	5.44659	[0.56,52.55]	0.193619	1	0.1		0.981497	1			0	0.163737	0	[0.00,0.00]	1	1	0.1		1	1			0	0.252725	0	[0.00,0.00]	1	1	0.1		1	1			0	0.58465	0	[0.00,0.00]	1	1	0.1		1	1			0	0.102336	0	[0.00,0.00]	1	1	0.1		1	1		
119	2		0	0.0907675	0	[0.00,0.00]	1	1	0.1		1	1			0	0.217575	0	[0.00,0.00]	1	1	0.1		1	1			0	0.124583	0	[0.00,0.00]	1	1	0.1		1	1			0	0.0894327	0	[0.00,0.00]	1	1	0.1		1	1			0	0.0351502	0	[0.00,0.00]	1	1	0.1		1	1			0	0.0938821	0	[0.00,0.00]	1	1	0.1		1	1			0	0.115684	0	[0.00,0.00]	1	1	0.1		1	1			0	0.0818687	0	[0.00,0.00]	1	1	0.1		1	1			0	0.126363	0	[0.00,0.00]	1	1	0.1		1	1			0	0.292325	0	[0.00,0.00]	1	1	0.1		1	1			0	0.051168	0	[0.00,0.00]	1	1	0.1		1	1		
120	2		0	0.0907675	0	[0.00,0.00]	1	1	0.1		1	1			0	0.217575	0	[0.00,0.00]	1	1	0.1		1	1			0	0.124583	0	[0.00,0.00]	1	1	0.1		1	1			0	0.0894327	0	[0.00,0.00]	1	1	0.1		1	1			0	0.0351502	0	[0.00,0.00]	1	1	0.1		1	1			0	0.0938821	0	[0.00,0.00]	1	1	0.1		1	1			0	0.115684	0	[0.00,0.00]	1	1	0.1		1	1			0	0.0818687	0	[0.00,0.00]	1	1	0.1		1	1			0	0.126363	0	[0.00,0.00]	1	1	0.1		1	1			0	0.292325	0	[0.00,0.00]	1	1	0.1		1	1			1	0.051168	38.4123	[2.39,617.99]	0.04987	1	0.1		0.999351	1		
121	2		0	0.0907675	0	[0.00,0.00]	1	1	0.1		1	1			0	0.217575	0	[0.00,0.00]	1	1	0.1		1	1			0	0.124583	0	[0.00,0.00]	1	1	0.1		1	1			0	0.0894327	0	[0.00,0.00]	1	1	0.1		1	1			0	0.0351502	0	[0.00,0.00]	1	1	0.1		1	1			0	0.0938821	0	[0.00,0.00]	1	1	0.1		1	1			0	0.115684	0	[0.00,0.00]	1	1	0.1		1	1			0	0.0818687	0	[0.00,0.00]	1	1	0.1		1	1			1	0.126363	14.8763	[0.93,238.47]	0.118405	1	0.1		0.996021	1			0	0.292325	0	[0.00,0.00]	1	1	0.1		1	1			1	0.051168	38.4123	[2.39,617.99]	0.04987	1	0.1		0.999351	1		
122	2		0	0.0907675	0	[0.00,0.00]	1	1	0.1		1	1			0	0.217575	0	[0.00,0.00]	1	1	0.1		1	1			1	0.124583	15.1039	[0.94,242.13]	0.116848	1	0.1		0.996133	1			0	0.0894327	0	[0.00,0.00]	1	1	0.1		1	1			0	0.0351502	0	[0.00,0.00]	1	1	0.1		1	1			0	0.0938821	0	[0.00,0.00]	1	1	0.1		1	1			0	0.115684	0	[0.00,0.00]	1	1	0.1		1	1			0	0.0818687	0	[0.00,0.00]	1	1	0.1		1	1			0	0.126363	0	[0.00,0.00]	1	1	0.1		1	1			0	0.292325	0	[0.00,0.00]	1	1	0.1		1	1			0	0.051168	0	[0.00,0.00]	1	1	0.1		1	1		
123	2		0	0.0907675	0	[0.00,0.00]	1	1	0.1		1	1			1	0.217575	8.20697	[0.51,131.42]	0.193949	1	0.1		0.988187	1			0	0.124583	0	[0.00,0.00]	1	1	0.1		1	1			0	0.0894327	0	[0.00,0.00]	1	1	0.1		1	1			0	0.0351502	0	[0.00,0.00]	1	1	0.1		1	1			0	0.0938821	0	[0.00,0.00]	1	1	0.1		1	1			0	0.115684	0	[0.00,0.00]	1	1	0.1		1	1			0	0.0818687	0	[0.00,0.00]	1	1	0.1		1	1			0	0.126363	0	[0.00,0.00]	1	1	0.1		1	1			0	0.292325	0	[0.00,0.00]	1	1	0.1		1	1			1	0.051168	38.4123	[2.39,617.99]	0.04987	1	0.1		0.999351	1		
124	342		11	15.5212	0.681872	[0.37,1.26]	0.136556	1	0.1		0.054903	1			23	37.2053	0.570459	[0.37,0.88]	0.00463565	1	0.1		0.00213961	1			13	21.3037	0.575094	[0.33,1.01]	0.0288004	1	0.1		0.0136568	1			11	15.293	0.693163	[0.37,1.29]	0.149899	1	0.1		0.0590949	1			3	6.01068	0.474732	[0.15,1.51]	0.137551	1	0.1		0.0842849	1			11	16.0538	0.656843	[0.35,1.22]	0.109047	1	0.1		0.0457689	1			19	19.782	0.954845	[0.59,1.54]	0.484971	1	0.1		0.0956631	1			7	13.9996	0.469382	[0.22,1.01]	0.024817	1	0.1		0.0143584	1			12	21.608	0.51885	[0.29,0.94]	0.0128331	1	0.1		0.00669688	1			41	49.9875	0.782117	[0.56,1.10]	0.0859027	1	0.1		0.0233712	1			9	8.74972	1.03187	[0.52,2.06]	0.481158	1	0.1		0.279688	1		
125	3		0	0.136151	0	[0.00,0.00]	1	1	0.1		1	1			0	0.326363	0	[0.00,0.00]	1	1	0.1		1	1			0	0.186874	0	[0.00,0.00]	1	1	0.1		1	1			0	0.134149	0	[0.00,0.00]	1	1	0.1		1	1			0	0.0527253	0	[0.00,0.00]	1	1	0.1		1	1			0	0.140823	0	[0.00,0.00]	1	1	0.1		1	1			0	0.173526	0	[0.00,0.00]	1	1	0.1		1	1			0	0.122803	0	[0.00,0.00]	1	1	0.1		1	1			0	0.189544	0	[0.00,0.00]	1	1	0.1		1	1			0	0.438487	0	[0.00,0.00]	1	1	0.1		1	1			0	0.0767519	0	[0.00,0.00]	1	1	0.1		1	1		
126	3		0	0.136151	0	[0.00,0.00]	1	1	0.1		1	1			0	0.326363	0	[0.00,0.00]	1	1	0.1		1	1			0	0.186874	0	[0.00,0.00]	1	1	0.1		1	1			0	0.134149	0	[0.00,0.00]	1	1	0.1		1	1			0	0.0527253	0	[0.00,0.00]	1	1	0.1		1	1			0	0.140823	0	[0.00,0.00]	1	1	0.1		1	1			0	0.173526	0	[0.00,0.00]	1	1	0.1		1	1			0	0.122803	0	[0.00,0.00]	1	1	0.1		1	1			0	0.189544	0	[0.00,0.00]	1	1	0.1		1	1			0	0.438487	0	[0.00,0.00]	1	1	0.1		1	1			0	0.0767519	0	[0.00,0.00]	1	1	0.1		1	1		
127	63		7	2.85918	2.68718	[1.21,5.97]	0.0158307	1	0.1		0.992929	1			5	6.85362	0.703192	[0.28,1.76]	0.303825	1	0.1		0.134676	1			1	3.92436	0.240086	[0.03,1.74]	0.0886289	1	0.1		0.0717393	1			7	2.81713	2.73067	[1.23,6.07]	0.0148213	1	0.1		0.993522	1			2	1.10723	1.85438	[0.45,7.72]	0.206063	1	0.1		0.901876	1			0	2.95729	0	[0.00,0.00]	1	1	0.1		1	1			5	3.64405	1.4121	[0.56,3.55]	0.256803	1	0.1		0.732835	1			2	2.57887	0.765628	[0.19,3.16]	0.51972	1	0.1		0.256808	1			6	3.98042	1.57289	[0.67,3.68]	0.18948	1	0.1		0.815235	1			9	9.20823	0.973251	[0.48,1.98]	0.557951	1	0.1		0.142867	1			1	1.61179	0.610922	[0.08,4.44]	0.517231	1	0.1		0.32408	1		
128	33		1	1.49766	0.655634	[0.09,4.82]	0.55417	1	0.1		0.33943	1			6	3.58999	1.83069	[0.75,4.46]	0.103876	1	0.1		0.917593	1			0	2.05562	0	[0.00,0.00]	1	1	0.1		1	1			1	1.47564	0.665937	[0.09,4.90]	0.5618	1	0.1		0.34203	1			0	0.579978	0	[0.00,0.00]	1	1	0.1		1	1			1	1.54905	0.632738	[0.09,4.65]	0.536578	1	0.1		0.333143	1			0	1.90879	0	[0.00,0.00]	1	1	0.1		1	1			0	1.35083	0	[0.00,0.00]	1	1	0.1		1	1			3	2.08498	1.4879	[0.45,4.91]	0.310055	1	0.1		0.732798	1			3	4.82336	0.582263	[0.18,1.91]	0.268114	1	0.1		0.148745	1			0	0.844271	0	[0.00,0.00]	1	1	0.1		1	1		
129	2		0	0.0907675	0	[0.00,0.00]	1	1	0.1		1	1			0	0.217575	0	[0.00,0.00]	1	1	0.1		1	1			0	0.124583	0	[0.00,0.00]	1	1	0.1		1	1			0	0.0894327	0	[0.00,0.00]	1	1	0.1		1	1			0	0.0351502	0	[0.00,0.00]	1	1	0.1		1	1			0	0.0938821	0	[0.00,0.00]	1	1	0.1		1	1			0	0.115684	0	[0.00,0.00]	1	1	0.1		1	1			0	0.0818687	0	[0.00,0.00]	1	1	0.1		1	1			0	0.126363	0	[0.00,0.00]	1	1	0.1		1	1			0	0.292325	0	[0.00,0.00]	1	1	0.1		1	1			0	0.051168	0	[0.00,0.00]	1	1	0.1		1	1		
130	1		0	0.0453838	0	[0.00,0.00]	1	1	0.1		1	1			0	0.108788	0	[0.00,0.00]	1	1	0.1		1	1			0	0.0622914	0	[0.00,0.00]	1	1	0.1		1	1			0	0.0447164	0	[0.00,0.00]	1	1	0.1		1	1			0	0.0175751	0	[0.00,0.00]	1	1	0.1		1	1			0	0.046941	0	[0.00,0.00]	1	1	0.1		1	1			0	0.057842	0	[0.00,0.00]	1	1	0.1		1	1			0	0.0409344	0	[0.00,0.00]	1	1	0.1		1	1			0	0.0631813	0	[0.00,0.00]	1	1	0.1		1	1			0	0.146162	0	[0.00,0.00]	1	1	0.1		1	1			0	0.025584	0	[0.00,0.00]	1	1	0.1		1	1		
