C	Cn	synaptic_vesicle	actual overlap	expected overlap	OR	95% CI	p-value	p.adjusted	{p_value}	BC	p-value(ALT)	p.adjusted(ALT)	BC(ALT)	postsynaptic_density	actual overlap	expected overlap	OR	95% CI	p-value	p.adjusted	{p_value}	BC	p-value(ALT)	p.adjusted(ALT)	BC(ALT)	integral_component_of_synaptic_vesicle_m...	actual overlap	expected overlap	OR	95% CI	p-value	p.adjusted	{p_value}	BC	p-value(ALT)	p.adjusted(ALT)	BC(ALT)	synaptic_vesicle_membrane	actual overlap	expected overlap	OR	95% CI	p-value	p.adjusted	{p_value}	BC	p-value(ALT)	p.adjusted(ALT)	BC(ALT)	presynaptic_membrane	actual overlap	expected overlap	OR	95% CI	p-value	p.adjusted	{p_value}	BC	p-value(ALT)	p.adjusted(ALT)	BC(ALT)	synaptic_cleft	actual overlap	expected overlap	OR	95% CI	p-value	p.adjusted	{p_value}	BC	p-value(ALT)	p.adjusted(ALT)	BC(ALT)	dendritic_spine	actual overlap	expected overlap	OR	95% CI	p-value	p.adjusted	{p_value}	BC	p-value(ALT)	p.adjusted(ALT)	BC(ALT)	synapse	actual overlap	expected overlap	OR	95% CI	p-value	p.adjusted	{p_value}	BC	p-value(ALT)	p.adjusted(ALT)	BC(ALT)	postsynaptic_membrane	actual overlap	expected overlap	OR	95% CI	p-value	p.adjusted	{p_value}	BC	p-value(ALT)	p.adjusted(ALT)	BC(ALT)	presynaptic_active_zone	actual overlap	expected overlap	OR	95% CI	p-value	p.adjusted	{p_value}	BC	p-value(ALT)	p.adjusted(ALT)	BC(ALT)	presynaptic_active_zone_membrane	actual overlap	expected overlap	OR	95% CI	p-value	p.adjusted	{p_value}	BC	p-value(ALT)	p.adjusted(ALT)	BC(ALT)	synaptic_membrane	actual overlap	expected overlap	OR	95% CI	p-value	p.adjusted	{p_value}	BC	p-value(ALT)	p.adjusted(ALT)	BC(ALT)	intrinsic_component_of_synaptic_vesicle_...	actual overlap	expected overlap	OR	95% CI	p-value	p.adjusted	{p_value}	BC	p-value(ALT)	p.adjusted(ALT)	BC(ALT)	presynapse	actual overlap	expected overlap	OR	95% CI	p-value	p.adjusted	{p_value}	BC	p-value(ALT)	p.adjusted(ALT)	BC(ALT)	postsynapse	actual overlap	expected overlap	OR	95% CI	p-value	p.adjusted	{p_value}	BC	p-value(ALT)	p.adjusted(ALT)	BC(ALT)	postsynaptic_density_membrane	actual overlap	expected overlap	OR	95% CI	p-value	p.adjusted	{p_value}	BC	p-value(ALT)	p.adjusted(ALT)	BC(ALT)	postsynaptic_endosome	actual overlap	expected overlap	OR	95% CI	p-value	p.adjusted	{p_value}	BC	p-value(ALT)	p.adjusted(ALT)	BC(ALT)	intrinsic_component_of_postsynaptic_memb...	actual overlap	expected overlap	OR	95% CI	p-value	p.adjusted	{p_value}	BC	p-value(ALT)	p.adjusted(ALT)	BC(ALT)	GABA-ergic_synapse	actual overlap	expected overlap	OR	95% CI	p-value	p.adjusted	{p_value}	BC	p-value(ALT)	p.adjusted(ALT)	BC(ALT)	anchored_component_of_synaptic_vesicle_m...	actual overlap	expected overlap	OR	95% CI	p-value	p.adjusted	{p_value}	BC	p-value(ALT)	p.adjusted(ALT)	BC(ALT)	integral_component_of_postsynaptic_membr...	actual overlap	expected overlap	OR	95% CI	p-value	p.adjusted	{p_value}	BC	p-value(ALT)	p.adjusted(ALT)	BC(ALT)	postsynaptic_specialization	actual overlap	expected overlap	OR	95% CI	p-value	p.adjusted	{p_value}	BC	p-value(ALT)	p.adjusted(ALT)	BC(ALT)	postsynaptic_specialization_membrane	actual overlap	expected overlap	OR	95% CI	p-value	p.adjusted	{p_value}	BC	p-value(ALT)	p.adjusted(ALT)	BC(ALT)	
1	9		0	0.333065	0	[0.00,0.00]	1	1	0.1		1	1			0	0.514079	0	[0.00,0.00]	1	1	0.1		1	1			0	0.0217216	0	[0.00,0.00]	1	1	0.1		1	1			0	0.159292	0	[0.00,0.00]	1	1	0.1		1	1			0	0.13033	0	[0.00,0.00]	1	1	0.1		1	1			0	0.0144811	0	[0.00,0.00]	1	1	0.1		1	1			0	0.282381	0	[0.00,0.00]	1	1	0.1		1	1			0	1.44087	0	[0.00,0.00]	1	1	0.1		1	1			0	0.340306	0	[0.00,0.00]	1	1	0.1		1	1			0	0.0506838	0	[0.00,0.00]	1	1	0.1		1	1			0	0.0217216	0	[0.00,0.00]	1	1	0.1		1	1			0	0.499598	0	[0.00,0.00]	1	1	0.1		1	1			0	0.0579244	0	[0.00,0.00]	1	1	0.1		1	1			0	0.622687	0	[0.00,0.00]	1	1	0.1		1	1			0	0.803701	0	[0.00,0.00]	1	1	0.1		1	1			0	0.0289622	0	[0.00,0.00]	1	1	0.1		1	1			0	0.00724055	0	[0.00,0.00]	1	1	0.1		1	1			0	0.0144811	0	[0.00,0.00]	1	1	0.1		1	1			0	0	0	[0.00,0.00]	1	1	0.1		1	1			0	0.0362027	0	[0.00,0.00]	1	1	0.1		1	1			0	0.0144811	0	[0.00,0.00]	1	1	0.1		1	1			0	0.514079	0	[0.00,0.00]	1	1	0.1		1	1			0	0.0289622	0	[0.00,0.00]	1	1	0.1		1	1		
2	41		4	1.5173	2.98584	[1.02,8.76]	0.0457165	1	0.1		0.984653	1			2	2.34191	0.842066	[0.20,3.56]	0.581042	1	0.1		0.273561	1			0	0.0989541	0	[0.00,0.00]	1	1	0.1		1	1			3	0.725664	4.91551	[1.39,17.33]	0.0283351	1	0.1		0.99515	1			0	0.593725	0	[0.00,0.00]	1	1	0.1		1	1			0	0.0659694	0	[0.00,0.00]	1	1	0.1		1	1			0	1.2864	0	[0.00,0.00]	1	1	0.1		1	1			10	6.56396	1.72896	[0.83,3.59]	0.083139	1	0.1		0.921162	1			2	1.55028	1.31852	[0.31,5.63]	0.466297	1	0.1		0.600032	1			0	0.230893	0	[0.00,0.00]	1	1	0.1		1	1			0	0.0989541	0	[0.00,0.00]	1	1	0.1		1	1			3	2.27595	1.35885	[0.41,4.52]	0.3043	1	0.1		0.718789	1			1	0.263878	4.26786	[0.51,35.52]	0.209719	1	0.1		0.973786	1			6	2.83669	2.40429	[0.98,5.89]	0.0388919	1	0.1		0.980675	1			2	3.6613	0.514232	[0.12,2.16]	0.274014	1	0.1		0.16956	1			0	0.131939	0	[0.00,0.00]	1	1	0.1		1	1			0	0.0329847	0	[0.00,0.00]	1	1	0.1		1	1			0	0.0659694	0	[0.00,0.00]	1	1	0.1		1	1			0	0	0	[0.00,0.00]	1	1	0.1		1	1			1	0.164924	7.4875	[0.82,68.52]	0.144659	1	0.1		0.990029	1			0	0.0659694	0	[0.00,0.00]	1	1	0.1		1	1			2	2.34191	0.842066	[0.20,3.56]	0.581042	1	0.1		0.273561	1			0	0.131939	0	[0.00,0.00]	1	1	0.1		1	1		
3	18		0	0.66613	0	[0.00,0.00]	1	1	0.1		1	1			0	1.02816	0	[0.00,0.00]	1	1	0.1		1	1			0	0.0434433	0	[0.00,0.00]	1	1	0.1		1	1			0	0.318584	0	[0.00,0.00]	1	1	0.1		1	1			0	0.26066	0	[0.00,0.00]	1	1	0.1		1	1			0	0.0289622	0	[0.00,0.00]	1	1	0.1		1	1			0	0.564763	0	[0.00,0.00]	1	1	0.1		1	1			2	2.88174	0.652284	[0.15,2.86]	0.43087	1	0.1		0.241257	1			0	0.680611	0	[0.00,0.00]	1	1	0.1		1	1			0	0.101368	0	[0.00,0.00]	1	1	0.1		1	1			0	0.0434433	0	[0.00,0.00]	1	1	0.1		1	1			0	0.999195	0	[0.00,0.00]	1	1	0.1		1	1			0	0.115849	0	[0.00,0.00]	1	1	0.1		1	1			0	1.24537	0	[0.00,0.00]	1	1	0.1		1	1			1	1.6074	0.596257	[0.08,4.52]	0.512113	1	0.1		0.328687	1			0	0.0579244	0	[0.00,0.00]	1	1	0.1		1	1			0	0.0144811	0	[0.00,0.00]	1	1	0.1		1	1			0	0.0289622	0	[0.00,0.00]	1	1	0.1		1	1			0	0	0	[0.00,0.00]	1	1	0.1		1	1			0	0.0724055	0	[0.00,0.00]	1	1	0.1		1	1			0	0.0289622	0	[0.00,0.00]	1	1	0.1		1	1			0	1.02816	0	[0.00,0.00]	1	1	0.1		1	1			0	0.0579244	0	[0.00,0.00]	1	1	0.1		1	1		
4	4		0	0.148029	0	[0.00,0.00]	1	1	0.1		1	1			0	0.228479	0	[0.00,0.00]	1	1	0.1		1	1			0	0.00965406	0	[0.00,0.00]	1	1	0.1		1	1			0	0.0707965	0	[0.00,0.00]	1	1	0.1		1	1			0	0.0579244	0	[0.00,0.00]	1	1	0.1		1	1			0	0.00643604	0	[0.00,0.00]	1	1	0.1		1	1			0	0.125503	0	[0.00,0.00]	1	1	0.1		1	1			0	0.640386	0	[0.00,0.00]	1	1	0.1		1	1			0	0.151247	0	[0.00,0.00]	1	1	0.1		1	1			0	0.0225261	0	[0.00,0.00]	1	1	0.1		1	1			0	0.00965406	0	[0.00,0.00]	1	1	0.1		1	1			0	0.222043	0	[0.00,0.00]	1	1	0.1		1	1			0	0.0257442	0	[0.00,0.00]	1	1	0.1		1	1			0	0.27675	0	[0.00,0.00]	1	1	0.1		1	1			0	0.3572	0	[0.00,0.00]	1	1	0.1		1	1			0	0.0128721	0	[0.00,0.00]	1	1	0.1		1	1			0	0.00321802	0	[0.00,0.00]	1	1	0.1		1	1			0	0.00643604	0	[0.00,0.00]	1	1	0.1		1	1			0	0	0	[0.00,0.00]	1	1	0.1		1	1			0	0.0160901	0	[0.00,0.00]	1	1	0.1		1	1			0	0.00643604	0	[0.00,0.00]	1	1	0.1		1	1			0	0.228479	0	[0.00,0.00]	1	1	0.1		1	1			0	0.0128721	0	[0.00,0.00]	1	1	0.1		1	1		
5	3		0	0.111022	0	[0.00,0.00]	1	1	0.1		1	1			0	0.17136	0	[0.00,0.00]	1	1	0.1		1	1			0	0.00724055	0	[0.00,0.00]	1	1	0.1		1	1			0	0.0530973	0	[0.00,0.00]	1	1	0.1		1	1			0	0.0434433	0	[0.00,0.00]	1	1	0.1		1	1			0	0.00482703	0	[0.00,0.00]	1	1	0.1		1	1			0	0.0941271	0	[0.00,0.00]	1	1	0.1		1	1			0	0.48029	0	[0.00,0.00]	1	1	0.1		1	1			0	0.113435	0	[0.00,0.00]	1	1	0.1		1	1			0	0.0168946	0	[0.00,0.00]	1	1	0.1		1	1			0	0.00724055	0	[0.00,0.00]	1	1	0.1		1	1			0	0.166533	0	[0.00,0.00]	1	1	0.1		1	1			0	0.0193081	0	[0.00,0.00]	1	1	0.1		1	1			0	0.207562	0	[0.00,0.00]	1	1	0.1		1	1			0	0.2679	0	[0.00,0.00]	1	1	0.1		1	1			0	0.00965406	0	[0.00,0.00]	1	1	0.1		1	1			0	0.00241352	0	[0.00,0.00]	1	1	0.1		1	1			0	0.00482703	0	[0.00,0.00]	1	1	0.1		1	1			0	0	0	[0.00,0.00]	1	1	0.1		1	1			0	0.0120676	0	[0.00,0.00]	1	1	0.1		1	1			0	0.00482703	0	[0.00,0.00]	1	1	0.1		1	1			0	0.17136	0	[0.00,0.00]	1	1	0.1		1	1			0	0.00965406	0	[0.00,0.00]	1	1	0.1		1	1		
6	9		0	0.333065	0	[0.00,0.00]	1	1	0.1		1	1			0	0.514079	0	[0.00,0.00]	1	1	0.1		1	1			0	0.0217216	0	[0.00,0.00]	1	1	0.1		1	1			0	0.159292	0	[0.00,0.00]	1	1	0.1		1	1			0	0.13033	0	[0.00,0.00]	1	1	0.1		1	1			0	0.0144811	0	[0.00,0.00]	1	1	0.1		1	1			0	0.282381	0	[0.00,0.00]	1	1	0.1		1	1			0	1.44087	0	[0.00,0.00]	1	1	0.1		1	1			0	0.340306	0	[0.00,0.00]	1	1	0.1		1	1			0	0.0506838	0	[0.00,0.00]	1	1	0.1		1	1			0	0.0217216	0	[0.00,0.00]	1	1	0.1		1	1			0	0.499598	0	[0.00,0.00]	1	1	0.1		1	1			0	0.0579244	0	[0.00,0.00]	1	1	0.1		1	1			0	0.622687	0	[0.00,0.00]	1	1	0.1		1	1			0	0.803701	0	[0.00,0.00]	1	1	0.1		1	1			0	0.0289622	0	[0.00,0.00]	1	1	0.1		1	1			0	0.00724055	0	[0.00,0.00]	1	1	0.1		1	1			0	0.0144811	0	[0.00,0.00]	1	1	0.1		1	1			0	0	0	[0.00,0.00]	1	1	0.1		1	1			0	0.0362027	0	[0.00,0.00]	1	1	0.1		1	1			0	0.0144811	0	[0.00,0.00]	1	1	0.1		1	1			0	0.514079	0	[0.00,0.00]	1	1	0.1		1	1			0	0.0289622	0	[0.00,0.00]	1	1	0.1		1	1		
7	47		1	1.73934	0.556039	[0.07,4.12]	0.472644	1	0.1		0.308438	1			0	2.68463	0	[0.00,0.00]	1	1	0.1		1	1			0	0.113435	0	[0.00,0.00]	1	1	0.1		1	1			0	0.831858	0	[0.00,0.00]	1	1	0.1		1	1			0	0.680611	0	[0.00,0.00]	1	1	0.1		1	1			0	0.0756235	0	[0.00,0.00]	1	1	0.1		1	1			3	1.47466	2.19697	[0.65,7.41]	0.124012	1	0.1		0.944072	1			7	7.52454	0.915104	[0.40,2.07]	0.513295	1	0.1		0.160676	1			3	1.77715	1.78512	[0.53,5.97]	0.32097	1	0.1		0.744792	1			0	0.264682	0	[0.00,0.00]	1	1	0.1		1	1			0	0.113435	0	[0.00,0.00]	1	1	0.1		1	1			5	2.60901	2.10565	[0.81,5.50]	0.137526	1	0.1		0.893799	1			0	0.302494	0	[0.00,0.00]	1	1	0.1		1	1			1	3.25181	0.284143	[0.04,2.09]	0.149296	1	0.1		0.117108	1			6	4.1971	1.52056	[0.63,3.67]	0.184308	1	0.1		0.816237	1			0	0.151247	0	[0.00,0.00]	1	1	0.1		1	1			0	0.0378117	0	[0.00,0.00]	1	1	0.1		1	1			0	0.0756235	0	[0.00,0.00]	1	1	0.1		1	1			0	0	0	[0.00,0.00]	1	1	0.1		1	1			0	0.189059	0	[0.00,0.00]	1	1	0.1		1	1			0	0.0756235	0	[0.00,0.00]	1	1	0.1		1	1			0	2.68463	0	[0.00,0.00]	1	1	0.1		1	1			0	0.151247	0	[0.00,0.00]	1	1	0.1		1	1		
8	93		4	3.44167	1.18566	[0.42,3.38]	0.515103	1	0.1		0.426896	1			7	5.31215	1.38118	[0.61,3.11]	0.327552	1	0.1		0.641334	1			0	0.224457	0	[0.00,0.00]	1	1	0.1		1	1			2	1.64602	1.24176	[0.29,5.40]	0.453719	1	0.1		0.598282	1			2	1.34674	1.55769	[0.35,6.88]	0.492974	1	0.1		0.609569	1			0	0.149638	0	[0.00,0.00]	1	1	0.1		1	1			3	2.91794	1.03148	[0.31,3.42]	0.667057	1	0.1		0.236684	1			18	14.889	1.28486	[0.75,2.20]	0.232555	1	0.1		0.696006	1			1	3.51649	0.26087	[0.04,1.91]	0.119319	1	0.1		0.0952592	1			0	0.523733	0	[0.00,0.00]	1	1	0.1		1	1			0	0.224457	0	[0.00,0.00]	1	1	0.1		1	1			5	5.16251	0.964134	[0.38,2.46]	0.586006	1	0.1		0.186731	1			1	0.598552	1.77484	[0.22,14.58]	0.348775	1	0.1		0.884596	1			8	6.43443	1.29351	[0.60,2.77]	0.334932	1	0.1		0.603227	1			9	8.30491	1.10084	[0.54,2.25]	0.39515	1	0.1		0.431307	1			0	0.299276	0	[0.00,0.00]	1	1	0.1		1	1			0	0.074819	0	[0.00,0.00]	1	1	0.1		1	1			0	0.149638	0	[0.00,0.00]	1	1	0.1		1	1			0	0	0	[0.00,0.00]	1	1	0.1		1	1			1	0.374095	3.11413	[0.34,28.15]	0.274864	1	0.1		0.952272	1			0	0.149638	0	[0.00,0.00]	1	1	0.1		1	1			7	5.31215	1.38118	[0.61,3.11]	0.327552	1	0.1		0.641334	1			0	0.299276	0	[0.00,0.00]	1	1	0.1		1	1		
9	28		1	1.0362	0.962963	[0.13,7.25]	0.72225	1	0.1		0.378461	1			1	1.59936	0.60582	[0.08,4.52]	0.517383	1	0.1		0.328298	1			0	0.0675784	0	[0.00,0.00]	1	1	0.1		1	1			1	0.495575	2.10582	[0.27,16.23]	0.311177	1	0.1		0.914335	1			0	0.405471	0	[0.00,0.00]	1	1	0.1		1	1			0	0.0450523	0	[0.00,0.00]	1	1	0.1		1	1			0	0.87852	0	[0.00,0.00]	1	1	0.1		1	1			3	4.4827	0.623878	[0.19,2.09]	0.320438	1	0.1		0.171759	1			0	1.05873	0	[0.00,0.00]	1	1	0.1		1	1			0	0.157683	0	[0.00,0.00]	1	1	0.1		1	1			0	0.0675784	0	[0.00,0.00]	1	1	0.1		1	1			0	1.5543	0	[0.00,0.00]	1	1	0.1		1	1			0	0.180209	0	[0.00,0.00]	1	1	0.1		1	1			1	1.93725	0.492375	[0.07,3.67]	0.41101	1	0.1		0.279738	1			1	2.5004	0.372054	[0.05,2.76]	0.269515	1	0.1		0.198826	1			0	0.0901046	0	[0.00,0.00]	1	1	0.1		1	1			0	0.0225261	0	[0.00,0.00]	1	1	0.1		1	1			0	0.0450523	0	[0.00,0.00]	1	1	0.1		1	1			0	0	0	[0.00,0.00]	1	1	0.1		1	1			0	0.112631	0	[0.00,0.00]	1	1	0.1		1	1			0	0.0450523	0	[0.00,0.00]	1	1	0.1		1	1			1	1.59936	0.60582	[0.08,4.52]	0.517383	1	0.1		0.328298	1			0	0.0901046	0	[0.00,0.00]	1	1	0.1		1	1		
10	3		0	0.111022	0	[0.00,0.00]	1	1	0.1		1	1			0	0.17136	0	[0.00,0.00]	1	1	0.1		1	1			0	0.00724055	0	[0.00,0.00]	1	1	0.1		1	1			0	0.0530973	0	[0.00,0.00]	1	1	0.1		1	1			0	0.0434433	0	[0.00,0.00]	1	1	0.1		1	1			0	0.00482703	0	[0.00,0.00]	1	1	0.1		1	1			0	0.0941271	0	[0.00,0.00]	1	1	0.1		1	1			0	0.48029	0	[0.00,0.00]	1	1	0.1		1	1			0	0.113435	0	[0.00,0.00]	1	1	0.1		1	1			0	0.0168946	0	[0.00,0.00]	1	1	0.1		1	1			0	0.00724055	0	[0.00,0.00]	1	1	0.1		1	1			0	0.166533	0	[0.00,0.00]	1	1	0.1		1	1			0	0.0193081	0	[0.00,0.00]	1	1	0.1		1	1			0	0.207562	0	[0.00,0.00]	1	1	0.1		1	1			0	0.2679	0	[0.00,0.00]	1	1	0.1		1	1			0	0.00965406	0	[0.00,0.00]	1	1	0.1		1	1			0	0.00241352	0	[0.00,0.00]	1	1	0.1		1	1			0	0.00482703	0	[0.00,0.00]	1	1	0.1		1	1			0	0	0	[0.00,0.00]	1	1	0.1		1	1			0	0.0120676	0	[0.00,0.00]	1	1	0.1		1	1			0	0.00482703	0	[0.00,0.00]	1	1	0.1		1	1			0	0.17136	0	[0.00,0.00]	1	1	0.1		1	1			0	0.00965406	0	[0.00,0.00]	1	1	0.1		1	1		
11	114		3	4.21883	0.68259	[0.21,2.24]	0.376987	1	0.1		0.188346	1			22	6.51167	5.27063	[3.05,9.10]	5.08351e-08	7.19501e-05	0.1	***	1	1			0	0.275141	0	[0.00,0.00]	1	1	0.1		1	1			0	2.0177	0	[0.00,0.00]	1	1	0.1		1	1			3	1.65084	2.00721	[0.57,7.04]	0.149268	1	0.1		0.925028	1			1	0.183427	9.9823	[0.62,160.68]	0.166739	1	0.1		0.991656	1			10	3.57683	3.64721	[1.73,7.69]	0.00139247	0.716675	0.1		0.99956	1			38	18.251	3.00621	[1.97,4.59]	1.02223e-06	0.000964549	0.1	***	0.999999	1			19	4.31054	7.86429	[4.23,14.61]	3.20593e-09	1.81502e-05	0.1	***	1	1			1	0.641995	1.65634	[0.20,13.88]	0.361776	1	0.1		0.870891	1			0	0.275141	0	[0.00,0.00]	1	1	0.1		1	1			20	6.32824	4.68954	[2.68,8.22]	7.44397e-07	0.000842873	0.1	***	1	1			0	0.733709	0	[0.00,0.00]	1	1	0.1		1	1			8	7.88737	1.01693	[0.48,2.16]	0.61029	1	0.1		0.151825	1			29	10.1802	4.35624	[2.70,7.02]	2.0079e-08	5.68383e-05	0.1	***	1	1			2	0.366854	10.0625	[1.40,72.13]	0.0414335	1	0.1		0.99719	1			0	0.0917136	0	[0.00,0.00]	1	1	0.1		1	1			1	0.183427	9.9823	[0.62,160.68]	0.166739	1	0.1		0.991656	1			0	0	0	[0.00,0.00]	1	1	0.1		1	1			0	0.458568	0	[0.00,0.00]	1	1	0.1		1	1			1	0.183427	9.9823	[0.62,160.68]	0.166739	1	0.1		0.991656	1			22	6.51167	5.27063	[3.05,9.10]	5.08351e-08	7.19501e-05	0.1	***	1	1			2	0.366854	10.0625	[1.40,72.13]	0.0414335	1	0.1		0.99719	1		
12	8		0	0.296058	0	[0.00,0.00]	1	1	0.1		1	1			1	0.456959	2.37755	[0.29,19.59]	0.304144	1	0.1		0.92796	1			0	0.0193081	0	[0.00,0.00]	1	1	0.1		1	1			0	0.141593	0	[0.00,0.00]	1	1	0.1		1	1			0	0.115849	0	[0.00,0.00]	1	1	0.1		1	1			0	0.0128721	0	[0.00,0.00]	1	1	0.1		1	1			1	0.251006	4.5	[0.54,37.49]	0.20183	1	0.1		0.976157	1			2	1.28077	1.75635	[0.35,8.77]	0.499315	1	0.1		0.631286	1			2	0.302494	8.81481	[1.73,44.89]	0.0314036	1	0.1		0.997514	1			0	0.0450523	0	[0.00,0.00]	1	1	0.1		1	1			0	0.0193081	0	[0.00,0.00]	1	1	0.1		1	1			2	0.444087	5.81095	[1.15,29.34]	0.0609538	1	0.1		0.992498	1			0	0.0514883	0	[0.00,0.00]	1	1	0.1		1	1			0	0.5535	0	[0.00,0.00]	1	1	0.1		1	1			2	0.714401	3.44343	[0.69,17.27]	0.127415	1	0.1		0.972169	1			0	0.0257442	0	[0.00,0.00]	1	1	0.1		1	1			0	0.00643604	0	[0.00,0.00]	1	1	0.1		1	1			0	0.0128721	0	[0.00,0.00]	1	1	0.1		1	1			0	0	0	[0.00,0.00]	1	1	0.1		1	1			0	0.0321802	0	[0.00,0.00]	1	1	0.1		1	1			0	0.0128721	0	[0.00,0.00]	1	1	0.1		1	1			1	0.456959	2.37755	[0.29,19.59]	0.304144	1	0.1		0.92796	1			0	0.0257442	0	[0.00,0.00]	1	1	0.1		1	1		
13	3		0	0.111022	0	[0.00,0.00]	1	1	0.1		1	1			0	0.17136	0	[0.00,0.00]	1	1	0.1		1	1			0	0.00724055	0	[0.00,0.00]	1	1	0.1		1	1			0	0.0530973	0	[0.00,0.00]	1	1	0.1		1	1			0	0.0434433	0	[0.00,0.00]	1	1	0.1		1	1			0	0.00482703	0	[0.00,0.00]	1	1	0.1		1	1			0	0.0941271	0	[0.00,0.00]	1	1	0.1		1	1			0	0.48029	0	[0.00,0.00]	1	1	0.1		1	1			0	0.113435	0	[0.00,0.00]	1	1	0.1		1	1			0	0.0168946	0	[0.00,0.00]	1	1	0.1		1	1			0	0.00724055	0	[0.00,0.00]	1	1	0.1		1	1			0	0.166533	0	[0.00,0.00]	1	1	0.1		1	1			0	0.0193081	0	[0.00,0.00]	1	1	0.1		1	1			0	0.207562	0	[0.00,0.00]	1	1	0.1		1	1			0	0.2679	0	[0.00,0.00]	1	1	0.1		1	1			0	0.00965406	0	[0.00,0.00]	1	1	0.1		1	1			0	0.00241352	0	[0.00,0.00]	1	1	0.1		1	1			0	0.00482703	0	[0.00,0.00]	1	1	0.1		1	1			0	0	0	[0.00,0.00]	1	1	0.1		1	1			0	0.0120676	0	[0.00,0.00]	1	1	0.1		1	1			0	0.00482703	0	[0.00,0.00]	1	1	0.1		1	1			0	0.17136	0	[0.00,0.00]	1	1	0.1		1	1			0	0.00965406	0	[0.00,0.00]	1	1	0.1		1	1		
14	3		0	0.111022	0	[0.00,0.00]	1	1	0.1		1	1			0	0.17136	0	[0.00,0.00]	1	1	0.1		1	1			0	0.00724055	0	[0.00,0.00]	1	1	0.1		1	1			0	0.0530973	0	[0.00,0.00]	1	1	0.1		1	1			0	0.0434433	0	[0.00,0.00]	1	1	0.1		1	1			0	0.00482703	0	[0.00,0.00]	1	1	0.1		1	1			0	0.0941271	0	[0.00,0.00]	1	1	0.1		1	1			0	0.48029	0	[0.00,0.00]	1	1	0.1		1	1			0	0.113435	0	[0.00,0.00]	1	1	0.1		1	1			0	0.0168946	0	[0.00,0.00]	1	1	0.1		1	1			0	0.00724055	0	[0.00,0.00]	1	1	0.1		1	1			0	0.166533	0	[0.00,0.00]	1	1	0.1		1	1			0	0.0193081	0	[0.00,0.00]	1	1	0.1		1	1			0	0.207562	0	[0.00,0.00]	1	1	0.1		1	1			0	0.2679	0	[0.00,0.00]	1	1	0.1		1	1			0	0.00965406	0	[0.00,0.00]	1	1	0.1		1	1			0	0.00241352	0	[0.00,0.00]	1	1	0.1		1	1			0	0.00482703	0	[0.00,0.00]	1	1	0.1		1	1			0	0	0	[0.00,0.00]	1	1	0.1		1	1			0	0.0120676	0	[0.00,0.00]	1	1	0.1		1	1			0	0.00482703	0	[0.00,0.00]	1	1	0.1		1	1			0	0.17136	0	[0.00,0.00]	1	1	0.1		1	1			0	0.00965406	0	[0.00,0.00]	1	1	0.1		1	1		
15	15		0	0.555109	0	[0.00,0.00]	1	1	0.1		1	1			1	0.856798	1.18163	[0.15,9.12]	0.378659	1	0.1		0.790383	1			0	0.0362027	0	[0.00,0.00]	1	1	0.1		1	1			0	0.265487	0	[0.00,0.00]	1	1	0.1		1	1			0	0.217216	0	[0.00,0.00]	1	1	0.1		1	1			0	0.0241352	0	[0.00,0.00]	1	1	0.1		1	1			0	0.470636	0	[0.00,0.00]	1	1	0.1		1	1			2	2.40145	0.805154	[0.18,3.60]	0.559948	1	0.1		0.279898	1			1	0.567176	1.8354	[0.24,14.26]	0.333441	1	0.1		0.892487	1			0	0.084473	0	[0.00,0.00]	1	1	0.1		1	1			0	0.0362027	0	[0.00,0.00]	1	1	0.1		1	1			1	0.832663	1.21849	[0.16,9.40]	0.376932	1	0.1		0.799388	1			0	0.0965406	0	[0.00,0.00]	1	1	0.1		1	1			0	1.03781	0	[0.00,0.00]	1	1	0.1		1	1			2	1.3395	1.57939	[0.35,7.09]	0.493607	1	0.1		0.612882	1			0	0.0482703	0	[0.00,0.00]	1	1	0.1		1	1			0	0.0120676	0	[0.00,0.00]	1	1	0.1		1	1			0	0.0241352	0	[0.00,0.00]	1	1	0.1		1	1			0	0	0	[0.00,0.00]	1	1	0.1		1	1			0	0.0603379	0	[0.00,0.00]	1	1	0.1		1	1			0	0.0241352	0	[0.00,0.00]	1	1	0.1		1	1			1	0.856798	1.18163	[0.15,9.12]	0.378659	1	0.1		0.790383	1			0	0.0482703	0	[0.00,0.00]	1	1	0.1		1	1		
16	59		9	2.18343	5.58	[2.55,12.19]	0.000154396	0.109263	0.1		0.999971	1			2	3.37007	0.566997	[0.14,2.37]	0.331285	1	0.1		0.195411	1			1	0.142397	10.1897	[0.91,114.01]	0.129403	1	0.1		0.993554	1			5	1.04425	6.35621	[2.26,17.87]	0.00250551	1	0.1		0.999635	1			5	0.854385	8.34046	[2.87,24.24]	0.000976505	0.614271	0.1		0.999894	1			0	0.0949316	0	[0.00,0.00]	1	1	0.1		1	1			1	1.85117	0.519964	[0.07,3.85]	0.437944	1	0.1		0.292343	1			17	9.4457	2.22841	[1.24,4.00]	0.00684521	1	0.1		0.994691	1			2	2.23089	0.888109	[0.21,3.75]	0.61202	1	0.1		0.277658	1			2	0.332261	8.27368	[1.57,43.57]	0.0367822	1	0.1		0.996894	1			2	0.142397	41.5088	[3.71,464.55]	0.00634437	1	0.1		0.999898	1			7	3.27514	2.4361	[1.06,5.58]	0.0267213	1	0.1		0.986446	1			1	0.379726	2.89901	[0.35,23.96]	0.271469	1	0.1		0.948417	1			13	4.08206	4.30107	[2.22,8.32]	7.84177e-05	0.0634226	0.1		0.999979	1			4	5.2687	0.732031	[0.26,2.06]	0.379842	1	0.1		0.17052	1			0	0.189863	0	[0.00,0.00]	1	1	0.1		1	1			0	0.0474658	0	[0.00,0.00]	1	1	0.1		1	1			0	0.0949316	0	[0.00,0.00]	1	1	0.1		1	1			0	0	0	[0.00,0.00]	1	1	0.1		1	1			0	0.237329	0	[0.00,0.00]	1	1	0.1		1	1			0	0.0949316	0	[0.00,0.00]	1	1	0.1		1	1			2	3.37007	0.566997	[0.14,2.37]	0.331285	1	0.1		0.195411	1			0	0.189863	0	[0.00,0.00]	1	1	0.1		1	1		
17	137		0	5.06999	0	[0.00,0.00]	1	1	0.1		1	1			11	7.82542	1.52196	[0.78,2.97]	0.157437	1	0.1		0.828899	1			0	0.330652	0	[0.00,0.00]	1	1	0.1		1	1			0	2.42478	0	[0.00,0.00]	1	1	0.1		1	1			3	1.98391	1.62836	[0.47,5.70]	0.311078	1	0.1		0.752263	1			1	0.220434	8.125	[0.51,130.65]	0.196297	1	0.1		0.987931	1			8	4.29847	2.15054	[0.97,4.78]	0.0445689	1	0.1		0.968585	1			27	21.9332	1.33288	[0.85,2.09]	0.129963	1	0.1		0.826378	1			4	5.18021	0.743487	[0.26,2.10]	0.39406	1	0.1		0.175232	1			0	0.771521	0	[0.00,0.00]	1	1	0.1		1	1			0	0.330652	0	[0.00,0.00]	1	1	0.1		1	1			7	7.60499	0.9067	[0.41,2.02]	0.502012	1	0.1		0.156727	1			0	0.881738	0	[0.00,0.00]	1	1	0.1		1	1			11	9.47868	1.20011	[0.62,2.32]	0.362187	1	0.1		0.524032	1			17	12.2341	1.52518	[0.88,2.64]	0.0986621	1	0.1		0.888226	1			0	0.440869	0	[0.00,0.00]	1	1	0.1		1	1			0	0.110217	0	[0.00,0.00]	1	1	0.1		1	1			0	0.220434	0	[0.00,0.00]	1	1	0.1		1	1			0	0	0	[0.00,0.00]	1	1	0.1		1	1			0	0.551086	0	[0.00,0.00]	1	1	0.1		1	1			0	0.220434	0	[0.00,0.00]	1	1	0.1		1	1			11	7.82542	1.52196	[0.78,2.97]	0.157437	1	0.1		0.828899	1			0	0.440869	0	[0.00,0.00]	1	1	0.1		1	1		
18	3		0	0.111022	0	[0.00,0.00]	1	1	0.1		1	1			0	0.17136	0	[0.00,0.00]	1	1	0.1		1	1			0	0.00724055	0	[0.00,0.00]	1	1	0.1		1	1			0	0.0530973	0	[0.00,0.00]	1	1	0.1		1	1			0	0.0434433	0	[0.00,0.00]	1	1	0.1		1	1			0	0.00482703	0	[0.00,0.00]	1	1	0.1		1	1			0	0.0941271	0	[0.00,0.00]	1	1	0.1		1	1			0	0.48029	0	[0.00,0.00]	1	1	0.1		1	1			0	0.113435	0	[0.00,0.00]	1	1	0.1		1	1			0	0.0168946	0	[0.00,0.00]	1	1	0.1		1	1			0	0.00724055	0	[0.00,0.00]	1	1	0.1		1	1			0	0.166533	0	[0.00,0.00]	1	1	0.1		1	1			0	0.0193081	0	[0.00,0.00]	1	1	0.1		1	1			0	0.207562	0	[0.00,0.00]	1	1	0.1		1	1			0	0.2679	0	[0.00,0.00]	1	1	0.1		1	1			0	0.00965406	0	[0.00,0.00]	1	1	0.1		1	1			0	0.00241352	0	[0.00,0.00]	1	1	0.1		1	1			0	0.00482703	0	[0.00,0.00]	1	1	0.1		1	1			0	0	0	[0.00,0.00]	1	1	0.1		1	1			0	0.0120676	0	[0.00,0.00]	1	1	0.1		1	1			0	0.00482703	0	[0.00,0.00]	1	1	0.1		1	1			0	0.17136	0	[0.00,0.00]	1	1	0.1		1	1			0	0.00965406	0	[0.00,0.00]	1	1	0.1		1	1		
19	4		1	0.148029	8.84444	[0.90,86.70]	0.132503	1	0.1		0.99233	1			0	0.228479	0	[0.00,0.00]	1	1	0.1		1	1			0	0.00965406	0	[0.00,0.00]	1	1	0.1		1	1			0	0.0707965	0	[0.00,0.00]	1	1	0.1		1	1			0	0.0579244	0	[0.00,0.00]	1	1	0.1		1	1			0	0.00643604	0	[0.00,0.00]	1	1	0.1		1	1			0	0.125503	0	[0.00,0.00]	1	1	0.1		1	1			1	0.640386	1.75253	[0.18,16.93]	0.380171	1	0.1		0.877355	1			0	0.151247	0	[0.00,0.00]	1	1	0.1		1	1			0	0.0225261	0	[0.00,0.00]	1	1	0.1		1	1			0	0.00965406	0	[0.00,0.00]	1	1	0.1		1	1			0	0.222043	0	[0.00,0.00]	1	1	0.1		1	1			0	0.0257442	0	[0.00,0.00]	1	1	0.1		1	1			1	0.27675	4.52549	[0.47,43.98]	0.223689	1	0.1		0.974089	1			0	0.3572	0	[0.00,0.00]	1	1	0.1		1	1			0	0.0128721	0	[0.00,0.00]	1	1	0.1		1	1			0	0.00321802	0	[0.00,0.00]	1	1	0.1		1	1			0	0.00643604	0	[0.00,0.00]	1	1	0.1		1	1			0	0	0	[0.00,0.00]	1	1	0.1		1	1			0	0.0160901	0	[0.00,0.00]	1	1	0.1		1	1			0	0.00643604	0	[0.00,0.00]	1	1	0.1		1	1			0	0.228479	0	[0.00,0.00]	1	1	0.1		1	1			0	0.0128721	0	[0.00,0.00]	1	1	0.1		1	1		
20	10		0	0.370072	0	[0.00,0.00]	1	1	0.1		1	1			0	0.571199	0	[0.00,0.00]	1	1	0.1		1	1			0	0.0241352	0	[0.00,0.00]	1	1	0.1		1	1			0	0.176991	0	[0.00,0.00]	1	1	0.1		1	1			0	0.144811	0	[0.00,0.00]	1	1	0.1		1	1			0	0.0160901	0	[0.00,0.00]	1	1	0.1		1	1			0	0.313757	0	[0.00,0.00]	1	1	0.1		1	1			0	1.60097	0	[0.00,0.00]	1	1	0.1		1	1			0	0.378117	0	[0.00,0.00]	1	1	0.1		1	1			0	0.0563154	0	[0.00,0.00]	1	1	0.1		1	1			0	0.0241352	0	[0.00,0.00]	1	1	0.1		1	1			0	0.555109	0	[0.00,0.00]	1	1	0.1		1	1			0	0.0643604	0	[0.00,0.00]	1	1	0.1		1	1			0	0.691874	0	[0.00,0.00]	1	1	0.1		1	1			0	0.893001	0	[0.00,0.00]	1	1	0.1		1	1			0	0.0321802	0	[0.00,0.00]	1	1	0.1		1	1			0	0.00804505	0	[0.00,0.00]	1	1	0.1		1	1			0	0.0160901	0	[0.00,0.00]	1	1	0.1		1	1			0	0	0	[0.00,0.00]	1	1	0.1		1	1			0	0.0402253	0	[0.00,0.00]	1	1	0.1		1	1			0	0.0160901	0	[0.00,0.00]	1	1	0.1		1	1			0	0.571199	0	[0.00,0.00]	1	1	0.1		1	1			0	0.0321802	0	[0.00,0.00]	1	1	0.1		1	1		
21	10		0	0.370072	0	[0.00,0.00]	1	1	0.1		1	1			0	0.571199	0	[0.00,0.00]	1	1	0.1		1	1			0	0.0241352	0	[0.00,0.00]	1	1	0.1		1	1			0	0.176991	0	[0.00,0.00]	1	1	0.1		1	1			0	0.144811	0	[0.00,0.00]	1	1	0.1		1	1			0	0.0160901	0	[0.00,0.00]	1	1	0.1		1	1			0	0.313757	0	[0.00,0.00]	1	1	0.1		1	1			0	1.60097	0	[0.00,0.00]	1	1	0.1		1	1			0	0.378117	0	[0.00,0.00]	1	1	0.1		1	1			0	0.0563154	0	[0.00,0.00]	1	1	0.1		1	1			0	0.0241352	0	[0.00,0.00]	1	1	0.1		1	1			0	0.555109	0	[0.00,0.00]	1	1	0.1		1	1			0	0.0643604	0	[0.00,0.00]	1	1	0.1		1	1			0	0.691874	0	[0.00,0.00]	1	1	0.1		1	1			0	0.893001	0	[0.00,0.00]	1	1	0.1		1	1			0	0.0321802	0	[0.00,0.00]	1	1	0.1		1	1			0	0.00804505	0	[0.00,0.00]	1	1	0.1		1	1			0	0.0160901	0	[0.00,0.00]	1	1	0.1		1	1			0	0	0	[0.00,0.00]	1	1	0.1		1	1			0	0.0402253	0	[0.00,0.00]	1	1	0.1		1	1			0	0.0160901	0	[0.00,0.00]	1	1	0.1		1	1			0	0.571199	0	[0.00,0.00]	1	1	0.1		1	1			0	0.0321802	0	[0.00,0.00]	1	1	0.1		1	1		
22	54		3	1.99839	1.56772	[0.47,5.22]	0.312357	1	0.1		0.740401	1			3	3.08447	0.969723	[0.30,3.19]	0.627703	1	0.1		0.235238	1			0	0.13033	0	[0.00,0.00]	1	1	0.1		1	1			1	0.955752	1.04942	[0.14,7.95]	0.752764	1	0.1		0.379577	1			0	0.781979	0	[0.00,0.00]	1	1	0.1		1	1			0	0.0868866	0	[0.00,0.00]	1	1	0.1		1	1			3	1.69429	1.88399	[0.56,6.32]	0.153081	1	0.1		0.915201	1			8	8.64521	0.908718	[0.42,1.96]	0.493959	1	0.1		0.149731	1			2	2.04183	0.977778	[0.23,4.14]	0.665183	1	0.1		0.281724	1			0	0.304103	0	[0.00,0.00]	1	1	0.1		1	1			0	0.13033	0	[0.00,0.00]	1	1	0.1		1	1			2	2.99759	0.644087	[0.15,2.70]	0.412499	1	0.1		0.227904	1			0	0.347546	0	[0.00,0.00]	1	1	0.1		1	1			4	3.73612	1.08	[0.38,3.06]	0.468494	1	0.1		0.420964	1			5	4.8222	1.04255	[0.41,2.67]	0.459843	1	0.1		0.37777	1			1	0.173773	7.45912	[0.76,72.92]	0.152446	1	0.1		0.989489	1			1	0.0434433	0	[0.00,0.00]	0.0434433	1	0.1		1	1			0	0.0868866	0	[0.00,0.00]	1	1	0.1		1	1			0	0	0	[0.00,0.00]	1	1	0.1		1	1			0	0.217216	0	[0.00,0.00]	1	1	0.1		1	1			0	0.0868866	0	[0.00,0.00]	1	1	0.1		1	1			3	3.08447	0.969723	[0.30,3.19]	0.627703	1	0.1		0.235238	1			1	0.173773	7.45912	[0.76,72.92]	0.152446	1	0.1		0.989489	1		
23	46		2	1.70233	1.19112	[0.28,5.07]	0.446213	1	0.1		0.589113	1			6	2.62751	2.61231	[1.07,6.39]	0.0295213	1	0.1		0.986883	1			0	0.111022	0	[0.00,0.00]	1	1	0.1		1	1			0	0.814159	0	[0.00,0.00]	1	1	0.1		1	1			1	0.66613	1.54248	[0.20,11.85]	0.354233	1	0.1		0.859057	1			0	0.0740145	0	[0.00,0.00]	1	1	0.1		1	1			2	1.44328	1.42506	[0.33,6.10]	0.480541	1	0.1		0.603518	1			14	7.36444	2.39324	[1.25,4.57]	0.00872673	1	0.1		0.993711	1			3	1.73934	1.82822	[0.55,6.12]	0.158625	1	0.1		0.908381	1			1	0.259051	4.41111	[0.52,37.41]	0.207502	1	0.1		0.975002	1			1	0.111022	13.2778	[1.18,149.15]	0.103119	1	0.1		0.996073	1			4	2.5535	1.65861	[0.58,4.77]	0.211254	1	0.1		0.824833	1			0	0.296058	0	[0.00,0.00]	1	1	0.1		1	1			5	3.18262	1.68022	[0.65,4.37]	0.15048	1	0.1		0.873257	1			11	4.1078	3.44771	[1.70,7.00]	0.00119086	0.674197	0.1		0.99959	1			0	0.148029	0	[0.00,0.00]	1	1	0.1		1	1			0	0.0370072	0	[0.00,0.00]	1	1	0.1		1	1			0	0.0740145	0	[0.00,0.00]	1	1	0.1		1	1			0	0	0	[0.00,0.00]	1	1	0.1		1	1			0	0.185036	0	[0.00,0.00]	1	1	0.1		1	1			0	0.0740145	0	[0.00,0.00]	1	1	0.1		1	1			6	2.62751	2.61231	[1.07,6.39]	0.0295213	1	0.1		0.986883	1			0	0.148029	0	[0.00,0.00]	1	1	0.1		1	1		
24	76		0	2.81255	0	[0.00,0.00]	1	1	0.1		1	1			2	4.34111	0.430082	[0.10,1.79]	0.175054	1	0.1		0.116445	1			0	0.183427	0	[0.00,0.00]	1	1	0.1		1	1			0	1.34513	0	[0.00,0.00]	1	1	0.1		1	1			1	1.10056	0.901961	[0.12,6.87]	0.69765	1	0.1		0.379025	1			0	0.122285	0	[0.00,0.00]	1	1	0.1		1	1			2	2.38455	0.82542	[0.20,3.49]	0.569209	1	0.1		0.271695	1			4	12.1673	0.276923	[0.10,0.77]	0.00323788	1	0.1		0.00242795	1			1	2.87369	0.324928	[0.04,2.39]	0.203602	1	0.1		0.154969	1			0	0.427997	0	[0.00,0.00]	1	1	0.1		1	1			0	0.183427	0	[0.00,0.00]	1	1	0.1		1	1			1	4.21883	0.21549	[0.03,1.57]	0.0653404	1	0.1		0.0540194	1			0	0.489139	0	[0.00,0.00]	1	1	0.1		1	1			1	5.25825	0.169725	[0.02,1.24]	0.0253434	1	0.1		0.0217438	1			4	6.78681	0.550363	[0.20,1.54]	0.171952	1	0.1		0.0949612	1			0	0.24457	0	[0.00,0.00]	1	1	0.1		1	1			0	0.0611424	0	[0.00,0.00]	1	1	0.1		1	1			0	0.122285	0	[0.00,0.00]	1	1	0.1		1	1			0	0	0	[0.00,0.00]	1	1	0.1		1	1			0	0.305712	0	[0.00,0.00]	1	1	0.1		1	1			0	0.122285	0	[0.00,0.00]	1	1	0.1		1	1			2	4.34111	0.430082	[0.10,1.79]	0.175054	1	0.1		0.116445	1			0	0.24457	0	[0.00,0.00]	1	1	0.1		1	1		
25	6		0	0.222043	0	[0.00,0.00]	1	1	0.1		1	1			0	0.342719	0	[0.00,0.00]	1	1	0.1		1	1			0	0.0144811	0	[0.00,0.00]	1	1	0.1		1	1			0	0.106195	0	[0.00,0.00]	1	1	0.1		1	1			0	0.0868866	0	[0.00,0.00]	1	1	0.1		1	1			0	0.00965406	0	[0.00,0.00]	1	1	0.1		1	1			0	0.188254	0	[0.00,0.00]	1	1	0.1		1	1			0	0.960579	0	[0.00,0.00]	1	1	0.1		1	1			0	0.22687	0	[0.00,0.00]	1	1	0.1		1	1			0	0.0337892	0	[0.00,0.00]	1	1	0.1		1	1			0	0.0144811	0	[0.00,0.00]	1	1	0.1		1	1			0	0.333065	0	[0.00,0.00]	1	1	0.1		1	1			0	0.0386163	0	[0.00,0.00]	1	1	0.1		1	1			0	0.415125	0	[0.00,0.00]	1	1	0.1		1	1			0	0.5358	0	[0.00,0.00]	1	1	0.1		1	1			0	0.0193081	0	[0.00,0.00]	1	1	0.1		1	1			0	0.00482703	0	[0.00,0.00]	1	1	0.1		1	1			0	0.00965406	0	[0.00,0.00]	1	1	0.1		1	1			0	0	0	[0.00,0.00]	1	1	0.1		1	1			0	0.0241352	0	[0.00,0.00]	1	1	0.1		1	1			0	0.00965406	0	[0.00,0.00]	1	1	0.1		1	1			0	0.342719	0	[0.00,0.00]	1	1	0.1		1	1			0	0.0193081	0	[0.00,0.00]	1	1	0.1		1	1		
26	97		7	3.5897	2.20769	[0.96,5.08]	0.0605573	1	0.1		0.95548	1			4	5.54063	0.692666	[0.25,1.94]	0.334668	1	0.1		0.156988	1			1	0.234111	5.95833	[0.54,66.31]	0.199305	1	0.1		0.982828	1			6	1.71681	4.65659	[1.78,12.19]	0.00425663	1	0.1		0.999085	1			2	1.40467	1.48684	[0.34,6.56]	0.485228	1	0.1		0.610503	1			0	0.156074	0	[0.00,0.00]	1	1	0.1		1	1			1	3.04344	0.303728	[0.04,2.24]	0.176314	1	0.1		0.136372	1			18	15.5294	1.21477	[0.71,2.08]	0.277937	1	0.1		0.613412	1			2	3.66774	0.515088	[0.12,2.16]	0.273925	1	0.1		0.169199	1			1	0.546259	1.97917	[0.24,16.61]	0.336772	1	0.1		0.902192	1			0	0.234111	0	[0.00,0.00]	1	1	0.1		1	1			4	5.38455	0.715302	[0.25,2.01]	0.360477	1	0.1		0.164757	1			3	0.624296	7.28298	[1.71,30.95]	0.0174228	1	0.1		0.998086	1			11	6.71118	1.82651	[0.93,3.57]	0.0619616	1	0.1		0.94247	1			4	8.66211	0.417646	[0.15,1.16]	0.0520958	1	0.1		0.0334163	1			0	0.312148	0	[0.00,0.00]	1	1	0.1		1	1			0	0.078037	0	[0.00,0.00]	1	1	0.1		1	1			0	0.156074	0	[0.00,0.00]	1	1	0.1		1	1			0	0	0	[0.00,0.00]	1	1	0.1		1	1			2	0.390185	8.02105	[1.32,48.59]	0.0474899	1	0.1		0.995892	1			0	0.156074	0	[0.00,0.00]	1	1	0.1		1	1			4	5.54063	0.692666	[0.25,1.94]	0.334668	1	0.1		0.156988	1			0	0.312148	0	[0.00,0.00]	1	1	0.1		1	1		
27	101		3	3.73773	0.782392	[0.24,2.57]	0.477135	1	0.1		0.215561	1			2	5.76911	0.314156	[0.08,1.30]	0.0598192	1	0.1		0.0442318	1			0	0.243765	0	[0.00,0.00]	1	1	0.1		1	1			1	1.78761	0.53381	[0.07,4.01]	0.454564	1	0.1		0.302136	1			1	1.46259	0.661765	[0.09,5.02]	0.562824	1	0.1		0.347677	1			0	0.16251	0	[0.00,0.00]	1	1	0.1		1	1			1	3.16895	0.290526	[0.04,2.14]	0.158826	1	0.1		0.124056	1			10	16.1698	0.554102	[0.28,1.08]	0.0486577	1	0.1		0.024633	1			3	3.81899	0.763915	[0.23,2.51]	0.459486	1	0.1		0.211406	1			0	0.568785	0	[0.00,0.00]	1	1	0.1		1	1			0	0.243765	0	[0.00,0.00]	1	1	0.1		1	1			3	5.6066	0.499072	[0.15,1.62]	0.170327	1	0.1		0.102345	1			0	0.65004	0	[0.00,0.00]	1	1	0.1		1	1			5	6.98793	0.682227	[0.27,1.72]	0.282391	1	0.1		0.129268	1			5	9.01931	0.509041	[0.20,1.28]	0.0938753	1	0.1		0.0532797	1			0	0.32502	0	[0.00,0.00]	1	1	0.1		1	1			0	0.081255	0	[0.00,0.00]	1	1	0.1		1	1			0	0.16251	0	[0.00,0.00]	1	1	0.1		1	1			0	0	0	[0.00,0.00]	1	1	0.1		1	1			0	0.406275	0	[0.00,0.00]	1	1	0.1		1	1			0	0.16251	0	[0.00,0.00]	1	1	0.1		1	1			2	5.76911	0.314156	[0.08,1.30]	0.0598192	1	0.1		0.0442318	1			0	0.32502	0	[0.00,0.00]	1	1	0.1		1	1		
28	4		0	0.148029	0	[0.00,0.00]	1	1	0.1		1	1			0	0.228479	0	[0.00,0.00]	1	1	0.1		1	1			0	0.00965406	0	[0.00,0.00]	1	1	0.1		1	1			0	0.0707965	0	[0.00,0.00]	1	1	0.1		1	1			0	0.0579244	0	[0.00,0.00]	1	1	0.1		1	1			0	0.00643604	0	[0.00,0.00]	1	1	0.1		1	1			0	0.125503	0	[0.00,0.00]	1	1	0.1		1	1			0	0.640386	0	[0.00,0.00]	1	1	0.1		1	1			0	0.151247	0	[0.00,0.00]	1	1	0.1		1	1			0	0.0225261	0	[0.00,0.00]	1	1	0.1		1	1			0	0.00965406	0	[0.00,0.00]	1	1	0.1		1	1			0	0.222043	0	[0.00,0.00]	1	1	0.1		1	1			0	0.0257442	0	[0.00,0.00]	1	1	0.1		1	1			0	0.27675	0	[0.00,0.00]	1	1	0.1		1	1			0	0.3572	0	[0.00,0.00]	1	1	0.1		1	1			0	0.0128721	0	[0.00,0.00]	1	1	0.1		1	1			0	0.00321802	0	[0.00,0.00]	1	1	0.1		1	1			0	0.00643604	0	[0.00,0.00]	1	1	0.1		1	1			0	0	0	[0.00,0.00]	1	1	0.1		1	1			0	0.0160901	0	[0.00,0.00]	1	1	0.1		1	1			0	0.00643604	0	[0.00,0.00]	1	1	0.1		1	1			0	0.228479	0	[0.00,0.00]	1	1	0.1		1	1			0	0.0128721	0	[0.00,0.00]	1	1	0.1		1	1		
29	33		0	1.22124	0	[0.00,0.00]	1	1	0.1		1	1			0	1.88496	0	[0.00,0.00]	1	1	0.1		1	1			0	0.079646	0	[0.00,0.00]	1	1	0.1		1	1			0	0.584071	0	[0.00,0.00]	1	1	0.1		1	1			0	0.477876	0	[0.00,0.00]	1	1	0.1		1	1			0	0.0530973	0	[0.00,0.00]	1	1	0.1		1	1			1	1.0354	0.963816	[0.13,7.24]	0.72256	1	0.1		0.378176	1			2	5.28319	0.33175	[0.08,1.40]	0.0808158	1	0.1		0.0590311	1			0	1.24779	0	[0.00,0.00]	1	1	0.1		1	1			0	0.185841	0	[0.00,0.00]	1	1	0.1		1	1			0	0.079646	0	[0.00,0.00]	1	1	0.1		1	1			0	1.83186	0	[0.00,0.00]	1	1	0.1		1	1			0	0.212389	0	[0.00,0.00]	1	1	0.1		1	1			1	2.28319	0.413603	[0.06,3.06]	0.320155	1	0.1		0.22927	1			1	2.9469	0.3125	[0.04,2.31]	0.189429	1	0.1		0.145681	1			0	0.106195	0	[0.00,0.00]	1	1	0.1		1	1			0	0.0265487	0	[0.00,0.00]	1	1	0.1		1	1			0	0.0530973	0	[0.00,0.00]	1	1	0.1		1	1			0	0	0	[0.00,0.00]	1	1	0.1		1	1			0	0.132743	0	[0.00,0.00]	1	1	0.1		1	1			0	0.0530973	0	[0.00,0.00]	1	1	0.1		1	1			0	1.88496	0	[0.00,0.00]	1	1	0.1		1	1			0	0.106195	0	[0.00,0.00]	1	1	0.1		1	1		
30	14		1	0.518101	2.02393	[0.26,15.81]	0.319908	1	0.1		0.908063	1			0	0.799678	0	[0.00,0.00]	1	1	0.1		1	1			0	0.0337892	0	[0.00,0.00]	1	1	0.1		1	1			1	0.247788	4.42491	[0.55,35.39]	0.198303	1	0.1		0.976065	1			0	0.202735	0	[0.00,0.00]	1	1	0.1		1	1			0	0.0225261	0	[0.00,0.00]	1	1	0.1		1	1			0	0.43926	0	[0.00,0.00]	1	1	0.1		1	1			1	2.24135	0.400544	[0.05,3.08]	0.31737	1	0.1		0.231646	1			0	0.529364	0	[0.00,0.00]	1	1	0.1		1	1			0	0.0788415	0	[0.00,0.00]	1	1	0.1		1	1			0	0.0337892	0	[0.00,0.00]	1	1	0.1		1	1			0	0.777152	0	[0.00,0.00]	1	1	0.1		1	1			0	0.0901046	0	[0.00,0.00]	1	1	0.1		1	1			1	0.968624	1.03529	[0.13,8.01]	0.748104	1	0.1		0.38361	1			0	1.2502	0	[0.00,0.00]	1	1	0.1		1	1			0	0.0450523	0	[0.00,0.00]	1	1	0.1		1	1			0	0.0112631	0	[0.00,0.00]	1	1	0.1		1	1			0	0.0225261	0	[0.00,0.00]	1	1	0.1		1	1			0	0	0	[0.00,0.00]	1	1	0.1		1	1			0	0.0563154	0	[0.00,0.00]	1	1	0.1		1	1			0	0.0225261	0	[0.00,0.00]	1	1	0.1		1	1			0	0.799678	0	[0.00,0.00]	1	1	0.1		1	1			0	0.0450523	0	[0.00,0.00]	1	1	0.1		1	1		
31	8		0	0.296058	0	[0.00,0.00]	1	1	0.1		1	1			0	0.456959	0	[0.00,0.00]	1	1	0.1		1	1			0	0.0193081	0	[0.00,0.00]	1	1	0.1		1	1			0	0.141593	0	[0.00,0.00]	1	1	0.1		1	1			0	0.115849	0	[0.00,0.00]	1	1	0.1		1	1			0	0.0128721	0	[0.00,0.00]	1	1	0.1		1	1			0	0.251006	0	[0.00,0.00]	1	1	0.1		1	1			0	1.28077	0	[0.00,0.00]	1	1	0.1		1	1			0	0.302494	0	[0.00,0.00]	1	1	0.1		1	1			0	0.0450523	0	[0.00,0.00]	1	1	0.1		1	1			0	0.0193081	0	[0.00,0.00]	1	1	0.1		1	1			0	0.444087	0	[0.00,0.00]	1	1	0.1		1	1			0	0.0514883	0	[0.00,0.00]	1	1	0.1		1	1			0	0.5535	0	[0.00,0.00]	1	1	0.1		1	1			0	0.714401	0	[0.00,0.00]	1	1	0.1		1	1			0	0.0257442	0	[0.00,0.00]	1	1	0.1		1	1			0	0.00643604	0	[0.00,0.00]	1	1	0.1		1	1			0	0.0128721	0	[0.00,0.00]	1	1	0.1		1	1			0	0	0	[0.00,0.00]	1	1	0.1		1	1			0	0.0321802	0	[0.00,0.00]	1	1	0.1		1	1			0	0.0128721	0	[0.00,0.00]	1	1	0.1		1	1			0	0.456959	0	[0.00,0.00]	1	1	0.1		1	1			0	0.0257442	0	[0.00,0.00]	1	1	0.1		1	1		
32	72		1	2.66452	0.352426	[0.05,2.59]	0.240317	1	0.1		0.179344	1			2	4.11263	0.456315	[0.11,1.90]	0.204978	1	0.1		0.133192	1			0	0.173773	0	[0.00,0.00]	1	1	0.1		1	1			0	1.27434	0	[0.00,0.00]	1	1	0.1		1	1			0	1.04264	0	[0.00,0.00]	1	1	0.1		1	1			0	0.115849	0	[0.00,0.00]	1	1	0.1		1	1			1	2.25905	0.419941	[0.06,3.10]	0.326931	1	0.1		0.232941	1			4	11.527	0.294419	[0.11,0.82]	0.0054882	1	0.1		0.00403852	1			1	2.72245	0.344458	[0.05,2.53]	0.229679	1	0.1		0.172374	1			0	0.405471	0	[0.00,0.00]	1	1	0.1		1	1			0	0.173773	0	[0.00,0.00]	1	1	0.1		1	1			1	3.99678	0.228459	[0.03,1.67]	0.0794713	1	0.1		0.0650327	1			0	0.463395	0	[0.00,0.00]	1	1	0.1		1	1			1	4.9815	0.17995	[0.02,1.31]	0.032743	1	0.1		0.0278572	1			2	6.42961	0.278375	[0.07,1.15]	0.0349002	1	0.1		0.0266808	1			0	0.231698	0	[0.00,0.00]	1	1	0.1		1	1			0	0.0579244	0	[0.00,0.00]	1	1	0.1		1	1			0	0.115849	0	[0.00,0.00]	1	1	0.1		1	1			0	0	0	[0.00,0.00]	1	1	0.1		1	1			0	0.289622	0	[0.00,0.00]	1	1	0.1		1	1			0	0.115849	0	[0.00,0.00]	1	1	0.1		1	1			2	4.11263	0.456315	[0.11,1.90]	0.204978	1	0.1		0.133192	1			0	0.231698	0	[0.00,0.00]	1	1	0.1		1	1		
33	108		6	3.99678	1.61029	[0.67,3.89]	0.185214	1	0.1		0.824971	1			5	6.16895	0.786261	[0.31,2.00]	0.405404	1	0.1		0.162681	1			1	0.26066	5.29439	[0.48,58.87]	0.217665	1	0.1		0.978823	1			2	1.9115	1.05189	[0.24,4.56]	0.70237	1	0.1		0.285779	1			0	1.56396	0	[0.00,0.00]	1	1	0.1		1	1			0	0.173773	0	[0.00,0.00]	1	1	0.1		1	1			2	3.38858	0.559918	[0.13,2.36]	0.325539	1	0.1		0.193687	1			11	17.2904	0.571233	[0.30,1.09]	0.0506336	1	0.1		0.024788	1			1	4.08367	0.221252	[0.03,1.62]	0.072554	1	0.1		0.0597379	1			2	0.608206	4.26415	[0.82,22.25]	0.100514	1	0.1		0.98276	1			0	0.26066	0	[0.00,0.00]	1	1	0.1		1	1			4	5.99517	0.633136	[0.23,1.77]	0.266021	1	0.1		0.133673	1			2	0.695093	3.55031	[0.71,17.81]	0.122525	1	0.1		0.97414	1			8	7.47224	1.0841	[0.51,2.31]	0.514565	1	0.1		0.306943	1			6	9.64441	0.577031	[0.25,1.35]	0.13055	1	0.1		0.0668549	1			1	0.347546	3.52648	[0.36,34.20]	0.265177	1	0.1		0.96004	1			0	0.0868866	0	[0.00,0.00]	1	1	0.1		1	1			1	0.173773	10.5981	[0.66,170.65]	0.158802	1	0.1		0.992515	1			0	0	0	[0.00,0.00]	1	1	0.1		1	1			1	0.434433	2.64252	[0.29,23.86]	0.302846	1	0.1		0.937139	1			1	0.173773	10.5981	[0.66,170.65]	0.158802	1	0.1		0.992515	1			5	6.16895	0.786261	[0.31,2.00]	0.405404	1	0.1		0.162681	1			1	0.347546	3.52648	[0.36,34.20]	0.265177	1	0.1		0.96004	1		
34	3		0	0.111022	0	[0.00,0.00]	1	1	0.1		1	1			0	0.17136	0	[0.00,0.00]	1	1	0.1		1	1			0	0.00724055	0	[0.00,0.00]	1	1	0.1		1	1			0	0.0530973	0	[0.00,0.00]	1	1	0.1		1	1			0	0.0434433	0	[0.00,0.00]	1	1	0.1		1	1			0	0.00482703	0	[0.00,0.00]	1	1	0.1		1	1			0	0.0941271	0	[0.00,0.00]	1	1	0.1		1	1			0	0.48029	0	[0.00,0.00]	1	1	0.1		1	1			0	0.113435	0	[0.00,0.00]	1	1	0.1		1	1			0	0.0168946	0	[0.00,0.00]	1	1	0.1		1	1			0	0.00724055	0	[0.00,0.00]	1	1	0.1		1	1			0	0.166533	0	[0.00,0.00]	1	1	0.1		1	1			0	0.0193081	0	[0.00,0.00]	1	1	0.1		1	1			0	0.207562	0	[0.00,0.00]	1	1	0.1		1	1			0	0.2679	0	[0.00,0.00]	1	1	0.1		1	1			0	0.00965406	0	[0.00,0.00]	1	1	0.1		1	1			0	0.00241352	0	[0.00,0.00]	1	1	0.1		1	1			0	0.00482703	0	[0.00,0.00]	1	1	0.1		1	1			0	0	0	[0.00,0.00]	1	1	0.1		1	1			0	0.0120676	0	[0.00,0.00]	1	1	0.1		1	1			0	0.00482703	0	[0.00,0.00]	1	1	0.1		1	1			0	0.17136	0	[0.00,0.00]	1	1	0.1		1	1			0	0.00965406	0	[0.00,0.00]	1	1	0.1		1	1		
