C	Cn	autism_spectrum_disorder	actual overlap	expected overlap	OR	95% CI	p-value	p.adjusted	{p_value}	BC	p-value(ALT)	p.adjusted(ALT)	BC(ALT)	intellectual_disability	actual overlap	expected overlap	OR	95% CI	p-value	p.adjusted	{p_value}	BC	p-value(ALT)	p.adjusted(ALT)	BC(ALT)	Alzheimer's_disease	actual overlap	expected overlap	OR	95% CI	p-value	p.adjusted	{p_value}	BC	p-value(ALT)	p.adjusted(ALT)	BC(ALT)	hypertension	actual overlap	expected overlap	OR	95% CI	p-value	p.adjusted	{p_value}	BC	p-value(ALT)	p.adjusted(ALT)	BC(ALT)	autistic_disorder	actual overlap	expected overlap	OR	95% CI	p-value	p.adjusted	{p_value}	BC	p-value(ALT)	p.adjusted(ALT)	BC(ALT)	Huntington's_disease	actual overlap	expected overlap	OR	95% CI	p-value	p.adjusted	{p_value}	BC	p-value(ALT)	p.adjusted(ALT)	BC(ALT)	Parkinson's_disease	actual overlap	expected overlap	OR	95% CI	p-value	p.adjusted	{p_value}	BC	p-value(ALT)	p.adjusted(ALT)	BC(ALT)	epilepsy_syndrome	actual overlap	expected overlap	OR	95% CI	p-value	p.adjusted	{p_value}	BC	p-value(ALT)	p.adjusted(ALT)	BC(ALT)	bipolar_disorder	actual overlap	expected overlap	OR	95% CI	p-value	p.adjusted	{p_value}	BC	p-value(ALT)	p.adjusted(ALT)	BC(ALT)	schizophrenia	actual overlap	expected overlap	OR	95% CI	p-value	p.adjusted	{p_value}	BC	p-value(ALT)	p.adjusted(ALT)	BC(ALT)	frontotemporal_dementia	actual overlap	expected overlap	OR	95% CI	p-value	p.adjusted	{p_value}	BC	p-value(ALT)	p.adjusted(ALT)	BC(ALT)	
1	17		0	0.902655	0	[0.00,0.00]	1	1	0.1		1	1			1	0.943685	1.06434	[0.14,8.15]	1	1	0.1		0.381171	1			4	2.85841	1.53246	[0.49,4.75]	0.50889	1	0.1		0.66578	1			3	1.5181	2.21825	[0.63,7.84]	0.188623	1	0.1		0.942346	1			0	0.902655	0	[0.00,0.00]	1	1	0.1		1	1			0	0.533387	0	[0.00,0.00]	1	1	0.1		1	1			2	1.09413	1.96239	[0.44,8.73]	0.299936	1	0.1		0.909137	1			3	1.49075	2.26415	[0.64,8.00]	0.181564	1	0.1		0.945509	1			0	1.08045	0	[0.00,0.00]	1	1	0.1		1	1			6	3.58327	2.06676	[0.76,5.64]	0.144881	1	0.1		0.9351	1			2	0.971038	2.23575	[0.50,9.97]	0.252931	1	0.1		0.931766	1		
2	13		1	0.690265	1.49359	[0.19,11.66]	0.509735	1	0.1		0.851335	1			3	0.721641	5.29091	[1.42,19.68]	0.0313559	1	0.1		0.995747	1			1	2.18584	0.409455	[0.05,3.17]	0.707537	1	0.1		0.532198	1			1	1.1609	0.848485	[0.11,6.59]	1	1	0.1		0.379521	1			1	0.690265	1.49359	[0.19,11.66]	0.509735	1	0.1		0.851335	1			0	0.407884	0	[0.00,0.00]	1	1	0.1		1	1			0	0.836685	0	[0.00,0.00]	1	1	0.1		1	1			1	1.13998	0.865741	[0.11,6.72]	1	1	0.1		0.380701	1			2	0.826227	2.72255	[0.59,12.50]	0.197941	1	0.1		0.955498	1			5	2.74014	2.36625	[0.77,7.29]	0.162927	1	0.1		0.917344	1			0	0.742558	0	[0.00,0.00]	1	1	0.1		1	1		
3	13		1	0.690265	1.49359	[0.19,11.66]	0.509735	1	0.1		0.851335	1			0	0.721641	0	[0.00,0.00]	1	1	0.1		1	1			2	2.18584	0.898551	[0.20,4.08]	1	1	0.1		0.292463	1			1	1.1609	0.848485	[0.11,6.59]	1	1	0.1		0.379521	1			1	0.690265	1.49359	[0.19,11.66]	0.509735	1	0.1		0.851335	1			0	0.407884	0	[0.00,0.00]	1	1	0.1		1	1			1	0.836685	1.21414	[0.16,9.46]	0.580701	1	0.1		0.798162	1			0	1.13998	0	[0.00,0.00]	1	1	0.1		1	1			0	0.826227	0	[0.00,0.00]	1	1	0.1		1	1			2	2.74014	0.678322	[0.15,3.08]	1	1	0.1		0.257146	1			0	0.742558	0	[0.00,0.00]	1	1	0.1		1	1		
4	15		0	0.79646	0	[0.00,0.00]	1	1	0.1		1	1			1	0.832663	1.21849	[0.16,9.40]	0.577545	1	0.1		0.799388	1			3	2.52212	1.24029	[0.35,4.43]	0.727708	1	0.1		0.51128	1			3	1.3395	2.59259	[0.72,9.33]	0.143336	1	0.1		0.962022	1			0	0.79646	0	[0.00,0.00]	1	1	0.1		1	1			0	0.470636	0	[0.00,0.00]	1	1	0.1		1	1			2	0.965406	2.26824	[0.50,10.23]	0.250714	1	0.1		0.933352	1			1	1.31537	0.740741	[0.10,5.69]	1	1	0.1		0.365488	1			1	0.953339	1.05311	[0.14,8.11]	1	1	0.1		0.382594	1			6	3.16171	2.53125	[0.89,7.18]	0.102828	1	0.1		0.94881	1			1	0.856798	1.18163	[0.15,9.12]	0.588275	1	0.1		0.790383	1		
5	3		0	0.159292	0	[0.00,0.00]	1	1	0.1		1	1			0	0.166533	0	[0.00,0.00]	1	1	0.1		1	1			1	0.504425	2.48077	[0.22,27.49]	0.424645	1	0.1		0.924917	1			0	0.2679	0	[0.00,0.00]	1	1	0.1		1	1			0	0.159292	0	[0.00,0.00]	1	1	0.1		1	1			0	0.0941271	0	[0.00,0.00]	1	1	0.1		1	1			0	0.193081	0	[0.00,0.00]	1	1	0.1		1	1			0	0.263073	0	[0.00,0.00]	1	1	0.1		1	1			0	0.190668	0	[0.00,0.00]	1	1	0.1		1	1			0	0.632341	0	[0.00,0.00]	1	1	0.1		1	1			0	0.17136	0	[0.00,0.00]	1	1	0.1		1	1		
6	17		1	0.902655	1.11635	[0.15,8.55]	0.606901	1	0.1		0.772993	1			2	0.943685	2.30647	[0.52,10.29]	0.242533	1	0.1		0.936377	1			3	2.85841	1.06103	[0.30,3.73]	1	1	0.1		0.247347	1			1	1.5181	0.634091	[0.08,4.83]	1	1	0.1		0.341024	1			1	0.902655	1.11635	[0.15,8.55]	0.606901	1	0.1		0.772993	1			1	0.533387	1.95395	[0.25,15.12]	0.420454	1	0.1		0.90298	1			0	1.09413	0	[0.00,0.00]	1	1	0.1		1	1			4	1.49075	3.28498	[1.05,10.25]	0.0544905	1	0.1		0.987565	1			1	1.08045	0.919872	[0.12,7.03]	1	1	0.1		0.380251	1			3	3.58327	0.800055	[0.23,2.81]	1	1	0.1		0.232829	1			1	0.971038	1.03214	[0.13,7.90]	1	1	0.1		0.381597	1		
7	22		4	1.16814	4.15412	[1.36,12.64]	0.0257221	1	0.1		0.995279	1			8	1.22124	10.8665	[4.39,26.89]	1.03147e-05	0.038649	0.1	*	0.999999	1			4	3.69912	1.10136	[0.37,3.29]	0.777079	1	0.1		0.437614	1			2	1.9646	1.02018	[0.24,4.42]	1	1	0.1		0.286256	1			4	1.16814	4.15412	[1.36,12.64]	0.0257221	1	0.1		0.995279	1			2	0.690265	3.2	[0.72,14.20]	0.149585	1	0.1		0.970889	1			4	1.41593	3.34795	[1.11,10.14]	0.0478686	1	0.1		0.989229	1			4	1.9292	2.3619	[0.78,7.11]	0.1197	1	0.1		0.962847	1			5	1.39823	4.55882	[1.64,12.70]	0.0102177	1	0.1		0.998209	1			10	4.63717	3.20437	[1.37,7.50]	0.0136637	1	0.1		0.992526	1			1	1.25664	0.782993	[0.10,5.91]	1	1	0.1		0.367875	1		
8	16		0	0.849558	0	[0.00,0.00]	1	1	0.1		1	1			0	0.888174	0	[0.00,0.00]	1	1	0.1		1	1			3	2.69027	1.14376	[0.32,4.05]	0.741266	1	0.1		0.503531	1			1	1.4288	0.67697	[0.09,5.17]	1	1	0.1		0.352571	1			0	0.849558	0	[0.00,0.00]	1	1	0.1		1	1			1	0.502011	2.08596	[0.27,16.20]	0.401428	1	0.1		0.912708	1			2	1.02977	2.1044	[0.47,9.42]	0.275339	1	0.1		0.921661	1			3	1.40306	2.44049	[0.68,8.70]	0.159139	1	0.1		0.955405	1			4	1.01689	5.12	[1.61,16.26]	0.015307	1	0.1		0.997706	1			7	3.37249	2.96471	[1.09,8.04]	0.0559685	1	0.1		0.968637	1			2	0.913918	2.39752	[0.53,10.76]	0.231202	1	0.1		0.941477	1		
9	7		2	0.371681	7.325	[1.39,38.49]	0.0490587	1	0.1		0.995704	1			1	0.388576	2.86275	[0.34,24.12]	0.330199	1	0.1		0.946782	1			1	1.17699	0.823718	[0.10,6.88]	1	1	0.1		0.390938	1			0	0.625101	0	[0.00,0.00]	1	1	0.1		1	1			2	0.371681	7.325	[1.39,38.49]	0.0490587	1	0.1		0.995704	1			0	0.21963	0	[0.00,0.00]	1	1	0.1		1	1			0	0.450523	0	[0.00,0.00]	1	1	0.1		1	1			0	0.613837	0	[0.00,0.00]	1	1	0.1		1	1			1	0.444891	2.47436	[0.29,20.81]	0.369227	1	0.1		0.931997	1			3	1.47546	2.82915	[0.63,12.72]	0.166528	1	0.1		0.960544	1			0	0.399839	0	[0.00,0.00]	1	1	0.1		1	1		
10	11		1	0.584071	1.79538	[0.23,14.24]	0.452638	1	0.1		0.887881	1			1	0.610619	1.71176	[0.22,13.57]	0.467854	1	0.1		0.879138	1			2	1.84956	1.10038	[0.24,5.13]	1	1	0.1		0.297978	1			2	0.982301	2.2895	[0.49,10.73]	0.25696	1	0.1		0.932684	1			1	0.584071	1.79538	[0.23,14.24]	0.452638	1	0.1		0.887881	1			1	0.345133	3.14211	[0.39,25.17]	0.296793	1	0.1		0.955866	1			1	0.707965	1.45949	[0.18,11.55]	0.520416	1	0.1		0.845615	1			1	0.964602	1.04074	[0.13,8.21]	1	1	0.1		0.38704	1			1	0.699115	1.47949	[0.19,11.71]	0.51584	1	0.1		0.848748	1			3	2.31858	1.40878	[0.37,5.35]	0.70864	1	0.1		0.524928	1			0	0.628319	0	[0.00,0.00]	1	1	0.1		1	1		
11	14		0	0.743363	0	[0.00,0.00]	1	1	0.1		1	1			0	0.777152	0	[0.00,0.00]	1	1	0.1		1	1			2	2.35398	0.822866	[0.18,3.70]	1	1	0.1		0.283784	1			1	1.2502	0.782517	[0.10,6.04]	1	1	0.1		0.372163	1			0	0.743363	0	[0.00,0.00]	1	1	0.1		1	1			1	0.43926	2.41093	[0.31,18.91]	0.361534	1	0.1		0.931163	1			1	0.901046	1.11977	[0.14,8.67]	0.607972	1	0.1		0.773828	1			1	1.22767	0.798433	[0.10,6.16]	1	1	0.1		0.373987	1			0	0.889783	0	[0.00,0.00]	1	1	0.1		1	1			2	2.95093	0.621154	[0.14,2.79]	0.746339	1	0.1		0.490249	1			0	0.799678	0	[0.00,0.00]	1	1	0.1		1	1		
12	18		1	0.955752	1.04977	[0.14,8.01]	1	1	0.1		0.380915	1			0	0.999195	0	[0.00,0.00]	1	1	0.1		1	1			2	3.02655	0.614734	[0.14,2.69]	0.753056	1	0.1		0.474875	1			4	1.6074	2.98531	[0.97,9.23]	0.0691909	1	0.1		0.982727	1			1	0.955752	1.04977	[0.14,8.01]	1	1	0.1		0.380915	1			1	0.564763	1.83746	[0.24,14.17]	0.43889	1	0.1		0.892955	1			0	1.15849	0	[0.00,0.00]	1	1	0.1		1	1			1	1.57844	0.608388	[0.08,4.62]	1	1	0.1		0.332668	1			0	1.14401	0	[0.00,0.00]	1	1	0.1		1	1			3	3.79405	0.745946	[0.21,2.60]	0.77866	1	0.1		0.441711	1			1	1.02816	0.970588	[0.13,7.40]	1	1	0.1		0.380974	1		
13	15		0	0.79646	0	[0.00,0.00]	1	1	0.1		1	1			1	0.832663	1.21849	[0.16,9.40]	0.577545	1	0.1		0.799388	1			0	2.52212	0	[0.00,0.00]	1	1	0.1		1	1			1	1.3395	0.725974	[0.09,5.57]	1	1	0.1		0.363057	1			0	0.79646	0	[0.00,0.00]	1	1	0.1		1	1			0	0.470636	0	[0.00,0.00]	1	1	0.1		1	1			1	0.965406	1.03888	[0.13,8.00]	1	1	0.1		0.382777	1			0	1.31537	0	[0.00,0.00]	1	1	0.1		1	1			0	0.953339	0	[0.00,0.00]	1	1	0.1		1	1			0	3.16171	0	[0.00,0.00]	1	1	0.1		1	1			0	0.856798	0	[0.00,0.00]	1	1	0.1		1	1		
14	15		2	0.79646	2.79808	[0.62,12.66]	0.187225	1	0.1		0.958865	1			0	0.832663	0	[0.00,0.00]	1	1	0.1		1	1			5	2.52212	2.5098	[0.85,7.42]	0.153405	1	0.1		0.910182	1			6	1.3395	7.13016	[2.49,20.42]	0.00113778	1	0.1		0.999867	1			2	0.79646	2.79808	[0.62,12.66]	0.187225	1	0.1		0.958865	1			5	0.470636	17.5588	[5.69,54.16]	5.59198e-05	0.139687	0.1		0.999997	1			4	0.965406	5.51196	[1.71,17.72]	0.0125956	1	0.1		0.998243	1			4	1.31537	3.88918	[1.22,12.43]	0.0358026	1	0.1		0.993041	1			1	0.953339	1.05311	[0.14,8.11]	1	1	0.1		0.382594	1			3	3.16171	0.935328	[0.26,3.34]	1	1	0.1		0.250256	1			0	0.856798	0	[0.00,0.00]	1	1	0.1		1	1		
15	6		1	0.318584	3.60615	[0.42,31.32]	0.279661	1	0.1		0.963731	1			0	0.333065	0	[0.00,0.00]	1	1	0.1		1	1			0	1.00885	0	[0.00,0.00]	1	1	0.1		1	1			0	0.5358	0	[0.00,0.00]	1	1	0.1		1	1			1	0.318584	3.60615	[0.42,31.32]	0.279661	1	0.1		0.963731	1			0	0.188254	0	[0.00,0.00]	1	1	0.1		1	1			1	0.386163	2.93165	[0.34,25.40]	0.329668	1	0.1		0.94819	1			0	0.526146	0	[0.00,0.00]	1	1	0.1		1	1			0	0.381335	0	[0.00,0.00]	1	1	0.1		1	1			0	1.26468	0	[0.00,0.00]	1	1	0.1		1	1			0	0.342719	0	[0.00,0.00]	1	1	0.1		1	1		
16	16		1	0.849558	1.19179	[0.16,9.16]	0.584555	1	0.1		0.792993	1			2	0.888174	2.47335	[0.55,11.11]	0.221485	1	0.1		0.945495	1			1	2.69027	0.326603	[0.04,2.49]	0.496469	1	0.1		0.672703	1			0	1.4288	0	[0.00,0.00]	1	1	0.1		1	1			1	0.849558	1.19179	[0.16,9.16]	0.584555	1	0.1		0.792993	1			1	0.502011	2.08596	[0.27,16.20]	0.401428	1	0.1		0.912708	1			0	1.02977	0	[0.00,0.00]	1	1	0.1		1	1			2	1.40306	1.49533	[0.34,6.67]	0.644433	1	0.1		0.612719	1			0	1.01689	0	[0.00,0.00]	1	1	0.1		1	1			1	3.37249	0.246743	[0.03,1.88]	0.217153	1	0.1		0.878634	1			0	0.913918	0	[0.00,0.00]	1	1	0.1		1	1		
17	4		0	0.212389	0	[0.00,0.00]	1	1	0.1		1	1			1	0.222043	5.7402	[0.59,55.92]	0.204456	1	0.1		0.983051	1			0	0.672566	0	[0.00,0.00]	1	1	0.1		1	1			1	0.3572	3.42121	[0.35,33.17]	0.312464	1	0.1		0.957922	1			0	0.212389	0	[0.00,0.00]	1	1	0.1		1	1			0	0.125503	0	[0.00,0.00]	1	1	0.1		1	1			0	0.257442	0	[0.00,0.00]	1	1	0.1		1	1			0	0.350764	0	[0.00,0.00]	1	1	0.1		1	1			0	0.254224	0	[0.00,0.00]	1	1	0.1		1	1			0	0.843121	0	[0.00,0.00]	1	1	0.1		1	1			0	0.228479	0	[0.00,0.00]	1	1	0.1		1	1		
18	3		0	0.159292	0	[0.00,0.00]	1	1	0.1		1	1			0	0.166533	0	[0.00,0.00]	1	1	0.1		1	1			1	0.504425	2.48077	[0.22,27.49]	0.424645	1	0.1		0.924917	1			1	0.2679	5.13636	[0.46,57.10]	0.244868	1	0.1		0.977662	1			0	0.159292	0	[0.00,0.00]	1	1	0.1		1	1			0	0.0941271	0	[0.00,0.00]	1	1	0.1		1	1			0	0.193081	0	[0.00,0.00]	1	1	0.1		1	1			0	0.263073	0	[0.00,0.00]	1	1	0.1		1	1			0	0.190668	0	[0.00,0.00]	1	1	0.1		1	1			0	0.632341	0	[0.00,0.00]	1	1	0.1		1	1			0	0.17136	0	[0.00,0.00]	1	1	0.1		1	1		
19	27		1	1.43363	0.681065	[0.09,5.10]	1	1	0.1		0.349219	1			0	1.49879	0	[0.00,0.00]	1	1	0.1		1	1			4	4.53982	0.857688	[0.29,2.51]	1	1	0.1		0.20514	1			3	2.4111	1.28241	[0.38,4.33]	0.727701	1	0.1		0.495528	1			1	1.43363	0.681065	[0.09,5.10]	1	1	0.1		0.349219	1			1	0.847144	1.19231	[0.16,9.02]	0.581048	1	0.1		0.793447	1			0	1.73773	0	[0.00,0.00]	1	1	0.1		1	1			1	2.36766	0.394587	[0.05,2.94]	0.504983	1	0.1		0.711846	1			0	1.71601	0	[0.00,0.00]	1	1	0.1		1	1			3	5.69107	0.461873	[0.14,1.55]	0.240534	1	0.1		0.851876	1			1	1.54224	0.62967	[0.08,4.71]	1	1	0.1		0.33591	1		
20	10		0	0.530973	0	[0.00,0.00]	1	1	0.1		1	1			0	0.555109	0	[0.00,0.00]	1	1	0.1		1	1			4	1.68142	3.34309	[0.94,11.95]	0.0708695	1	0.1		0.984355	1			0	0.893001	0	[0.00,0.00]	1	1	0.1		1	1			0	0.530973	0	[0.00,0.00]	1	1	0.1		1	1			1	0.313757	3.49415	[0.43,28.28]	0.273824	1	0.1		0.96317	1			2	0.643604	3.70192	[0.77,17.73]	0.131605	1	0.1		0.977826	1			0	0.876911	0	[0.00,0.00]	1	1	0.1		1	1			1	0.635559	1.6453	[0.21,13.15]	0.482696	1	0.1		0.871131	1			4	2.1078	2.51938	[0.71,8.99]	0.232618	1	0.1		0.867347	1			3	0.571199	7.34244	[1.86,29.02]	0.0160412	1	0.1		0.998418	1		
21	16		0	0.849558	0	[0.00,0.00]	1	1	0.1		1	1			0	0.888174	0	[0.00,0.00]	1	1	0.1		1	1			6	2.69027	3.0266	[1.09,8.42]	0.0382572	1	0.1		0.989911	1			2	1.4288	1.46527	[0.33,6.53]	0.647429	1	0.1		0.612743	1			0	0.849558	0	[0.00,0.00]	1	1	0.1		1	1			1	0.502011	2.08596	[0.27,16.20]	0.401428	1	0.1		0.912708	1			1	1.02977	0.968776	[0.13,7.43]	1	1	0.1		0.382029	1			1	1.40306	0.690741	[0.09,5.28]	1	1	0.1		0.355567	1			1	1.01689	0.982051	[0.13,7.53]	1	1	0.1		0.382179	1			5	3.37249	1.7156	[0.59,4.98]	0.351926	1	0.1		0.782847	1			0	0.913918	0	[0.00,0.00]	1	1	0.1		1	1		
22	7		0	0.371681	0	[0.00,0.00]	1	1	0.1		1	1			1	0.388576	2.86275	[0.34,24.12]	0.330199	1	0.1		0.946782	1			2	1.17699	1.98841	[0.38,10.32]	0.334363	1	0.1		0.902708	1			0	0.625101	0	[0.00,0.00]	1	1	0.1		1	1			0	0.371681	0	[0.00,0.00]	1	1	0.1		1	1			1	0.21963	5.25439	[0.62,44.73]	0.200444	1	0.1		0.981759	1			0	0.450523	0	[0.00,0.00]	1	1	0.1		1	1			0	0.613837	0	[0.00,0.00]	1	1	0.1		1	1			0	0.444891	0	[0.00,0.00]	1	1	0.1		1	1			0	1.47546	0	[0.00,0.00]	1	1	0.1		1	1			0	0.399839	0	[0.00,0.00]	1	1	0.1		1	1		
23	19		3	1.00885	3.45536	[0.98,12.17]	0.0753483	1	0.1		0.984631	1			3	1.05471	3.28977	[0.94,11.57]	0.083807	1	0.1		0.982103	1			3	3.19469	0.926578	[0.27,3.21]	1	1	0.1		0.243933	1			0	1.6967	0	[0.00,0.00]	1	1	0.1		1	1			3	1.00885	3.45536	[0.98,12.17]	0.0753483	1	0.1		0.984631	1			0	0.596138	0	[0.00,0.00]	1	1	0.1		1	1			1	1.22285	0.805204	[0.11,6.11]	1	1	0.1		0.371491	1			3	1.66613	1.97759	[0.57,6.90]	0.228641	1	0.1		0.922469	1			1	1.20756	0.816239	[0.11,6.19]	1	1	0.1		0.37261	1			6	4.00483	1.74519	[0.66,4.64]	0.260016	1	0.1		0.849723	1			1	1.08528	0.915873	[0.12,6.96]	1	1	0.1		0.37916	1		
24	18		1	0.955752	1.04977	[0.14,8.01]	1	1	0.1		0.380915	1			4	0.999195	5.0989	[1.63,15.93]	0.0147363	1	0.1		0.99778	1			1	3.02655	0.287613	[0.04,2.17]	0.338101	1	0.1		0.79314	1			1	1.6074	0.596257	[0.08,4.52]	1	1	0.1		0.328687	1			1	0.955752	1.04977	[0.14,8.01]	1	1	0.1		0.380915	1			0	0.564763	0	[0.00,0.00]	1	1	0.1		1	1			0	1.15849	0	[0.00,0.00]	1	1	0.1		1	1			4	1.57844	3.04762	[0.99,9.43]	0.0654773	1	0.1		0.983963	1			0	1.14401	0	[0.00,0.00]	1	1	0.1		1	1			1	3.79405	0.217264	[0.03,1.64]	0.144668	1	0.1		0.922109	1			0	1.02816	0	[0.00,0.00]	1	1	0.1		1	1		
25	14		1	0.743363	1.37751	[0.18,10.69]	0.536042	1	0.1		0.832254	1			0	0.777152	0	[0.00,0.00]	1	1	0.1		1	1			5	2.35398	2.79139	[0.93,8.42]	0.0700851	1	0.1		0.980743	1			2	1.2502	1.71254	[0.38,7.75]	0.35985	1	0.1		0.877736	1			1	0.743363	1.37751	[0.18,10.69]	0.536042	1	0.1		0.832254	1			1	0.43926	2.41093	[0.31,18.91]	0.361534	1	0.1		0.931163	1			0	0.901046	0	[0.00,0.00]	1	1	0.1		1	1			0	1.22767	0	[0.00,0.00]	1	1	0.1		1	1			0	0.889783	0	[0.00,0.00]	1	1	0.1		1	1			5	2.95093	2.10117	[0.70,6.32]	0.188552	1	0.1		0.910224	1			0	0.799678	0	[0.00,0.00]	1	1	0.1		1	1		
26	8		2	0.424779	6.09896	[1.21,30.82]	0.063207	1	0.1		0.993386	1			2	0.444087	5.81095	[1.15,29.34]	0.068456	1	0.1		0.992498	1			2	1.34513	1.65539	[0.33,8.26]	0.628401	1	0.1		0.634755	1			2	0.714401	3.44343	[0.69,17.27]	0.155246	1	0.1		0.972169	1			2	0.424779	6.09896	[1.21,30.82]	0.063207	1	0.1		0.993386	1			0	0.251006	0	[0.00,0.00]	1	1	0.1		1	1			0	0.514883	0	[0.00,0.00]	1	1	0.1		1	1			0	0.701529	0	[0.00,0.00]	1	1	0.1		1	1			3	0.508447	9.15	[2.15,39.01]	0.0109749	1	0.1		0.999128	1			6	1.68624	11.4727	[2.30,57.18]	0.00158889	1	0.1		0.999886	1			1	0.456959	2.37755	[0.29,19.59]	0.376184	1	0.1		0.92796	1		
27	4		0	0.212389	0	[0.00,0.00]	1	1	0.1		1	1			0	0.222043	0	[0.00,0.00]	1	1	0.1		1	1			0	0.672566	0	[0.00,0.00]	1	1	0.1		1	1			0	0.3572	0	[0.00,0.00]	1	1	0.1		1	1			0	0.212389	0	[0.00,0.00]	1	1	0.1		1	1			0	0.125503	0	[0.00,0.00]	1	1	0.1		1	1			1	0.257442	4.89451	[0.50,47.60]	0.233892	1	0.1		0.977448	1			0	0.350764	0	[0.00,0.00]	1	1	0.1		1	1			0	0.254224	0	[0.00,0.00]	1	1	0.1		1	1			0	0.843121	0	[0.00,0.00]	1	1	0.1		1	1			0	0.228479	0	[0.00,0.00]	1	1	0.1		1	1		
28	10		0	0.530973	0	[0.00,0.00]	1	1	0.1		1	1			0	0.555109	0	[0.00,0.00]	1	1	0.1		1	1			2	1.68142	1.23913	[0.26,5.88]	0.678841	1	0.1		0.614147	1			1	0.893001	1.13434	[0.14,9.04]	0.608976	1	0.1		0.777521	1			0	0.530973	0	[0.00,0.00]	1	1	0.1		1	1			1	0.313757	3.49415	[0.43,28.28]	0.273824	1	0.1		0.96317	1			0	0.643604	0	[0.00,0.00]	1	1	0.1		1	1			1	0.876911	1.15741	[0.15,9.22]	0.601985	1	0.1		0.783648	1			0	0.635559	0	[0.00,0.00]	1	1	0.1		1	1			1	2.1078	0.413793	[0.05,3.28]	0.697914	1	0.1		0.552345	1			0	0.571199	0	[0.00,0.00]	1	1	0.1		1	1		
29	5		0	0.265487	0	[0.00,0.00]	1	1	0.1		1	1			0	0.277554	0	[0.00,0.00]	1	1	0.1		1	1			1	0.840708	1.23798	[0.14,11.13]	1	1	0.1		0.403476	1			1	0.4465	2.56364	[0.28,23.14]	0.37406	1	0.1		0.933916	1			0	0.265487	0	[0.00,0.00]	1	1	0.1		1	1			0	0.156879	0	[0.00,0.00]	1	1	0.1		1	1			1	0.321802	3.66772	[0.41,33.21]	0.283358	1	0.1		0.963973	1			1	0.438455	2.61574	[0.29,23.61]	0.368501	1	0.1		0.936072	1			0	0.31778	0	[0.00,0.00]	1	1	0.1		1	1			2	1.0539	2.50769	[0.42,15.09]	0.284804	1	0.1		0.933853	1			0	0.285599	0	[0.00,0.00]	1	1	0.1		1	1		
30	8		0	0.424779	0	[0.00,0.00]	1	1	0.1		1	1			0	0.444087	0	[0.00,0.00]	1	1	0.1		1	1			1	1.34513	0.705357	[0.09,5.76]	1	1	0.1		0.371599	1			0	0.714401	0	[0.00,0.00]	1	1	0.1		1	1			0	0.424779	0	[0.00,0.00]	1	1	0.1		1	1			0	0.251006	0	[0.00,0.00]	1	1	0.1		1	1			0	0.514883	0	[0.00,0.00]	1	1	0.1		1	1			1	0.701529	1.49074	[0.18,12.23]	0.521159	1	0.1		0.849337	1			0	0.508447	0	[0.00,0.00]	1	1	0.1		1	1			1	1.68624	0.533114	[0.07,4.35]	1	1	0.1		0.321952	1			0	0.456959	0	[0.00,0.00]	1	1	0.1		1	1		
31	11		2	0.584071	4.05556	[0.86,19.16]	0.112119	1	0.1		0.982631	1			0	0.610619	0	[0.00,0.00]	1	1	0.1		1	1			6	1.84956	6.08276	[1.84,20.12]	0.0046273	1	0.1		0.999377	1			0	0.982301	0	[0.00,0.00]	1	1	0.1		1	1			2	0.584071	4.05556	[0.86,19.16]	0.112119	1	0.1		0.982631	1			2	0.345133	7.17718	[1.50,34.39]	0.0441338	1	0.1		0.996038	1			2	0.707965	3.28775	[0.70,15.48]	0.154385	1	0.1		0.970903	1			3	0.964602	3.98349	[1.04,15.24]	0.0643507	1	0.1		0.988611	1			2	0.699115	3.33333	[0.71,15.70]	0.151252	1	0.1		0.971855	1			2	2.31858	0.830769	[0.18,3.87]	1	1	0.1		0.29136	1			2	0.628319	3.74557	[0.79,17.67]	0.126793	1	0.1		0.978836	1		
32	18		1	0.955752	1.04977	[0.14,8.01]	1	1	0.1		0.380915	1			0	0.999195	0	[0.00,0.00]	1	1	0.1		1	1			4	3.02655	1.4216	[0.46,4.36]	0.525125	1	0.1		0.661899	1			1	1.6074	0.596257	[0.08,4.52]	1	1	0.1		0.328687	1			1	0.955752	1.04977	[0.14,8.01]	1	1	0.1		0.380915	1			1	0.564763	1.83746	[0.24,14.17]	0.43889	1	0.1		0.892955	1			4	1.15849	4.31955	[1.39,13.44]	0.0243549	1	0.1		0.995702	1			1	1.57844	0.608388	[0.08,4.62]	1	1	0.1		0.332668	1			2	1.14401	1.86364	[0.42,8.25]	0.318901	1	0.1		0.898829	1			6	3.79405	1.89258	[0.70,5.09]	0.239589	1	0.1		0.855332	1			4	1.02816	4.93817	[1.58,15.41]	0.0162596	1	0.1		0.997474	1		
33	22		1	1.16814	0.846886	[0.11,6.39]	1	1	0.1		0.374236	1			2	1.22124	1.72239	[0.39,7.52]	0.347805	1	0.1		0.881528	1			6	3.69912	1.88054	[0.73,4.86]	0.242632	1	0.1		0.845825	1			4	1.9646	2.3136	[0.77,6.96]	0.125867	1	0.1		0.960198	1			1	1.16814	0.846886	[0.11,6.39]	1	1	0.1		0.374236	1			0	0.690265	0	[0.00,0.00]	1	1	0.1		1	1			2	1.41593	1.46538	[0.34,6.38]	0.64794	1	0.1		0.607557	1			0	1.9292	0	[0.00,0.00]	1	1	0.1		1	1			1	1.39823	0.697802	[0.09,5.26]	1	1	0.1		0.354047	1			6	4.63717	1.41357	[0.55,3.65]	0.436511	1	0.1		0.712664	1			2	1.25664	1.66957	[0.38,7.29]	0.361047	1	0.1		0.873665	1		
34	27		1	1.43363	0.681065	[0.09,5.10]	1	1	0.1		0.349219	1			1	1.49879	0.649321	[0.09,4.86]	1	1	0.1		0.341408	1			1	4.53982	0.186391	[0.03,1.38]	0.0695658	1	0.1		0.967095	1			0	2.4111	0	[0.00,0.00]	1	1	0.1		1	1			1	1.43363	0.681065	[0.09,5.10]	1	1	0.1		0.349219	1			0	0.847144	0	[0.00,0.00]	1	1	0.1		1	1			1	1.73773	0.553554	[0.07,4.13]	1	1	0.1		0.309074	1			2	2.36766	0.829159	[0.19,3.55]	1	1	0.1		0.274506	1			1	1.71601	0.561144	[0.08,4.19]	1	1	0.1		0.312184	1			4	5.69107	0.64577	[0.22,1.88]	0.632396	1	0.1		0.517505	1			2	1.54224	1.32986	[0.31,5.73]	0.66409	1	0.1		0.602412	1		
35	14		3	0.743363	5.04762	[1.37,18.55]	0.0341792	1	0.1		0.995146	1			0	0.777152	0	[0.00,0.00]	1	1	0.1		1	1			10	2.35398	12.9397	[4.02,41.67]	7.9924e-06	0.038649	0.1	**	0.999999	1			4	1.2502	4.19439	[1.29,13.60]	0.0298575	1	0.1		0.994603	1			3	0.743363	5.04762	[1.37,18.55]	0.0341792	1	0.1		0.995146	1			1	0.43926	2.41093	[0.31,18.91]	0.361534	1	0.1		0.931163	1			3	0.901046	4.08028	[1.12,14.93]	0.0558375	1	0.1		0.990295	1			3	1.22767	2.88937	[0.79,10.52]	0.11729	1	0.1		0.971889	1			1	0.889783	1.13511	[0.15,8.79]	0.6032	1	0.1		0.778087	1			7	2.95093	3.81961	[1.33,10.99]	0.0149787	1	0.1		0.996777	1			2	0.799678	2.80193	[0.61,12.77]	0.188272	1	0.1		0.958725	1		
36	25		0	1.32743	0	[0.00,0.00]	1	1	0.1		1	1			1	1.38777	0.704657	[0.09,5.29]	1	1	0.1		0.354626	1			3	4.20354	0.669903	[0.20,2.26]	0.786198	1	0.1		0.40496	1			0	2.2325	0	[0.00,0.00]	1	1	0.1		1	1			0	1.32743	0	[0.00,0.00]	1	1	0.1		1	1			0	0.784393	0	[0.00,0.00]	1	1	0.1		1	1			1	1.60901	0.600738	[0.08,4.50]	1	1	0.1		0.327274	1			0	2.19228	0	[0.00,0.00]	1	1	0.1		1	1			0	1.5889	0	[0.00,0.00]	1	1	0.1		1	1			5	5.26951	0.934825	[0.35,2.51]	1	1	0.1		0.196161	1			1	1.428	0.683333	[0.09,5.13]	1	1	0.1		0.350132	1		
37	33		1	1.75221	0.550481	[0.07,4.09]	1	1	0.1		0.306757	1			0	1.83186	0	[0.00,0.00]	1	1	0.1		1	1			2	5.54867	0.312607	[0.07,1.32]	0.102595	1	0.1		0.94552	1			1	2.9469	0.3125	[0.04,2.31]	0.354311	1	0.1		0.79137	1			1	1.75221	0.550481	[0.07,4.09]	1	1	0.1		0.306757	1			1	1.0354	0.963816	[0.13,7.24]	1	1	0.1		0.378176	1			2	2.12389	0.936311	[0.22,3.98]	1	1	0.1		0.281645	1			0	2.89381	0	[0.00,0.00]	1	1	0.1		1	1			1	2.09735	0.453526	[0.06,3.36]	0.717883	1	0.1		0.538238	1			5	6.95575	0.662173	[0.25,1.73]	0.518203	1	0.1		0.612584	1			3	1.88496	1.67941	[0.50,5.64]	0.430406	1	0.1		0.745754	1		
38	7		0	0.371681	0	[0.00,0.00]	1	1	0.1		1	1			0	0.388576	0	[0.00,0.00]	1	1	0.1		1	1			1	1.17699	0.823718	[0.10,6.88]	1	1	0.1		0.390938	1			0	0.625101	0	[0.00,0.00]	1	1	0.1		1	1			0	0.371681	0	[0.00,0.00]	1	1	0.1		1	1			0	0.21963	0	[0.00,0.00]	1	1	0.1		1	1			0	0.450523	0	[0.00,0.00]	1	1	0.1		1	1			0	0.613837	0	[0.00,0.00]	1	1	0.1		1	1			1	0.444891	2.47436	[0.29,20.81]	0.369227	1	0.1		0.931997	1			1	1.47546	0.622605	[0.07,5.19]	1	1	0.1		0.357119	1			0	0.399839	0	[0.00,0.00]	1	1	0.1		1	1		
39	8		0	0.424779	0	[0.00,0.00]	1	1	0.1		1	1			0	0.444087	0	[0.00,0.00]	1	1	0.1		1	1			1	1.34513	0.705357	[0.09,5.76]	1	1	0.1		0.371599	1			0	0.714401	0	[0.00,0.00]	1	1	0.1		1	1			0	0.424779	0	[0.00,0.00]	1	1	0.1		1	1			0	0.251006	0	[0.00,0.00]	1	1	0.1		1	1			0	0.514883	0	[0.00,0.00]	1	1	0.1		1	1			0	0.701529	0	[0.00,0.00]	1	1	0.1		1	1			0	0.508447	0	[0.00,0.00]	1	1	0.1		1	1			3	1.68624	2.261	[0.54,9.52]	0.376405	1	0.1		0.784307	1			0	0.456959	0	[0.00,0.00]	1	1	0.1		1	1		
40	17		1	0.902655	1.11635	[0.15,8.55]	0.606901	1	0.1		0.772993	1			0	0.943685	0	[0.00,0.00]	1	1	0.1		1	1			3	2.85841	1.06103	[0.30,3.73]	1	1	0.1		0.247347	1			1	1.5181	0.634091	[0.08,4.83]	1	1	0.1		0.341024	1			1	0.902655	1.11635	[0.15,8.55]	0.606901	1	0.1		0.772993	1			0	0.533387	0	[0.00,0.00]	1	1	0.1		1	1			0	1.09413	0	[0.00,0.00]	1	1	0.1		1	1			2	1.49075	1.39439	[0.31,6.18]	0.655463	1	0.1		0.610561	1			2	1.08045	1.98961	[0.45,8.86]	0.294709	1	0.1		0.911799	1			6	3.58327	2.06676	[0.76,5.64]	0.144881	1	0.1		0.9351	1			1	0.971038	1.03214	[0.13,7.90]	1	1	0.1		0.381597	1		
41	4		1	0.212389	6.02051	[0.62,58.68]	0.196282	1	0.1		0.984452	1			0	0.222043	0	[0.00,0.00]	1	1	0.1		1	1			2	0.672566	4.98551	[0.70,35.60]	0.133719	1	0.1		0.983553	1			2	0.3572	10.367	[1.45,74.33]	0.0420783	1	0.1		0.997403	1			1	0.212389	6.02051	[0.62,58.68]	0.196282	1	0.1		0.984452	1			0	0.125503	0	[0.00,0.00]	1	1	0.1		1	1			1	0.257442	4.89451	[0.50,47.60]	0.233892	1	0.1		0.977448	1			1	0.350764	3.49074	[0.36,33.85]	0.307586	1	0.1		0.959339	1			1	0.254224	4.96154	[0.51,48.26]	0.23125	1	0.1		0.977987	1			1	0.843121	1.24904	[0.13,12.06]	1	1	0.1		0.415196	1			1	0.228479	5.56667	[0.57,54.21]	0.20987	1	0.1		0.982087	1		
42	24		1	1.27434	0.771906	[0.10,5.81]	1	1	0.1		0.365931	1			1	1.33226	0.735934	[0.10,5.53]	1	1	0.1		0.360554	1			5	4.0354	1.30934	[0.48,3.55]	0.581671	1	0.1		0.592753	1			1	2.1432	0.43834	[0.06,3.28]	0.716342	1	0.1		0.532559	1			1	1.27434	0.771906	[0.10,5.81]	1	1	0.1		0.365931	1			0	0.753017	0	[0.00,0.00]	1	1	0.1		1	1			1	1.54465	0.627408	[0.08,4.71]	1	1	0.1		0.335955	1			1	2.10459	0.447262	[0.06,3.34]	0.715584	1	0.1		0.539061	1			2	1.52534	1.34829	[0.31,5.84]	0.661557	1	0.1		0.604278	1			5	5.05873	0.98505	[0.36,2.66]	1	1	0.1		0.198853	1			2	1.37088	1.51515	[0.35,6.58]	0.643396	1	0.1		0.606227	1		
43	9		0	0.477876	0	[0.00,0.00]	1	1	0.1		1	1			0	0.499598	0	[0.00,0.00]	1	1	0.1		1	1			0	1.51327	0	[0.00,0.00]	1	1	0.1		1	1			0	0.803701	0	[0.00,0.00]	1	1	0.1		1	1			0	0.477876	0	[0.00,0.00]	1	1	0.1		1	1			0	0.282381	0	[0.00,0.00]	1	1	0.1		1	1			0	0.579244	0	[0.00,0.00]	1	1	0.1		1	1			0	0.78922	0	[0.00,0.00]	1	1	0.1		1	1			1	0.572003	1.85256	[0.23,15.00]	0.447313	1	0.1		0.892618	1			2	1.89702	1.07033	[0.22,5.18]	1	1	0.1		0.30618	1			0	0.514079	0	[0.00,0.00]	1	1	0.1		1	1		
44	36		3	1.9115	1.65079	[0.49,5.53]	0.434326	1	0.1		0.744569	1			2	1.99839	1.00088	[0.24,4.26]	1	1	0.1		0.282595	1			4	6.0531	0.610976	[0.21,1.75]	0.497217	1	0.1		0.632699	1			1	3.2148	0.284935	[0.04,2.10]	0.364925	1	0.1		0.754448	1			3	1.9115	1.65079	[0.49,5.53]	0.434326	1	0.1		0.744569	1			1	1.12953	0.878947	[0.12,6.59]	1	1	0.1		0.374865	1			4	2.31698	1.8602	[0.64,5.40]	0.284988	1	0.1		0.835897	1			9	3.15688	3.69	[1.69,8.06]	0.00275241	1	0.1		0.999355	1			2	2.28801	0.863254	[0.20,3.66]	1	1	0.1		0.27631	1			7	7.58809	0.901149	[0.39,2.08]	1	1	0.1		0.163212	1			6	2.05632	3.51385	[1.41,8.74]	0.0139436	1	0.1		0.996757	1		
45	3		0	0.159292	0	[0.00,0.00]	1	1	0.1		1	1			0	0.166533	0	[0.00,0.00]	1	1	0.1		1	1			0	0.504425	0	[0.00,0.00]	1	1	0.1		1	1			0	0.2679	0	[0.00,0.00]	1	1	0.1		1	1			0	0.159292	0	[0.00,0.00]	1	1	0.1		1	1			0	0.0941271	0	[0.00,0.00]	1	1	0.1		1	1			0	0.193081	0	[0.00,0.00]	1	1	0.1		1	1			0	0.263073	0	[0.00,0.00]	1	1	0.1		1	1			0	0.190668	0	[0.00,0.00]	1	1	0.1		1	1			0	0.632341	0	[0.00,0.00]	1	1	0.1		1	1			0	0.17136	0	[0.00,0.00]	1	1	0.1		1	1		
46	3		0	0.159292	0	[0.00,0.00]	1	1	0.1		1	1			0	0.166533	0	[0.00,0.00]	1	1	0.1		1	1			0	0.504425	0	[0.00,0.00]	1	1	0.1		1	1			0	0.2679	0	[0.00,0.00]	1	1	0.1		1	1			0	0.159292	0	[0.00,0.00]	1	1	0.1		1	1			0	0.0941271	0	[0.00,0.00]	1	1	0.1		1	1			0	0.193081	0	[0.00,0.00]	1	1	0.1		1	1			0	0.263073	0	[0.00,0.00]	1	1	0.1		1	1			1	0.190668	7.44872	[0.67,83.05]	0.178941	1	0.1		0.988521	1			0	0.632341	0	[0.00,0.00]	1	1	0.1		1	1			1	0.17136	8.35714	[0.75,93.29]	0.161881	1	0.1		0.9907	1		
47	18		1	0.955752	1.04977	[0.14,8.01]	1	1	0.1		0.380915	1			2	0.999195	2.16045	[0.49,9.59]	0.263675	1	0.1		0.9266	1			2	3.02655	0.614734	[0.14,2.69]	0.753056	1	0.1		0.474875	1			1	1.6074	0.596257	[0.08,4.52]	1	1	0.1		0.328687	1			1	0.955752	1.04977	[0.14,8.01]	1	1	0.1		0.380915	1			0	0.564763	0	[0.00,0.00]	1	1	0.1		1	1			1	1.15849	0.853313	[0.11,6.50]	1	1	0.1		0.3762	1			0	1.57844	0	[0.00,0.00]	1	1	0.1		1	1			1	1.14401	0.865008	[0.11,6.59]	1	1	0.1		0.377004	1			2	3.79405	0.463942	[0.11,2.03]	0.393107	1	0.1		0.760411	1			0	1.02816	0	[0.00,0.00]	1	1	0.1		1	1		
48	4		0	0.212389	0	[0.00,0.00]	1	1	0.1		1	1			0	0.222043	0	[0.00,0.00]	1	1	0.1		1	1			2	0.672566	4.98551	[0.70,35.60]	0.133719	1	0.1		0.983553	1			1	0.3572	3.42121	[0.35,33.17]	0.312464	1	0.1		0.957922	1			0	0.212389	0	[0.00,0.00]	1	1	0.1		1	1			0	0.125503	0	[0.00,0.00]	1	1	0.1		1	1			0	0.257442	0	[0.00,0.00]	1	1	0.1		1	1			0	0.350764	0	[0.00,0.00]	1	1	0.1		1	1			0	0.254224	0	[0.00,0.00]	1	1	0.1		1	1			1	0.843121	1.24904	[0.13,12.06]	1	1	0.1		0.415196	1			1	0.228479	5.56667	[0.57,54.21]	0.20987	1	0.1		0.982087	1		
49	9		0	0.477876	0	[0.00,0.00]	1	1	0.1		1	1			0	0.499598	0	[0.00,0.00]	1	1	0.1		1	1			1	1.51327	0.616587	[0.08,4.96]	1	1	0.1		0.347641	1			3	0.803701	5.21296	[1.29,21.14]	0.0390761	1	0.1		0.994661	1			0	0.477876	0	[0.00,0.00]	1	1	0.1		1	1			1	0.282381	3.93421	[0.48,32.25]	0.250125	1	0.1		0.969947	1			0	0.579244	0	[0.00,0.00]	1	1	0.1		1	1			0	0.78922	0	[0.00,0.00]	1	1	0.1		1	1			0	0.572003	0	[0.00,0.00]	1	1	0.1		1	1			1	1.89702	0.465996	[0.06,3.74]	0.69382	1	0.1		0.59183	1			0	0.514079	0	[0.00,0.00]	1	1	0.1		1	1		
50	10		0	0.530973	0	[0.00,0.00]	1	1	0.1		1	1			0	0.555109	0	[0.00,0.00]	1	1	0.1		1	1			0	1.68142	0	[0.00,0.00]	1	1	0.1		1	1			0	0.893001	0	[0.00,0.00]	1	1	0.1		1	1			0	0.530973	0	[0.00,0.00]	1	1	0.1		1	1			0	0.313757	0	[0.00,0.00]	1	1	0.1		1	1			0	0.643604	0	[0.00,0.00]	1	1	0.1		1	1			0	0.876911	0	[0.00,0.00]	1	1	0.1		1	1			1	0.635559	1.6453	[0.21,13.15]	0.482696	1	0.1		0.871131	1			1	2.1078	0.413793	[0.05,3.28]	0.697914	1	0.1		0.552345	1			0	0.571199	0	[0.00,0.00]	1	1	0.1		1	1		
51	11		1	0.584071	1.79538	[0.23,14.24]	0.452638	1	0.1		0.887881	1			0	0.610619	0	[0.00,0.00]	1	1	0.1		1	1			4	1.84956	2.86272	[0.83,9.87]	0.0971796	1	0.1		0.975173	1			0	0.982301	0	[0.00,0.00]	1	1	0.1		1	1			1	0.584071	1.79538	[0.23,14.24]	0.452638	1	0.1		0.887881	1			0	0.345133	0	[0.00,0.00]	1	1	0.1		1	1			3	0.707965	5.625	[1.46,21.63]	0.0290966	1	0.1		0.996286	1			0	0.964602	0	[0.00,0.00]	1	1	0.1		1	1			0	0.699115	0	[0.00,0.00]	1	1	0.1		1	1			1	2.31858	0.372031	[0.05,2.92]	0.475072	1	0.1		0.741941	1			0	0.628319	0	[0.00,0.00]	1	1	0.1		1	1		
52	14		0	0.743363	0	[0.00,0.00]	1	1	0.1		1	1			0	0.777152	0	[0.00,0.00]	1	1	0.1		1	1			2	2.35398	0.822866	[0.18,3.70]	1	1	0.1		0.283784	1			1	1.2502	0.782517	[0.10,6.04]	1	1	0.1		0.372163	1			0	0.743363	0	[0.00,0.00]	1	1	0.1		1	1			0	0.43926	0	[0.00,0.00]	1	1	0.1		1	1			0	0.901046	0	[0.00,0.00]	1	1	0.1		1	1			0	1.22767	0	[0.00,0.00]	1	1	0.1		1	1			0	0.889783	0	[0.00,0.00]	1	1	0.1		1	1			1	2.95093	0.285293	[0.04,2.19]	0.323685	1	0.1		0.811448	1			1	0.799678	1.27363	[0.16,9.88]	0.563031	1	0.1		0.811728	1		
53	15		1	0.79646	1.27802	[0.17,9.87]	0.560958	1	0.1		0.812775	1			1	0.832663	1.21849	[0.16,9.40]	0.577545	1	0.1		0.799388	1			4	2.52212	1.81463	[0.57,5.75]	0.297779	1	0.1		0.846595	1			1	1.3395	0.725974	[0.09,5.57]	1	1	0.1		0.363057	1			1	0.79646	1.27802	[0.17,9.87]	0.560958	1	0.1		0.812775	1			0	0.470636	0	[0.00,0.00]	1	1	0.1		1	1			1	0.965406	1.03888	[0.13,8.00]	1	1	0.1		0.382777	1			2	1.31537	1.61179	[0.36,7.24]	0.384147	1	0.1		0.862338	1			4	0.953339	5.5903	[1.74,17.98]	0.0120536	1	0.1		0.998341	1			4	3.16171	1.36716	[0.43,4.33]	0.53451	1	0.1		0.665953	1			0	0.856798	0	[0.00,0.00]	1	1	0.1		1	1		
54	28		2	1.48673	1.38341	[0.32,5.96]	0.657206	1	0.1		0.604134	1			1	1.5543	0.624728	[0.08,4.67]	1	1	0.1		0.334254	1			2	4.70796	0.374582	[0.09,1.59]	0.207347	1	0.1		0.880446	1			4	2.5004	1.72586	[0.59,5.07]	0.306404	1	0.1		0.83238	1			2	1.48673	1.38341	[0.32,5.96]	0.657206	1	0.1		0.604134	1			2	0.87852	2.44906	[0.56,10.71]	0.218256	1	0.1		0.945586	1			2	1.80209	1.1213	[0.26,4.81]	0.700302	1	0.1		0.580814	1			3	2.45535	1.25547	[0.37,4.23]	0.730391	1	0.1		0.495053	1			0	1.77957	0	[0.00,0.00]	1	1	0.1		1	1			4	5.90185	0.618217	[0.21,1.80]	0.485584	1	0.1		0.652195	1			0	1.59936	0	[0.00,0.00]	1	1	0.1		1	1		
55	15		0	0.79646	0	[0.00,0.00]	1	1	0.1		1	1			1	0.832663	1.21849	[0.16,9.40]	0.577545	1	0.1		0.799388	1			2	2.52212	0.758826	[0.17,3.39]	1	1	0.1		0.272292	1			3	1.3395	2.59259	[0.72,9.33]	0.143336	1	0.1		0.962022	1			0	0.79646	0	[0.00,0.00]	1	1	0.1		1	1			0	0.470636	0	[0.00,0.00]	1	1	0.1		1	1			2	0.965406	2.26824	[0.50,10.23]	0.250714	1	0.1		0.933352	1			1	1.31537	0.740741	[0.10,5.69]	1	1	0.1		0.365488	1			1	0.953339	1.05311	[0.14,8.11]	1	1	0.1		0.382594	1			3	3.16171	0.935328	[0.26,3.34]	1	1	0.1		0.250256	1			0	0.856798	0	[0.00,0.00]	1	1	0.1		1	1		
56	21		0	1.11504	0	[0.00,0.00]	1	1	0.1		1	1			0	1.16573	0	[0.00,0.00]	1	1	0.1		1	1			3	3.53097	0.822006	[0.24,2.82]	1	1	0.1		0.231558	1			3	1.8753	1.71914	[0.50,5.93]	0.425187	1	0.1		0.751869	1			0	1.11504	0	[0.00,0.00]	1	1	0.1		1	1			0	0.65889	0	[0.00,0.00]	1	1	0.1		1	1			0	1.35157	0	[0.00,0.00]	1	1	0.1		1	1			1	1.84151	0.515741	[0.07,3.88]	1	1	0.1		0.294175	1			0	1.33467	0	[0.00,0.00]	1	1	0.1		1	1			3	4.42639	0.619691	[0.18,2.12]	0.593745	1	0.1		0.582272	1			2	1.19952	1.75896	[0.40,7.71]	0.33971	1	0.1		0.886434	1		
57	8		1	0.424779	2.57143	[0.31,21.21]	0.354507	1	0.1		0.936793	1			0	0.444087	0	[0.00,0.00]	1	1	0.1		1	1			1	1.34513	0.705357	[0.09,5.76]	1	1	0.1		0.371599	1			1	0.714401	1.46104	[0.18,11.98]	0.527895	1	0.1		0.844754	1			1	0.424779	2.57143	[0.31,21.21]	0.354507	1	0.1		0.936793	1			0	0.251006	0	[0.00,0.00]	1	1	0.1		1	1			0	0.514883	0	[0.00,0.00]	1	1	0.1		1	1			1	0.701529	1.49074	[0.18,12.23]	0.521159	1	0.1		0.849337	1			2	0.508447	5.01299	[1.00,25.25]	0.087012	1	0.1		0.989025	1			3	1.68624	2.261	[0.54,9.52]	0.376405	1	0.1		0.784307	1			0	0.456959	0	[0.00,0.00]	1	1	0.1		1	1		
58	11		0	0.584071	0	[0.00,0.00]	1	1	0.1		1	1			0	0.610619	0	[0.00,0.00]	1	1	0.1		1	1			0	1.84956	0	[0.00,0.00]	1	1	0.1		1	1			1	0.982301	1.02	[0.13,8.04]	1	1	0.1		0.387218	1			0	0.584071	0	[0.00,0.00]	1	1	0.1		1	1			2	0.345133	7.17718	[1.50,34.39]	0.0441338	1	0.1		0.996038	1			0	0.707965	0	[0.00,0.00]	1	1	0.1		1	1			1	0.964602	1.04074	[0.13,8.21]	1	1	0.1		0.38704	1			0	0.699115	0	[0.00,0.00]	1	1	0.1		1	1			1	2.31858	0.372031	[0.05,2.92]	0.475072	1	0.1		0.741941	1			0	0.628319	0	[0.00,0.00]	1	1	0.1		1	1		
59	11		1	0.584071	1.79538	[0.23,14.24]	0.452638	1	0.1		0.887881	1			1	0.610619	1.71176	[0.22,13.57]	0.467854	1	0.1		0.879138	1			1	1.84956	0.492308	[0.06,3.87]	0.702022	1	0.1		0.591657	1			0	0.982301	0	[0.00,0.00]	1	1	0.1		1	1			1	0.584071	1.79538	[0.23,14.24]	0.452638	1	0.1		0.887881	1			0	0.345133	0	[0.00,0.00]	1	1	0.1		1	1			0	0.707965	0	[0.00,0.00]	1	1	0.1		1	1			0	0.964602	0	[0.00,0.00]	1	1	0.1		1	1			1	0.699115	1.47949	[0.19,11.71]	0.51584	1	0.1		0.848748	1			2	2.31858	0.830769	[0.18,3.87]	1	1	0.1		0.29136	1			1	0.628319	1.66	[0.21,13.15]	0.477784	1	0.1		0.873207	1		
60	24		0	1.27434	0	[0.00,0.00]	1	1	0.1		1	1			0	1.33226	0	[0.00,0.00]	1	1	0.1		1	1			4	4.0354	0.989268	[0.33,2.92]	1	1	0.1		0.215902	1			3	2.1432	1.46958	[0.43,5.01]	0.467441	1	0.1		0.736643	1			0	1.27434	0	[0.00,0.00]	1	1	0.1		1	1			1	0.753017	1.35126	[0.18,10.27]	0.538083	1	0.1		0.82801	1			1	1.54465	0.627408	[0.08,4.71]	1	1	0.1		0.335955	1			4	2.10459	2.1219	[0.71,6.32]	0.152279	1	0.1		0.947888	1			3	1.52534	2.1485	[0.63,7.36]	0.192049	1	0.1		0.939279	1			5	5.05873	0.98505	[0.36,2.66]	1	1	0.1		0.198853	1			2	1.37088	1.51515	[0.35,6.58]	0.643396	1	0.1		0.606227	1		
61	11		0	0.584071	0	[0.00,0.00]	1	1	0.1		1	1			1	0.610619	1.71176	[0.22,13.57]	0.467854	1	0.1		0.879138	1			1	1.84956	0.492308	[0.06,3.87]	0.702022	1	0.1		0.591657	1			0	0.982301	0	[0.00,0.00]	1	1	0.1		1	1			0	0.584071	0	[0.00,0.00]	1	1	0.1		1	1			0	0.345133	0	[0.00,0.00]	1	1	0.1		1	1			1	0.707965	1.45949	[0.18,11.55]	0.520416	1	0.1		0.845615	1			0	0.964602	0	[0.00,0.00]	1	1	0.1		1	1			0	0.699115	0	[0.00,0.00]	1	1	0.1		1	1			5	2.31858	3.16148	[0.96,10.44]	0.0607257	1	0.1		0.985292	1			0	0.628319	0	[0.00,0.00]	1	1	0.1		1	1		
62	14		0	0.743363	0	[0.00,0.00]	1	1	0.1		1	1			0	0.777152	0	[0.00,0.00]	1	1	0.1		1	1			4	2.35398	1.99805	[0.62,6.43]	0.272009	1	0.1		0.855061	1			1	1.2502	0.782517	[0.10,6.04]	1	1	0.1		0.372163	1			0	0.743363	0	[0.00,0.00]	1	1	0.1		1	1			0	0.43926	0	[0.00,0.00]	1	1	0.1		1	1			1	0.901046	1.11977	[0.14,8.67]	0.607972	1	0.1		0.773828	1			2	1.22767	1.74766	[0.39,7.91]	0.351282	1	0.1		0.88271	1			0	0.889783	0	[0.00,0.00]	1	1	0.1		1	1			2	2.95093	0.621154	[0.14,2.79]	0.746339	1	0.1		0.490249	1			1	0.799678	1.27363	[0.16,9.88]	0.563031	1	0.1		0.811728	1		
63	13		1	0.690265	1.49359	[0.19,11.66]	0.509735	1	0.1		0.851335	1			0	0.721641	0	[0.00,0.00]	1	1	0.1		1	1			5	2.18584	3.14338	[1.02,9.71]	0.0519322	1	0.1		0.98724	1			0	1.1609	0	[0.00,0.00]	1	1	0.1		1	1			1	0.690265	1.49359	[0.19,11.66]	0.509735	1	0.1		0.851335	1			0	0.407884	0	[0.00,0.00]	1	1	0.1		1	1			2	0.836685	2.68531	[0.58,12.33]	0.201838	1	0.1		0.954048	1			2	1.13998	1.90824	[0.42,8.72]	0.317855	1	0.1		0.901819	1			1	0.826227	1.23077	[0.16,9.59]	0.575965	1	0.1		0.802059	1			6	2.74014	3.26116	[1.09,9.79]	0.0373414	1	0.1		0.990899	1			1	0.742558	1.38095	[0.18,10.77]	0.536263	1	0.1		0.832728	1		
64	10		0	0.530973	0	[0.00,0.00]	1	1	0.1		1	1			0	0.555109	0	[0.00,0.00]	1	1	0.1		1	1			0	1.68142	0	[0.00,0.00]	1	1	0.1		1	1			0	0.893001	0	[0.00,0.00]	1	1	0.1		1	1			0	0.530973	0	[0.00,0.00]	1	1	0.1		1	1			0	0.313757	0	[0.00,0.00]	1	1	0.1		1	1			1	0.643604	1.62307	[0.20,12.97]	0.48714	1	0.1		0.868395	1			0	0.876911	0	[0.00,0.00]	1	1	0.1		1	1			1	0.635559	1.6453	[0.21,13.15]	0.482696	1	0.1		0.871131	1			3	2.1078	1.61169	[0.41,6.28]	0.447655	1	0.1		0.767382	1			0	0.571199	0	[0.00,0.00]	1	1	0.1		1	1		
65	12		0	0.637168	0	[0.00,0.00]	1	1	0.1		1	1			2	0.66613	3.47463	[0.75,16.18]	0.140014	1	0.1		0.974899	1			2	2.0177	0.989372	[0.22,4.55]	1	1	0.1		0.297494	1			1	1.0716	0.926446	[0.12,7.24]	1	1	0.1		0.384704	1			0	0.637168	0	[0.00,0.00]	1	1	0.1		1	1			0	0.376508	0	[0.00,0.00]	1	1	0.1		1	1			0	0.772325	0	[0.00,0.00]	1	1	0.1		1	1			2	1.05229	2.10093	[0.45,9.71]	0.284059	1	0.1		0.919514	1			0	0.762671	0	[0.00,0.00]	1	1	0.1		1	1			0	2.52936	0	[0.00,0.00]	1	1	0.1		1	1			1	0.685438	1.50779	[0.19,11.85]	0.507879	1	0.1		0.853264	1		
66	10		0	0.530973	0	[0.00,0.00]	1	1	0.1		1	1			1	0.555109	1.90359	[0.24,15.24]	0.436309	1	0.1		0.89755	1			2	1.68142	1.23913	[0.26,5.88]	0.678841	1	0.1		0.614147	1			1	0.893001	1.13434	[0.14,9.04]	0.608976	1	0.1		0.777521	1			0	0.530973	0	[0.00,0.00]	1	1	0.1		1	1			0	0.313757	0	[0.00,0.00]	1	1	0.1		1	1			0	0.643604	0	[0.00,0.00]	1	1	0.1		1	1			1	0.876911	1.15741	[0.15,9.22]	0.601985	1	0.1		0.783648	1			0	0.635559	0	[0.00,0.00]	1	1	0.1		1	1			2	2.1078	0.935577	[0.20,4.43]	1	1	0.1		0.302086	1			1	0.571199	1.84603	[0.23,14.78]	0.445876	1	0.1		0.892412	1		
67	13		0	0.690265	0	[0.00,0.00]	1	1	0.1		1	1			2	0.721641	3.15604	[0.69,14.53]	0.15977	1	0.1		0.968644	1			2	2.18584	0.898551	[0.20,4.08]	1	1	0.1		0.292463	1			0	1.1609	0	[0.00,0.00]	1	1	0.1		1	1			0	0.690265	0	[0.00,0.00]	1	1	0.1		1	1			1	0.407884	2.61404	[0.33,20.62]	0.340627	1	0.1		0.939827	1			0	0.836685	0	[0.00,0.00]	1	1	0.1		1	1			0	1.13998	0	[0.00,0.00]	1	1	0.1		1	1			0	0.826227	0	[0.00,0.00]	1	1	0.1		1	1			1	2.74014	0.309387	[0.04,2.39]	0.322206	1	0.1		0.837073	1			1	0.742558	1.38095	[0.18,10.77]	0.536263	1	0.1		0.832728	1		
68	27		2	1.43363	1.44	[0.33,6.21]	0.650781	1	0.1		0.605373	1			2	1.49879	1.37194	[0.32,5.91]	0.658592	1	0.1		0.604076	1			3	4.53982	0.612864	[0.18,2.05]	0.603706	1	0.1		0.564091	1			2	2.4111	0.812477	[0.19,3.48]	1	1	0.1		0.272299	1			2	1.43363	1.44	[0.33,6.21]	0.650781	1	0.1		0.605373	1			2	0.847144	2.54919	[0.58,11.16]	0.206553	1	0.1		0.950361	1			0	1.73773	0	[0.00,0.00]	1	1	0.1		1	1			4	2.36766	1.84017	[0.62,5.42]	0.288154	1	0.1		0.838079	1			3	1.71601	1.875	[0.55,6.37]	0.243336	1	0.1		0.913098	1			6	5.69107	1.07143	[0.43,2.68]	0.814491	1	0.1		0.367604	1			1	1.54224	0.62967	[0.08,4.71]	1	1	0.1		0.33591	1		
69	18		2	0.955752	2.26758	[0.51,10.08]	0.247149	1	0.1		0.934122	1			0	0.999195	0	[0.00,0.00]	1	1	0.1		1	1			6	3.02655	2.51724	[0.93,6.78]	0.101717	1	0.1		0.943756	1			2	1.6074	1.27982	[0.29,5.64]	0.671313	1	0.1		0.604065	1			2	0.955752	2.26758	[0.51,10.08]	0.247149	1	0.1		0.934122	1			0	0.564763	0	[0.00,0.00]	1	1	0.1		1	1			1	1.15849	0.853313	[0.11,6.50]	1	1	0.1		0.3762	1			3	1.57844	2.11132	[0.60,7.41]	0.204782	1	0.1		0.934523	1			1	1.14401	0.865008	[0.11,6.59]	1	1	0.1		0.377004	1			2	3.79405	0.463942	[0.11,2.03]	0.393107	1	0.1		0.760411	1			4	1.02816	4.93817	[1.58,15.41]	0.0162596	1	0.1		0.997474	1		
70	23		0	1.22124	0	[0.00,0.00]	1	1	0.1		1	1			1	1.27675	0.770053	[0.10,5.80]	1	1	0.1		0.365927	1			1	3.86726	0.221154	[0.03,1.65]	0.155913	1	0.1		0.910114	1			1	2.0539	0.458678	[0.06,3.44]	0.71447	1	0.1		0.547699	1			0	1.22124	0	[0.00,0.00]	1	1	0.1		1	1			0	0.721641	0	[0.00,0.00]	1	1	0.1		1	1			0	1.48029	0	[0.00,0.00]	1	1	0.1		1	1			0	2.01689	0	[0.00,0.00]	1	1	0.1		1	1			0	1.46179	0	[0.00,0.00]	1	1	0.1		1	1			1	4.84795	0.167015	[0.02,1.24]	0.0657707	1	0.1		0.959923	1			3	1.31376	2.54118	[0.74,8.76]	0.139599	1	0.1		0.96209	1		
71	11		3	0.584071	6.95833	[1.80,26.87]	0.0173689	1	0.1		0.998193	1			1	0.610619	1.71176	[0.22,13.57]	0.467854	1	0.1		0.879138	1			2	1.84956	1.10038	[0.24,5.13]	1	1	0.1		0.297978	1			0	0.982301	0	[0.00,0.00]	1	1	0.1		1	1			3	0.584071	6.95833	[1.80,26.87]	0.0173689	1	0.1		0.998193	1			0	0.345133	0	[0.00,0.00]	1	1	0.1		1	1			1	0.707965	1.45949	[0.18,11.55]	0.520416	1	0.1		0.845615	1			3	0.964602	3.98349	[1.04,15.24]	0.0643507	1	0.1		0.988611	1			0	0.699115	0	[0.00,0.00]	1	1	0.1		1	1			3	2.31858	1.40878	[0.37,5.35]	0.70864	1	0.1		0.524928	1			0	0.628319	0	[0.00,0.00]	1	1	0.1		1	1		
72	6		0	0.318584	0	[0.00,0.00]	1	1	0.1		1	1			0	0.333065	0	[0.00,0.00]	1	1	0.1		1	1			1	1.00885	0.989423	[0.11,8.51]	1	1	0.1		0.402824	1			0	0.5358	0	[0.00,0.00]	1	1	0.1		1	1			0	0.318584	0	[0.00,0.00]	1	1	0.1		1	1			0	0.188254	0	[0.00,0.00]	1	1	0.1		1	1			0	0.386163	0	[0.00,0.00]	1	1	0.1		1	1			0	0.526146	0	[0.00,0.00]	1	1	0.1		1	1			0	0.381335	0	[0.00,0.00]	1	1	0.1		1	1			2	1.26468	1.87885	[0.34,10.31]	0.612041	1	0.1		0.647061	1			0	0.342719	0	[0.00,0.00]	1	1	0.1		1	1		
73	7		1	0.371681	3.00256	[0.36,25.31]	0.318094	1	0.1		0.950941	1			2	0.388576	6.9791	[1.33,36.64]	0.0532175	1	0.1		0.995118	1			1	1.17699	0.823718	[0.10,6.88]	1	1	0.1		0.390938	1			1	0.625101	1.70606	[0.20,14.30]	0.481313	1	0.1		0.876608	1			1	0.371681	3.00256	[0.36,25.31]	0.318094	1	0.1		0.950941	1			0	0.21963	0	[0.00,0.00]	1	1	0.1		1	1			2	0.450523	5.93846	[1.13,31.10]	0.0695554	1	0.1		0.992553	1			0	0.613837	0	[0.00,0.00]	1	1	0.1		1	1			0	0.444891	0	[0.00,0.00]	1	1	0.1		1	1			4	1.47546	5.05426	[1.12,22.73]	0.0394557	1	0.1		0.994196	1			0	0.399839	0	[0.00,0.00]	1	1	0.1		1	1		
74	22		1	1.16814	0.846886	[0.11,6.39]	1	1	0.1		0.374236	1			1	1.22124	0.807423	[0.11,6.09]	1	1	0.1		0.370659	1			2	3.69912	0.489855	[0.11,2.11]	0.562386	1	0.1		0.601573	1			4	1.9646	2.3136	[0.77,6.96]	0.125867	1	0.1		0.960198	1			1	1.16814	0.846886	[0.11,6.39]	1	1	0.1		0.374236	1			0	0.690265	0	[0.00,0.00]	1	1	0.1		1	1			0	1.41593	0	[0.00,0.00]	1	1	0.1		1	1			3	1.9292	1.66087	[0.48,5.70]	0.433063	1	0.1		0.749902	1			1	1.39823	0.697802	[0.09,5.26]	1	1	0.1		0.354047	1			5	4.63717	1.10323	[0.40,3.02]	0.794815	1	0.1		0.402877	1			0	1.25664	0	[0.00,0.00]	1	1	0.1		1	1		
75	17		0	0.902655	0	[0.00,0.00]	1	1	0.1		1	1			0	0.943685	0	[0.00,0.00]	1	1	0.1		1	1			1	2.85841	0.305889	[0.04,2.32]	0.33422	1	0.1		0.815055	1			1	1.5181	0.634091	[0.08,4.83]	1	1	0.1		0.341024	1			0	0.902655	0	[0.00,0.00]	1	1	0.1		1	1			0	0.533387	0	[0.00,0.00]	1	1	0.1		1	1			2	1.09413	1.96239	[0.44,8.73]	0.299936	1	0.1		0.909137	1			1	1.49075	0.646991	[0.08,4.93]	1	1	0.1		0.344537	1			2	1.08045	1.98961	[0.45,8.86]	0.294709	1	0.1		0.911799	1			2	3.58327	0.495385	[0.11,2.18]	0.549134	1	0.1		0.624055	1			2	0.971038	2.23575	[0.50,9.97]	0.252931	1	0.1		0.931766	1		
76	12		0	0.637168	0	[0.00,0.00]	1	1	0.1		1	1			1	0.66613	1.55481	[0.20,12.22]	0.497658	1	0.1		0.859986	1			1	2.0177	0.447115	[0.06,3.48]	0.702506	1	0.1		0.563782	1			0	1.0716	0	[0.00,0.00]	1	1	0.1		1	1			0	0.637168	0	[0.00,0.00]	1	1	0.1		1	1			0	0.376508	0	[0.00,0.00]	1	1	0.1		1	1			2	0.772325	2.95641	[0.64,13.73]	0.177856	1	0.1		0.962971	1			0	1.05229	0	[0.00,0.00]	1	1	0.1		1	1			1	0.762671	1.34382	[0.17,10.54]	0.546886	1	0.1		0.825665	1			0	2.52936	0	[0.00,0.00]	1	1	0.1		1	1			1	0.685438	1.50779	[0.19,11.85]	0.507879	1	0.1		0.853264	1		
77	3		0	0.159292	0	[0.00,0.00]	1	1	0.1		1	1			0	0.166533	0	[0.00,0.00]	1	1	0.1		1	1			1	0.504425	2.48077	[0.22,27.49]	0.424645	1	0.1		0.924917	1			0	0.2679	0	[0.00,0.00]	1	1	0.1		1	1			0	0.159292	0	[0.00,0.00]	1	1	0.1		1	1			0	0.0941271	0	[0.00,0.00]	1	1	0.1		1	1			0	0.193081	0	[0.00,0.00]	1	1	0.1		1	1			0	0.263073	0	[0.00,0.00]	1	1	0.1		1	1			0	0.190668	0	[0.00,0.00]	1	1	0.1		1	1			1	0.632341	1.87548	[0.17,20.76]	0.508738	1	0.1		0.885677	1			0	0.17136	0	[0.00,0.00]	1	1	0.1		1	1		
78	18		3	0.955752	3.68889	[1.04,13.07]	0.0658778	1	0.1		0.98737	1			2	0.999195	2.16045	[0.49,9.59]	0.263675	1	0.1		0.9266	1			10	3.02655	6.44472	[2.51,16.53]	0.000185768	0.348034	0.1		0.999975	1			6	1.6074	5.33333	[1.96,14.50]	0.00337289	1	0.1		0.999478	1			3	0.955752	3.68889	[1.04,13.07]	0.0658778	1	0.1		0.98737	1			3	0.564763	6.60556	[1.83,23.83]	0.0168216	1	0.1		0.998152	1			1	1.15849	0.853313	[0.11,6.50]	1	1	0.1		0.3762	1			3	1.57844	2.11132	[0.60,7.41]	0.204782	1	0.1		0.934523	1			2	1.14401	1.86364	[0.42,8.25]	0.318901	1	0.1		0.898829	1			7	3.79405	2.42068	[0.93,6.31]	0.0778907	1	0.1		0.965054	1			1	1.02816	0.970588	[0.13,7.40]	1	1	0.1		0.380974	1		
79	15		3	0.79646	4.62302	[1.27,16.80]	0.0411347	1	0.1		0.993643	1			1	0.832663	1.21849	[0.16,9.40]	0.577545	1	0.1		0.799388	1			3	2.52212	1.24029	[0.35,4.43]	0.727708	1	0.1		0.51128	1			3	1.3395	2.59259	[0.72,9.33]	0.143336	1	0.1		0.962022	1			3	0.79646	4.62302	[1.27,16.80]	0.0411347	1	0.1		0.993643	1			0	0.470636	0	[0.00,0.00]	1	1	0.1		1	1			3	0.965406	3.73701	[1.03,13.52]	0.0666479	1	0.1		0.987404	1			5	1.31537	5.40385	[1.81,16.11]	0.006959	1	0.1		0.998969	1			3	0.953339	3.78947	[1.05,13.72]	0.064621	1	0.1		0.987946	1			8	3.16171	4.38245	[1.57,12.20]	0.00566244	1	0.1		0.998911	1			0	0.856798	0	[0.00,0.00]	1	1	0.1		1	1		
80	14		0	0.743363	0	[0.00,0.00]	1	1	0.1		1	1			1	0.777152	1.31335	[0.17,10.19]	0.552416	1	0.1		0.819993	1			1	2.35398	0.377589	[0.05,2.90]	0.486526	1	0.1		0.727991	1			2	1.2502	1.71254	[0.38,7.75]	0.35985	1	0.1		0.877736	1			0	0.743363	0	[0.00,0.00]	1	1	0.1		1	1			1	0.43926	2.41093	[0.31,18.91]	0.361534	1	0.1		0.931163	1			1	0.901046	1.11977	[0.14,8.67]	0.607972	1	0.1		0.773828	1			0	1.22767	0	[0.00,0.00]	1	1	0.1		1	1			0	0.889783	0	[0.00,0.00]	1	1	0.1		1	1			0	2.95093	0	[0.00,0.00]	1	1	0.1		1	1			1	0.799678	1.27363	[0.16,9.88]	0.563031	1	0.1		0.811728	1		
81	12		0	0.637168	0	[0.00,0.00]	1	1	0.1		1	1			1	0.66613	1.55481	[0.20,12.22]	0.497658	1	0.1		0.859986	1			1	2.0177	0.447115	[0.06,3.48]	0.702506	1	0.1		0.563782	1			1	1.0716	0.926446	[0.12,7.24]	1	1	0.1		0.384704	1			0	0.637168	0	[0.00,0.00]	1	1	0.1		1	1			0	0.376508	0	[0.00,0.00]	1	1	0.1		1	1			0	0.772325	0	[0.00,0.00]	1	1	0.1		1	1			0	1.05229	0	[0.00,0.00]	1	1	0.1		1	1			1	0.762671	1.34382	[0.17,10.54]	0.546886	1	0.1		0.825665	1			3	2.52936	1.25097	[0.34,4.65]	0.724154	1	0.1		0.5218	1			2	0.685438	3.36812	[0.72,15.67]	0.146736	1	0.1		0.97292	1		
82	11		1	0.584071	1.79538	[0.23,14.24]	0.452638	1	0.1		0.887881	1			1	0.610619	1.71176	[0.22,13.57]	0.467854	1	0.1		0.879138	1			3	1.84956	1.86772	[0.49,7.10]	0.408343	1	0.1		0.772012	1			1	0.982301	1.02	[0.13,8.04]	1	1	0.1		0.387218	1			1	0.584071	1.79538	[0.23,14.24]	0.452638	1	0.1		0.887881	1			0	0.345133	0	[0.00,0.00]	1	1	0.1		1	1			1	0.707965	1.45949	[0.18,11.55]	0.520416	1	0.1		0.845615	1			0	0.964602	0	[0.00,0.00]	1	1	0.1		1	1			1	0.699115	1.47949	[0.19,11.71]	0.51584	1	0.1		0.848748	1			3	2.31858	1.40878	[0.37,5.35]	0.70864	1	0.1		0.524928	1			0	0.628319	0	[0.00,0.00]	1	1	0.1		1	1		
83	22		0	1.16814	0	[0.00,0.00]	1	1	0.1		1	1			1	1.22124	0.807423	[0.11,6.09]	1	1	0.1		0.370659	1			0	3.69912	0	[0.00,0.00]	1	1	0.1		1	1			1	1.9646	0.480952	[0.06,3.61]	0.713744	1	0.1		0.561854	1			0	1.16814	0	[0.00,0.00]	1	1	0.1		1	1			0	0.690265	0	[0.00,0.00]	1	1	0.1		1	1			0	1.41593	0	[0.00,0.00]	1	1	0.1		1	1			4	1.9292	2.3619	[0.78,7.11]	0.1197	1	0.1		0.962847	1			1	1.39823	0.697802	[0.09,5.26]	1	1	0.1		0.354047	1			0	4.63717	0	[0.00,0.00]	1	1	0.1		1	1			0	1.25664	0	[0.00,0.00]	1	1	0.1		1	1		
84	18		0	0.955752	0	[0.00,0.00]	1	1	0.1		1	1			0	0.999195	0	[0.00,0.00]	1	1	0.1		1	1			2	3.02655	0.614734	[0.14,2.69]	0.753056	1	0.1		0.474875	1			0	1.6074	0	[0.00,0.00]	1	1	0.1		1	1			0	0.955752	0	[0.00,0.00]	1	1	0.1		1	1			0	0.564763	0	[0.00,0.00]	1	1	0.1		1	1			0	1.15849	0	[0.00,0.00]	1	1	0.1		1	1			1	1.57844	0.608388	[0.08,4.62]	1	1	0.1		0.332668	1			1	1.14401	0.865008	[0.11,6.59]	1	1	0.1		0.377004	1			3	3.79405	0.745946	[0.21,2.60]	0.77866	1	0.1		0.441711	1			1	1.02816	0.970588	[0.13,7.40]	1	1	0.1		0.380974	1		
85	10		0	0.530973	0	[0.00,0.00]	1	1	0.1		1	1			1	0.555109	1.90359	[0.24,15.24]	0.436309	1	0.1		0.89755	1			0	1.68142	0	[0.00,0.00]	1	1	0.1		1	1			0	0.893001	0	[0.00,0.00]	1	1	0.1		1	1			0	0.530973	0	[0.00,0.00]	1	1	0.1		1	1			0	0.313757	0	[0.00,0.00]	1	1	0.1		1	1			1	0.643604	1.62307	[0.20,12.97]	0.48714	1	0.1		0.868395	1			0	0.876911	0	[0.00,0.00]	1	1	0.1		1	1			0	0.635559	0	[0.00,0.00]	1	1	0.1		1	1			2	2.1078	0.935577	[0.20,4.43]	1	1	0.1		0.302086	1			0	0.571199	0	[0.00,0.00]	1	1	0.1		1	1		
86	10		0	0.530973	0	[0.00,0.00]	1	1	0.1		1	1			0	0.555109	0	[0.00,0.00]	1	1	0.1		1	1			1	1.68142	0.547543	[0.07,4.35]	1	1	0.1		0.321159	1			1	0.893001	1.13434	[0.14,9.04]	0.608976	1	0.1		0.777521	1			0	0.530973	0	[0.00,0.00]	1	1	0.1		1	1			0	0.313757	0	[0.00,0.00]	1	1	0.1		1	1			0	0.643604	0	[0.00,0.00]	1	1	0.1		1	1			0	0.876911	0	[0.00,0.00]	1	1	0.1		1	1			1	0.635559	1.6453	[0.21,13.15]	0.482696	1	0.1		0.871131	1			2	2.1078	0.935577	[0.20,4.43]	1	1	0.1		0.302086	1			0	0.571199	0	[0.00,0.00]	1	1	0.1		1	1		
87	17		0	0.902655	0	[0.00,0.00]	1	1	0.1		1	1			1	0.943685	1.06434	[0.14,8.15]	1	1	0.1		0.381171	1			0	2.85841	0	[0.00,0.00]	1	1	0.1		1	1			1	1.5181	0.634091	[0.08,4.83]	1	1	0.1		0.341024	1			0	0.902655	0	[0.00,0.00]	1	1	0.1		1	1			0	0.533387	0	[0.00,0.00]	1	1	0.1		1	1			2	1.09413	1.96239	[0.44,8.73]	0.299936	1	0.1		0.909137	1			1	1.49075	0.646991	[0.08,4.93]	1	1	0.1		0.344537	1			0	1.08045	0	[0.00,0.00]	1	1	0.1		1	1			1	3.58327	0.231082	[0.03,1.75]	0.225006	1	0.1		0.855119	1			0	0.971038	0	[0.00,0.00]	1	1	0.1		1	1		
88	10		2	0.530973	4.56641	[0.95,21.94]	0.094892	1	0.1		0.986875	1			1	0.555109	1.90359	[0.24,15.24]	0.436309	1	0.1		0.89755	1			4	1.68142	3.34309	[0.94,11.95]	0.0708695	1	0.1		0.984355	1			2	0.893001	2.57798	[0.54,12.29]	0.222479	1	0.1		0.947731	1			2	0.530973	4.56641	[0.95,21.94]	0.094892	1	0.1		0.986875	1			1	0.313757	3.49415	[0.43,28.28]	0.273824	1	0.1		0.96317	1			1	0.643604	1.62307	[0.20,12.97]	0.48714	1	0.1		0.868395	1			2	0.876911	2.63084	[0.55,12.55]	0.216352	1	0.1		0.950093	1			3	0.635559	6.52444	[1.65,25.74]	0.0214355	1	0.1		0.997631	1			3	2.1078	1.61169	[0.41,6.28]	0.447655	1	0.1		0.767382	1			1	0.571199	1.84603	[0.23,14.78]	0.445876	1	0.1		0.892412	1		
89	8		1	0.424779	2.57143	[0.31,21.21]	0.354507	1	0.1		0.936793	1			1	0.444087	2.45168	[0.30,20.21]	0.367591	1	0.1		0.931544	1			2	1.34513	1.65539	[0.33,8.26]	0.628401	1	0.1		0.634755	1			0	0.714401	0	[0.00,0.00]	1	1	0.1		1	1			1	0.424779	2.57143	[0.31,21.21]	0.354507	1	0.1		0.936793	1			0	0.251006	0	[0.00,0.00]	1	1	0.1		1	1			1	0.514883	2.09042	[0.25,17.20]	0.413601	1	0.1		0.911048	1			0	0.701529	0	[0.00,0.00]	1	1	0.1		1	1			1	0.508447	2.11905	[0.26,17.44]	0.409543	1	0.1		0.912988	1			1	1.68624	0.533114	[0.07,4.35]	1	1	0.1		0.321952	1			0	0.456959	0	[0.00,0.00]	1	1	0.1		1	1		
90	10		0	0.530973	0	[0.00,0.00]	1	1	0.1		1	1			0	0.555109	0	[0.00,0.00]	1	1	0.1		1	1			2	1.68142	1.23913	[0.26,5.88]	0.678841	1	0.1		0.614147	1			1	0.893001	1.13434	[0.14,9.04]	0.608976	1	0.1		0.777521	1			0	0.530973	0	[0.00,0.00]	1	1	0.1		1	1			0	0.313757	0	[0.00,0.00]	1	1	0.1		1	1			0	0.643604	0	[0.00,0.00]	1	1	0.1		1	1			0	0.876911	0	[0.00,0.00]	1	1	0.1		1	1			0	0.635559	0	[0.00,0.00]	1	1	0.1		1	1			2	2.1078	0.935577	[0.20,4.43]	1	1	0.1		0.302086	1			1	0.571199	1.84603	[0.23,14.78]	0.445876	1	0.1		0.892412	1		
91	8		1	0.424779	2.57143	[0.31,21.21]	0.354507	1	0.1		0.936793	1			0	0.444087	0	[0.00,0.00]	1	1	0.1		1	1			3	1.34513	2.99709	[0.71,12.64]	0.136996	1	0.1		0.96888	1			1	0.714401	1.46104	[0.18,11.98]	0.527895	1	0.1		0.844754	1			1	0.424779	2.57143	[0.31,21.21]	0.354507	1	0.1		0.936793	1			0	0.251006	0	[0.00,0.00]	1	1	0.1		1	1			0	0.514883	0	[0.00,0.00]	1	1	0.1		1	1			0	0.701529	0	[0.00,0.00]	1	1	0.1		1	1			2	0.508447	5.01299	[1.00,25.25]	0.087012	1	0.1		0.989025	1			2	1.68624	1.25	[0.25,6.23]	0.678048	1	0.1		0.623595	1			0	0.456959	0	[0.00,0.00]	1	1	0.1		1	1		
