C	Cn	GO:0000165	actual overlap	expected overlap	OR	95% CI	p-value	p.adjusted	{p_value}	BC	p-value(ALT)	p.adjusted(ALT)	BC(ALT)	GO:0001504	actual overlap	expected overlap	OR	95% CI	p-value	p.adjusted	{p_value}	BC	p-value(ALT)	p.adjusted(ALT)	BC(ALT)	GO:0002218	actual overlap	expected overlap	OR	95% CI	p-value	p.adjusted	{p_value}	BC	p-value(ALT)	p.adjusted(ALT)	BC(ALT)	GO:0002224	actual overlap	expected overlap	OR	95% CI	p-value	p.adjusted	{p_value}	BC	p-value(ALT)	p.adjusted(ALT)	BC(ALT)	GO:0002431	actual overlap	expected overlap	OR	95% CI	p-value	p.adjusted	{p_value}	BC	p-value(ALT)	p.adjusted(ALT)	BC(ALT)	GO:0002757	actual overlap	expected overlap	OR	95% CI	p-value	p.adjusted	{p_value}	BC	p-value(ALT)	p.adjusted(ALT)	BC(ALT)	GO:0002758	actual overlap	expected overlap	OR	95% CI	p-value	p.adjusted	{p_value}	BC	p-value(ALT)	p.adjusted(ALT)	BC(ALT)	GO:0007212	actual overlap	expected overlap	OR	95% CI	p-value	p.adjusted	{p_value}	BC	p-value(ALT)	p.adjusted(ALT)	BC(ALT)	GO:0007223	actual overlap	expected overlap	OR	95% CI	p-value	p.adjusted	{p_value}	BC	p-value(ALT)	p.adjusted(ALT)	BC(ALT)	GO:0007268	actual overlap	expected overlap	OR	95% CI	p-value	p.adjusted	{p_value}	BC	p-value(ALT)	p.adjusted(ALT)	BC(ALT)	GO:0007269	actual overlap	expected overlap	OR	95% CI	p-value	p.adjusted	{p_value}	BC	p-value(ALT)	p.adjusted(ALT)	BC(ALT)	GO:0007411	actual overlap	expected overlap	OR	95% CI	p-value	p.adjusted	{p_value}	BC	p-value(ALT)	p.adjusted(ALT)	BC(ALT)	GO:0007416	actual overlap	expected overlap	OR	95% CI	p-value	p.adjusted	{p_value}	BC	p-value(ALT)	p.adjusted(ALT)	BC(ALT)	GO:0008088	actual overlap	expected overlap	OR	95% CI	p-value	p.adjusted	{p_value}	BC	p-value(ALT)	p.adjusted(ALT)	BC(ALT)	GO:0008089	actual overlap	expected overlap	OR	95% CI	p-value	p.adjusted	{p_value}	BC	p-value(ALT)	p.adjusted(ALT)	BC(ALT)	GO:0009755	actual overlap	expected overlap	OR	95% CI	p-value	p.adjusted	{p_value}	BC	p-value(ALT)	p.adjusted(ALT)	BC(ALT)	GO:0010611	actual overlap	expected overlap	OR	95% CI	p-value	p.adjusted	{p_value}	BC	p-value(ALT)	p.adjusted(ALT)	BC(ALT)	GO:0010737	actual overlap	expected overlap	OR	95% CI	p-value	p.adjusted	{p_value}	BC	p-value(ALT)	p.adjusted(ALT)	BC(ALT)	GO:0016079	actual overlap	expected overlap	OR	95% CI	p-value	p.adjusted	{p_value}	BC	p-value(ALT)	p.adjusted(ALT)	BC(ALT)	GO:0016082	actual overlap	expected overlap	OR	95% CI	p-value	p.adjusted	{p_value}	BC	p-value(ALT)	p.adjusted(ALT)	BC(ALT)	GO:0019722	actual overlap	expected overlap	OR	95% CI	p-value	p.adjusted	{p_value}	BC	p-value(ALT)	p.adjusted(ALT)	BC(ALT)	GO:0019933	actual overlap	expected overlap	OR	95% CI	p-value	p.adjusted	{p_value}	BC	p-value(ALT)	p.adjusted(ALT)	BC(ALT)	GO:0031629	actual overlap	expected overlap	OR	95% CI	p-value	p.adjusted	{p_value}	BC	p-value(ALT)	p.adjusted(ALT)	BC(ALT)	GO:0031929	actual overlap	expected overlap	OR	95% CI	p-value	p.adjusted	{p_value}	BC	p-value(ALT)	p.adjusted(ALT)	BC(ALT)	GO:0032288	actual overlap	expected overlap	OR	95% CI	p-value	p.adjusted	{p_value}	BC	p-value(ALT)	p.adjusted(ALT)	BC(ALT)	GO:0035235	actual overlap	expected overlap	OR	95% CI	p-value	p.adjusted	{p_value}	BC	p-value(ALT)	p.adjusted(ALT)	BC(ALT)	GO:0042417	actual overlap	expected overlap	OR	95% CI	p-value	p.adjusted	{p_value}	BC	p-value(ALT)	p.adjusted(ALT)	BC(ALT)	GO:0042552	actual overlap	expected overlap	OR	95% CI	p-value	p.adjusted	{p_value}	BC	p-value(ALT)	p.adjusted(ALT)	BC(ALT)	GO:0043491	actual overlap	expected overlap	OR	95% CI	p-value	p.adjusted	{p_value}	BC	p-value(ALT)	p.adjusted(ALT)	BC(ALT)	GO:0046058	actual overlap	expected overlap	OR	95% CI	p-value	p.adjusted	{p_value}	BC	p-value(ALT)	p.adjusted(ALT)	BC(ALT)	GO:0048488	actual overlap	expected overlap	OR	95% CI	p-value	p.adjusted	{p_value}	BC	p-value(ALT)	p.adjusted(ALT)	BC(ALT)	GO:0048791	actual overlap	expected overlap	OR	95% CI	p-value	p.adjusted	{p_value}	BC	p-value(ALT)	p.adjusted(ALT)	BC(ALT)	GO:0048846	actual overlap	expected overlap	OR	95% CI	p-value	p.adjusted	{p_value}	BC	p-value(ALT)	p.adjusted(ALT)	BC(ALT)	GO:0050804	actual overlap	expected overlap	OR	95% CI	p-value	p.adjusted	{p_value}	BC	p-value(ALT)	p.adjusted(ALT)	BC(ALT)	GO:0050807	actual overlap	expected overlap	OR	95% CI	p-value	p.adjusted	{p_value}	BC	p-value(ALT)	p.adjusted(ALT)	BC(ALT)	GO:0050808	actual overlap	expected overlap	OR	95% CI	p-value	p.adjusted	{p_value}	BC	p-value(ALT)	p.adjusted(ALT)	BC(ALT)	GO:0050852	actual overlap	expected overlap	OR	95% CI	p-value	p.adjusted	{p_value}	BC	p-value(ALT)	p.adjusted(ALT)	BC(ALT)	GO:0050853	actual overlap	expected overlap	OR	95% CI	p-value	p.adjusted	{p_value}	BC	p-value(ALT)	p.adjusted(ALT)	BC(ALT)	GO:0051403	actual overlap	expected overlap	OR	95% CI	p-value	p.adjusted	{p_value}	BC	p-value(ALT)	p.adjusted(ALT)	BC(ALT)	GO:0051591	actual overlap	expected overlap	OR	95% CI	p-value	p.adjusted	{p_value}	BC	p-value(ALT)	p.adjusted(ALT)	BC(ALT)	GO:0051963	actual overlap	expected overlap	OR	95% CI	p-value	p.adjusted	{p_value}	BC	p-value(ALT)	p.adjusted(ALT)	BC(ALT)	GO:0055074	actual overlap	expected overlap	OR	95% CI	p-value	p.adjusted	{p_value}	BC	p-value(ALT)	p.adjusted(ALT)	BC(ALT)	GO:0060074	actual overlap	expected overlap	OR	95% CI	p-value	p.adjusted	{p_value}	BC	p-value(ALT)	p.adjusted(ALT)	BC(ALT)	GO:0060078	actual overlap	expected overlap	OR	95% CI	p-value	p.adjusted	{p_value}	BC	p-value(ALT)	p.adjusted(ALT)	BC(ALT)	GO:0060563	actual overlap	expected overlap	OR	95% CI	p-value	p.adjusted	{p_value}	BC	p-value(ALT)	p.adjusted(ALT)	BC(ALT)	GO:0070528	actual overlap	expected overlap	OR	95% CI	p-value	p.adjusted	{p_value}	BC	p-value(ALT)	p.adjusted(ALT)	BC(ALT)	GO:0086065	actual overlap	expected overlap	OR	95% CI	p-value	p.adjusted	{p_value}	BC	p-value(ALT)	p.adjusted(ALT)	BC(ALT)	GO:0098693	actual overlap	expected overlap	OR	95% CI	p-value	p.adjusted	{p_value}	BC	p-value(ALT)	p.adjusted(ALT)	BC(ALT)	GO:0098877	actual overlap	expected overlap	OR	95% CI	p-value	p.adjusted	{p_value}	BC	p-value(ALT)	p.adjusted(ALT)	BC(ALT)	GO:0098930	actual overlap	expected overlap	OR	95% CI	p-value	p.adjusted	{p_value}	BC	p-value(ALT)	p.adjusted(ALT)	BC(ALT)	GO:0099003	actual overlap	expected overlap	OR	95% CI	p-value	p.adjusted	{p_value}	BC	p-value(ALT)	p.adjusted(ALT)	BC(ALT)	GO:0099054	actual overlap	expected overlap	OR	95% CI	p-value	p.adjusted	{p_value}	BC	p-value(ALT)	p.adjusted(ALT)	BC(ALT)	GO:0099072	actual overlap	expected overlap	OR	95% CI	p-value	p.adjusted	{p_value}	BC	p-value(ALT)	p.adjusted(ALT)	BC(ALT)	GO:0099504	actual overlap	expected overlap	OR	95% CI	p-value	p.adjusted	{p_value}	BC	p-value(ALT)	p.adjusted(ALT)	BC(ALT)	GO:0099531	actual overlap	expected overlap	OR	95% CI	p-value	p.adjusted	{p_value}	BC	p-value(ALT)	p.adjusted(ALT)	BC(ALT)	GO:0099536	actual overlap	expected overlap	OR	95% CI	p-value	p.adjusted	{p_value}	BC	p-value(ALT)	p.adjusted(ALT)	BC(ALT)	GO:0099537	actual overlap	expected overlap	OR	95% CI	p-value	p.adjusted	{p_value}	BC	p-value(ALT)	p.adjusted(ALT)	BC(ALT)	GO:0099565	actual overlap	expected overlap	OR	95% CI	p-value	p.adjusted	{p_value}	BC	p-value(ALT)	p.adjusted(ALT)	BC(ALT)	GO:0099601	actual overlap	expected overlap	OR	95% CI	p-value	p.adjusted	{p_value}	BC	p-value(ALT)	p.adjusted(ALT)	BC(ALT)	GO:0099637	actual overlap	expected overlap	OR	95% CI	p-value	p.adjusted	{p_value}	BC	p-value(ALT)	p.adjusted(ALT)	BC(ALT)	GO:0099643	actual overlap	expected overlap	OR	95% CI	p-value	p.adjusted	{p_value}	BC	p-value(ALT)	p.adjusted(ALT)	BC(ALT)	GO:2000300	actual overlap	expected overlap	OR	95% CI	p-value	p.adjusted	{p_value}	BC	p-value(ALT)	p.adjusted(ALT)	BC(ALT)	
1	256	122	27	25.1263	1.10706	[0.70,1.74]	0.355039	1	0.1		0.444552	1		8	1	1.64763	0.54902	[0.07,4.48]	0.485455	1	0.1		0.328339	1		43	8	8.85599	0.877419	[0.40,1.92]	0.459683	1	0.1		0.148741	1		10	0	2.05953	0	[0.00,0.00]	1	1	0.1		1	1		25	8	5.14883	1.84061	[0.79,4.31]	0.153557	1	0.1		0.862157	1		72	15	14.8286	1.01551	[0.57,1.82]	0.58957	1	0.1		0.118451	1		42	8	8.65004	0.904175	[0.41,1.98]	0.491188	1	0.1		0.152573	1		14	3	2.88335	1.0521	[0.29,3.80]	0.678029	1	0.1		0.253065	1		8	3	1.64763	2.32885	[0.55,9.81]	0.154531	1	0.1		0.938704	1		124	30	25.5382	1.26106	[0.82,1.95]	0.169794	1	0.1		0.758689	1		36	5	7.41432	0.614317	[0.24,1.60]	0.215976	1	0.1		0.109354	1		40	15	8.23813	2.39502	[1.24,4.61]	0.0115684	1	0.1		0.990843	1		16	6	3.29525	2.3448	[0.84,6.51]	0.0847766	1	0.1		0.945559	1		11	1	2.26549	0.383137	[0.05,3.01]	0.303654	1	0.1		0.225439	1		6	0	1.23572	0	[0.00,0.00]	1	1	0.1		1	1		14	0	2.88335	0	[0.00,0.00]	1	1	0.1		1	1		10	3	2.05953	1.66008	[0.43,6.47]	0.308027	1	0.1		0.77055	1		5	0	1.02977	0	[0.00,0.00]	1	1	0.1		1	1		26	2	5.35479	0.315945	[0.07,1.35]	0.0716009	1	0.1		0.0532039	1		10	0	2.05953	0	[0.00,0.00]	1	1	0.1		1	1		30	10	6.1786	1.96545	[0.91,4.25]	0.0762062	1	0.1		0.934334	1		9	1	1.85358	0.479902	[0.06,3.85]	0.41766	1	0.1		0.293113	1		7	0	1.44167	0	[0.00,0.00]	1	1	0.1		1	1		10	3	2.05953	1.66008	[0.43,6.47]	0.308027	1	0.1		0.77055	1		5	3	1.02977	5.83992	[0.97,35.14]	0.0548214	1	0.1		0.992607	1		6	3	1.23572	3.88933	[0.78,19.39]	0.0872361	1	0.1		0.981404	1		7	3	1.44167	2.91403	[0.65,13.10]	0.121439	1	0.1		0.963562	1		23	7	4.73693	1.70607	[0.69,4.19]	0.213173	1	0.1		0.802458	1		20	9	4.11907	3.23298	[1.33,7.89]	0.0084746	1	0.1		0.996986	1		14	2	2.88335	0.639764	[0.14,2.88]	0.424965	1	0.1		0.243101	1		14	3	2.88335	1.0521	[0.29,3.80]	0.678029	1	0.1		0.253065	1		4	0	0.823813	0	[0.00,0.00]	1	1	0.1		1	1		1	1	0.205953	0	[0.00,0.00]	0.205953	1	0.1		1	1		75	14	15.4465	0.878201	[0.48,1.60]	0.399487	1	0.1		0.110214	1		17	5	3.50121	1.61853	[0.56,4.64]	0.250213	1	0.1		0.777596	1		42	14	8.65004	1.9814	[1.03,3.82]	0.0350029	1	0.1		0.969234	1		37	7	7.62027	0.896787	[0.39,2.07]	0.495703	1	0.1		0.162234	1		4	0	0.823813	0	[0.00,0.00]	1	1	0.1		1	1		37	3	7.62027	0.332365	[0.10,1.09]	0.0355858	1	0.1		0.0255096	1		13	3	2.67739	1.1585	[0.32,4.24]	0.466918	1	0.1		0.512927	1		10	3	2.05953	1.66008	[0.43,6.47]	0.308027	1	0.1		0.77055	1		49	15	10.0917	1.74457	[0.93,3.26]	0.0721388	1	0.1		0.928216	1		4	1	0.823813	1.28627	[0.13,12.42]	0.810229	1	0.1		0.413185	1		19	7	3.91311	2.28414	[0.89,5.86]	0.0612451	1	0.1		0.961441	1		4	0	0.823813	0	[0.00,0.00]	1	1	0.1		1	1		3	0	0.61786	0	[0.00,0.00]	1	1	0.1		1	1		10	3	2.05953	1.66008	[0.43,6.47]	0.308027	1	0.1		0.77055	1		16	3	3.29525	0.888416	[0.25,3.14]	0.574178	1	0.1		0.245483	1		6	1	1.23572	0.770196	[0.09,6.62]	0.640703	1	0.1		0.390834	1		10	1	2.05953	0.426144	[0.05,3.38]	0.35709	1	0.1		0.25838	1		42	6	8.65004	0.634	[0.26,1.52]	0.205142	1	0.1		0.0988296	1		3	1	0.61786	1.93137	[0.17,21.38]	0.390113	1	0.1		0.890454	1		6	0	1.23572	0	[0.00,0.00]	1	1	0.1		1	1		38	5	7.82623	0.575878	[0.22,1.49]	0.172393	1	0.1		0.0913191	1		37	5	7.62027	0.594497	[0.23,1.54]	0.193236	1	0.1		0.100147	1		124	30	25.5382	1.26106	[0.82,1.95]	0.169794	1	0.1		0.758689	1		124	30	25.5382	1.26106	[0.82,1.95]	0.169794	1	0.1		0.758689	1		20	7	4.11907	2.10627	[0.83,5.33]	0.120266	1	0.1		0.903505	1		6	3	1.23572	3.88933	[0.78,19.39]	0.0872361	1	0.1		0.981404	1		7	1	1.44167	0.641176	[0.08,5.35]	0.560135	1	0.1		0.361977	1		36	5	7.41432	0.614317	[0.24,1.60]	0.215976	1	0.1		0.109354	1		12	2	2.47144	0.769291	[0.17,3.53]	0.53696	1	0.1		0.279968	1		
2	147	122	18	14.428	1.33095	[0.78,2.27]	0.184287	1	0.1		0.762952	1		8	1	0.946098	1.06556	[0.13,8.72]	0.757596	1	0.1		0.393348	1		43	5	5.08528	0.980356	[0.38,2.53]	0.600381	1	0.1		0.189708	1		10	0	1.18262	0	[0.00,0.00]	1	1	0.1		1	1		25	2	2.95656	0.643478	[0.15,2.76]	0.417198	1	0.1		0.232929	1		72	8	8.51488	0.928058	[0.44,1.98]	0.514914	1	0.1		0.149391	1		42	5	4.96702	1.0078	[0.39,2.61]	0.622861	1	0.1		0.190128	1		14	7	1.65567	7.77857	[2.69,22.50]	0.000420187	1	0.1		0.999949	1		8	4	0.946098	7.63636	[1.89,30.87]	0.00807969	1	0.1		0.999097	1		124	19	14.6645	1.40097	[0.83,2.36]	0.157456	1	0.1		0.81049	1		36	3	4.25744	0.671086	[0.20,2.22]	0.367139	1	0.1		0.1864	1		40	6	4.73049	1.32916	[0.55,3.22]	0.276093	1	0.1		0.686496	1		16	1	1.8922	0.493607	[0.06,3.76]	0.418413	1	0.1		0.286661	1		11	3	1.30088	2.83333	[0.74,10.80]	0.0995347	1	0.1		0.968151	1		6	2	0.709574	3.76552	[0.68,20.74]	0.126778	1	0.1		0.975243	1		14	3	1.65567	2.05492	[0.57,7.45]	0.151184	1	0.1		0.927056	1		10	4	1.18262	5.08159	[1.42,18.22]	0.0189488	1	0.1		0.996672	1		5	1	0.591311	1.86986	[0.21,16.84]	0.358337	1	0.1		0.890724	1		26	2	3.07482	0.616092	[0.14,2.63]	0.389468	1	0.1		0.222299	1		10	0	1.18262	0	[0.00,0.00]	1	1	0.1		1	1		30	5	3.54787	1.50845	[0.57,4.00]	0.255089	1	0.1		0.754423	1		9	4	1.06436	6.1035	[1.62,22.99]	0.0128595	1	0.1		0.998162	1		7	0	0.827836	0	[0.00,0.00]	1	1	0.1		1	1		10	3	1.18262	3.24107	[0.83,12.67]	0.081961	1	0.1		0.977723	1		5	0	0.591311	0	[0.00,0.00]	1	1	0.1		1	1		6	1	0.709574	1.49452	[0.17,12.88]	0.379293	1	0.1		0.848465	1		7	1	0.827836	1.24429	[0.15,10.41]	0.390281	1	0.1		0.803698	1		23	3	2.72003	1.12083	[0.33,3.82]	0.461858	1	0.1		0.491717	1		20	3	2.36525	1.3223	[0.38,4.57]	0.518567	1	0.1		0.501376	1		14	4	1.65567	3.03776	[0.94,9.81]	0.0551279	1	0.1		0.982184	1		14	4	1.65567	3.03776	[0.94,9.81]	0.0551279	1	0.1		0.982184	1		4	0	0.473049	0	[0.00,0.00]	1	1	0.1		1	1		1	0	0.118262	0	[0.00,0.00]	1	1	0.1		1	1		75	11	8.86967	1.30423	[0.67,2.53]	0.293877	1	0.1		0.641632	1		17	2	2.01046	0.994023	[0.23,4.39]	0.674235	1	0.1		0.289932	1		42	7	4.96702	1.51571	[0.66,3.48]	0.215206	1	0.1		0.779413	1		37	6	4.3757	1.46191	[0.60,3.57]	0.296008	1	0.1		0.696569	1		4	0	0.473049	0	[0.00,0.00]	1	1	0.1		1	1		37	4	4.3757	0.901038	[0.31,2.58]	0.550605	1	0.1		0.205704	1		13	2	1.53741	1.3605	[0.30,6.20]	0.46789	1	0.1		0.615191	1		10	0	1.18262	0	[0.00,0.00]	1	1	0.1		1	1		49	8	5.79485	1.48096	[0.68,3.22]	0.247937	1	0.1		0.737516	1		4	1	0.473049	2.49543	[0.26,24.15]	0.324962	1	0.1		0.929017	1		19	2	2.24698	0.875456	[0.20,3.83]	0.605903	1	0.1		0.283384	1		4	2	0.473049	7.54483	[1.05,53.97]	0.0650519	1	0.1		0.994069	1		3	0	0.354787	0	[0.00,0.00]	1	1	0.1		1	1		10	2	1.18262	1.87586	[0.39,8.92]	0.230833	1	0.1		0.895762	1		16	2	1.8922	1.06601	[0.24,4.74]	0.708518	1	0.1		0.290105	1		6	1	0.709574	1.49452	[0.17,12.88]	0.379293	1	0.1		0.848465	1		10	3	1.18262	3.24107	[0.83,12.67]	0.081961	1	0.1		0.977723	1		42	7	4.96702	1.51571	[0.66,3.48]	0.215206	1	0.1		0.779413	1		3	0	0.354787	0	[0.00,0.00]	1	1	0.1		1	1		6	2	0.709574	3.76552	[0.68,20.74]	0.126778	1	0.1		0.975243	1		38	6	4.49397	1.41489	[0.58,3.44]	0.288838	1	0.1		0.694883	1		37	4	4.3757	0.901038	[0.31,2.58]	0.550605	1	0.1		0.205704	1		124	19	14.6645	1.40097	[0.83,2.36]	0.157456	1	0.1		0.81049	1		124	19	14.6645	1.40097	[0.83,2.36]	0.157456	1	0.1		0.81049	1		20	4	2.36525	1.88811	[0.62,5.73]	0.205852	1	0.1		0.843932	1		6	2	0.709574	3.76552	[0.68,20.74]	0.126778	1	0.1		0.975243	1		7	2	0.827836	3.00966	[0.58,15.66]	0.156685	1	0.1		0.960382	1		36	3	4.25744	0.671086	[0.20,2.22]	0.367139	1	0.1		0.1864	1		12	1	1.41915	0.675592	[0.09,5.27]	0.575735	1	0.1		0.356475	1		
3	69	122	10	6.77233	1.60714	[0.80,3.23]	0.140382	1	0.1		0.855779	1		8	0	0.444087	0	[0.00,0.00]	1	1	0.1		1	1		43	8	2.38697	4.26792	[1.90,9.60]	0.00145273	1	0.1		0.999634	1		10	1	0.555109	1.90359	[0.24,15.24]	0.33386	1	0.1		0.89755	1		25	0	1.38777	0	[0.00,0.00]	1	1	0.1		1	1		72	8	3.99678	2.27459	[1.04,4.96]	0.0403674	1	0.1		0.970615	1		42	8	2.33146	4.3973	[1.95,9.91]	0.00124573	1	0.1		0.999697	1		14	0	0.777152	0	[0.00,0.00]	1	1	0.1		1	1		8	0	0.444087	0	[0.00,0.00]	1	1	0.1		1	1		124	4	6.88335	0.540513	[0.19,1.51]	0.16194	1	0.1		0.0904908	1		36	2	1.99839	1.00088	[0.24,4.26]	0.677451	1	0.1		0.282595	1		40	3	2.22043	1.39681	[0.42,4.65]	0.305821	1	0.1		0.724563	1		16	1	0.888174	1.13627	[0.15,8.73]	0.379797	1	0.1		0.778515	1		11	2	0.610619	3.86401	[0.82,18.24]	0.101268	1	0.1		0.980406	1		6	1	0.333065	3.43824	[0.40,29.84]	0.251223	1	0.1		0.960593	1		14	1	0.777152	1.31335	[0.17,10.19]	0.372409	1	0.1		0.819993	1		10	0	0.555109	0	[0.00,0.00]	1	1	0.1		1	1		5	0	0.277554	0	[0.00,0.00]	1	1	0.1		1	1		26	1	1.44328	0.675882	[0.09,5.06]	0.571245	1	0.1		0.34822	1		10	1	0.555109	1.90359	[0.24,15.24]	0.33386	1	0.1		0.89755	1		30	1	1.66533	0.580629	[0.08,4.33]	0.495683	1	0.1		0.319149	1		9	1	0.499598	2.14338	[0.26,17.39]	0.317997	1	0.1		0.915073	1		7	0	0.388576	0	[0.00,0.00]	1	1	0.1		1	1		10	1	0.555109	1.90359	[0.24,15.24]	0.33386	1	0.1		0.89755	1		5	1	0.277554	4.30147	[0.47,39.01]	0.22152	1	0.1		0.97276	1		6	0	0.333065	0	[0.00,0.00]	1	1	0.1		1	1		7	1	0.388576	2.86275	[0.34,24.12]	0.276981	1	0.1		0.946782	1		23	1	1.27675	0.770053	[0.10,5.80]	0.631552	1	0.1		0.365927	1		20	0	1.11022	0	[0.00,0.00]	1	1	0.1		1	1		14	0	0.777152	0	[0.00,0.00]	1	1	0.1		1	1		14	3	0.777152	4.80579	[1.31,17.64]	0.0326431	1	0.1		0.994292	1		4	0	0.222043	0	[0.00,0.00]	1	1	0.1		1	1		1	0	0.0555109	0	[0.00,0.00]	1	1	0.1		1	1		75	2	4.16331	0.450215	[0.11,1.87]	0.197987	1	0.1		0.129351	1		17	1	0.943685	1.06434	[0.14,8.15]	0.757467	1	0.1		0.381171	1		42	1	2.33146	0.406385	[0.06,3.00]	0.309998	1	0.1		0.222866	1		37	7	2.0539	4.30538	[1.82,10.19]	0.00260251	1	0.1		0.999366	1		4	0	0.222043	0	[0.00,0.00]	1	1	0.1		1	1		37	2	2.0539	0.971429	[0.23,4.13]	0.661765	1	0.1		0.28216	1		13	0	0.721641	0	[0.00,0.00]	1	1	0.1		1	1		10	1	0.555109	1.90359	[0.24,15.24]	0.33386	1	0.1		0.89755	1		49	1	2.72003	0.344975	[0.05,2.54]	0.230242	1	0.1		0.17272	1		4	0	0.222043	0	[0.00,0.00]	1	1	0.1		1	1		19	1	1.05471	0.944444	[0.12,7.18]	0.715165	1	0.1		0.380049	1		4	1	0.222043	5.7402	[0.59,55.92]	0.187507	1	0.1		0.983051	1		3	0	0.166533	0	[0.00,0.00]	1	1	0.1		1	1		10	0	0.555109	0	[0.00,0.00]	1	1	0.1		1	1		16	0	0.888174	0	[0.00,0.00]	1	1	0.1		1	1		6	0	0.333065	0	[0.00,0.00]	1	1	0.1		1	1		10	2	0.555109	4.35075	[0.91,20.89]	0.0876167	1	0.1		0.985167	1		42	3	2.33146	1.32284	[0.40,4.39]	0.302763	1	0.1		0.712462	1		3	1	0.166533	8.61765	[0.77,96.23]	0.148789	1	0.1		0.99121	1		6	0	0.333065	0	[0.00,0.00]	1	1	0.1		1	1		38	3	2.10941	1.47922	[0.44,4.94]	0.3089	1	0.1		0.734304	1		37	2	2.0539	0.971429	[0.23,4.13]	0.661765	1	0.1		0.28216	1		124	4	6.88335	0.540513	[0.19,1.51]	0.16194	1	0.1		0.0904908	1		124	4	6.88335	0.540513	[0.19,1.51]	0.16194	1	0.1		0.0904908	1		20	1	1.11022	0.893963	[0.12,6.78]	0.694051	1	0.1		0.377826	1		6	0	0.333065	0	[0.00,0.00]	1	1	0.1		1	1		7	0	0.388576	0	[0.00,0.00]	1	1	0.1		1	1		36	2	1.99839	1.00088	[0.24,4.26]	0.677451	1	0.1		0.282595	1		12	0	0.66613	0	[0.00,0.00]	1	1	0.1		1	1		
4	161	122	12	15.8021	0.711653	[0.38,1.32]	0.174965	1	0.1		0.0672529	1		8	0	1.0362	0	[0.00,0.00]	1	1	0.1		1	1		43	7	5.56959	1.32071	[0.58,3.02]	0.305448	1	0.1		0.647461	1		10	4	1.29525	4.569	[1.28,16.37]	0.0253282	1	0.1		0.994989	1		25	2	3.23813	0.579163	[0.14,2.48]	0.351831	1	0.1		0.207381	1		72	10	9.32582	1.08951	[0.55,2.17]	0.532089	1	0.1		0.279085	1		42	6	5.44006	1.12473	[0.47,2.71]	0.51813	1	0.1		0.356753	1		14	0	1.81335	0	[0.00,0.00]	1	1	0.1		1	1		8	0	1.0362	0	[0.00,0.00]	1	1	0.1		1	1		124	12	16.0611	0.697507	[0.38,1.30]	0.15743	1	0.1		0.0620238	1		36	2	4.66291	0.387717	[0.09,1.63]	0.133873	1	0.1		0.0928454	1		40	4	5.18101	0.740269	[0.26,2.11]	0.392282	1	0.1		0.175797	1		16	0	2.07241	0	[0.00,0.00]	1	1	0.1		1	1		11	1	1.42478	0.67	[0.09,5.27]	0.572826	1	0.1		0.356833	1		6	1	0.777152	1.34625	[0.16,11.60]	0.389508	1	0.1		0.823772	1		14	0	1.81335	0	[0.00,0.00]	1	1	0.1		1	1		10	1	1.29525	0.745139	[0.09,5.92]	0.621198	1	0.1		0.372765	1		5	0	0.647627	0	[0.00,0.00]	1	1	0.1		1	1		26	2	3.36766	0.554507	[0.13,2.37]	0.324759	1	0.1		0.195335	1		10	1	1.29525	0.745139	[0.09,5.92]	0.621198	1	0.1		0.372765	1		30	3	3.88576	0.741913	[0.22,2.47]	0.441706	1	0.1		0.209906	1		9	1	1.16573	0.839063	[0.10,6.75]	0.671177	1	0.1		0.385468	1		7	0	0.906677	0	[0.00,0.00]	1	1	0.1		1	1		10	0	1.29525	0	[0.00,0.00]	1	1	0.1		1	1		5	0	0.647627	0	[0.00,0.00]	1	1	0.1		1	1		6	1	0.777152	1.34625	[0.16,11.60]	0.389508	1	0.1		0.823772	1		7	0	0.906677	0	[0.00,0.00]	1	1	0.1		1	1		23	2	2.97908	0.63552	[0.15,2.74]	0.410589	1	0.1		0.231265	1		20	0	2.59051	0	[0.00,0.00]	1	1	0.1		1	1		14	3	1.81335	1.84868	[0.51,6.70]	0.314474	1	0.1		0.762411	1		14	1	1.81335	0.513942	[0.07,3.96]	0.440931	1	0.1		0.299085	1		4	0	0.518101	0	[0.00,0.00]	1	1	0.1		1	1		1	0	0.129525	0	[0.00,0.00]	1	1	0.1		1	1		75	7	9.7144	0.677807	[0.31,1.50]	0.220528	1	0.1		0.0967739	1		17	0	2.20193	0	[0.00,0.00]	1	1	0.1		1	1		42	1	5.44006	0.158689	[0.02,1.16]	0.0198932	1	0.1		0.0172393	1		37	3	4.79244	0.585257	[0.18,1.93]	0.272488	1	0.1		0.150845	1		4	1	0.518101	2.24792	[0.23,21.74]	0.342434	1	0.1		0.916169	1		37	8	4.79244	1.89858	[0.85,4.23]	0.0904111	1	0.1		0.923075	1		13	1	1.68383	0.557292	[0.07,4.32]	0.482459	1	0.1		0.31925	1		10	0	1.29525	0	[0.00,0.00]	1	1	0.1		1	1		49	5	6.34674	0.756119	[0.30,1.94]	0.373598	1	0.1		0.156882	1		4	0	0.518101	0	[0.00,0.00]	1	1	0.1		1	1		19	2	2.46098	0.788013	[0.18,3.44]	0.54497	1	0.1		0.272917	1		4	0	0.518101	0	[0.00,0.00]	1	1	0.1		1	1		3	0	0.388576	0	[0.00,0.00]	1	1	0.1		1	1		10	2	1.29525	1.68868	[0.36,8.02]	0.498331	1	0.1		0.622663	1		16	0	2.07241	0	[0.00,0.00]	1	1	0.1		1	1		6	0	0.777152	0	[0.00,0.00]	1	1	0.1		1	1		10	1	1.29525	0.745139	[0.09,5.92]	0.621198	1	0.1		0.372765	1		42	5	5.44006	0.905232	[0.35,2.34]	0.533054	1	0.1		0.185838	1		3	0	0.388576	0	[0.00,0.00]	1	1	0.1		1	1		6	0	0.777152	0	[0.00,0.00]	1	1	0.1		1	1		38	4	4.92196	0.785313	[0.27,2.24]	0.440468	1	0.1		0.187743	1		37	2	4.79244	0.37628	[0.09,1.58]	0.121643	1	0.1		0.0852213	1		124	12	16.0611	0.697507	[0.38,1.30]	0.15743	1	0.1		0.0620238	1		124	12	16.0611	0.697507	[0.38,1.30]	0.15743	1	0.1		0.0620238	1		20	1	2.59051	0.349671	[0.05,2.63]	0.245667	1	0.1		0.184695	1		6	0	0.777152	0	[0.00,0.00]	1	1	0.1		1	1		7	0	0.906677	0	[0.00,0.00]	1	1	0.1		1	1		36	2	4.66291	0.387717	[0.09,1.63]	0.133873	1	0.1		0.0928454	1		12	0	1.5543	0	[0.00,0.00]	1	1	0.1		1	1		
5	125	122	3	12.2687	0.206433	[0.06,0.66]	0.000828213	1	0.1		0.000672346	1		8	1	0.804505	1.27995	[0.16,10.49]	0.38455	1	0.1		0.811785	1		43	2	4.32422	0.427127	[0.10,1.79]	0.174433	1	0.1		0.116569	1		10	1	1.00563	0.993728	[0.12,7.91]	0.734067	1	0.1		0.388972	1		25	0	2.51408	0	[0.00,0.00]	1	1	0.1		1	1		72	2	7.24055	0.243438	[0.06,1.01]	0.0174479	1	0.1		0.0137844	1		42	2	4.22365	0.438211	[0.10,1.84]	0.187114	1	0.1		0.123829	1		14	1	1.40788	0.685484	[0.09,5.28]	0.5811	1	0.1		0.356191	1		8	0	0.804505	0	[0.00,0.00]	1	1	0.1		1	1		124	15	12.4698	1.2623	[0.71,2.24]	0.261884	1	0.1		0.655098	1		36	8	3.62027	2.66178	[1.19,5.97]	0.0153626	1	0.1		0.992941	1		40	2	4.02253	0.462131	[0.11,1.94]	0.21479	1	0.1		0.1392	1		16	1	1.60901	0.593011	[0.08,4.53]	0.510514	1	0.1		0.329046	1		11	0	1.10619	0	[0.00,0.00]	1	1	0.1		1	1		6	0	0.603379	0	[0.00,0.00]	1	1	0.1		1	1		14	0	1.40788	0	[0.00,0.00]	1	1	0.1		1	1		10	0	1.00563	0	[0.00,0.00]	1	1	0.1		1	1		5	0	0.502816	0	[0.00,0.00]	1	1	0.1		1	1		26	7	2.61464	3.43131	[1.41,8.33]	0.00858797	1	0.1		0.997249	1		10	4	1.00563	6.12672	[1.71,22.01]	0.0110836	1	0.1		0.998416	1		30	1	3.01689	0.302836	[0.04,2.24]	0.17765	1	0.1		0.137671	1		9	0	0.905068	0	[0.00,0.00]	1	1	0.1		1	1		7	3	0.703942	6.84836	[1.51,30.96]	0.0230033	1	0.1		0.997313	1		10	0	1.00563	0	[0.00,0.00]	1	1	0.1		1	1		5	0	0.502816	0	[0.00,0.00]	1	1	0.1		1	1		6	0	0.603379	0	[0.00,0.00]	1	1	0.1		1	1		7	1	0.703942	1.49462	[0.18,12.52]	0.374003	1	0.1		0.849306	1		23	4	2.31295	1.91214	[0.64,5.71]	0.206566	1	0.1		0.84194	1		20	0	2.01126	0	[0.00,0.00]	1	1	0.1		1	1		14	1	1.40788	0.685484	[0.09,5.28]	0.5811	1	0.1		0.356191	1		14	1	1.40788	0.685484	[0.09,5.28]	0.5811	1	0.1		0.356191	1		4	2	0.402253	9.07317	[1.27,64.98]	0.0488868	1	0.1		0.996313	1		1	0	0.100563	0	[0.00,0.00]	1	1	0.1		1	1		75	10	7.54224	1.4087	[0.70,2.82]	0.19887	1	0.1		0.768517	1		17	1	1.70957	0.555444	[0.07,4.22]	0.477261	1	0.1		0.314279	1		42	3	4.22365	0.680328	[0.21,2.23]	0.375325	1	0.1		0.188211	1		37	1	3.72084	0.242384	[0.03,1.78]	0.0982942	1	0.1		0.0796585	1		4	0	0.402253	0	[0.00,0.00]	1	1	0.1		1	1		37	1	3.72084	0.242384	[0.03,1.78]	0.0982942	1	0.1		0.0796585	1		13	1	1.30732	0.74328	[0.10,5.76]	0.618182	1	0.1		0.367831	1		10	1	1.00563	0.993728	[0.12,7.91]	0.734067	1	0.1		0.388972	1		49	1	4.92759	0.179772	[0.02,1.31]	0.0334941	1	0.1		0.028513	1		4	1	0.402253	2.99731	[0.31,29.04]	0.293321	1	0.1		0.947426	1		19	2	1.9107	1.05308	[0.24,4.61]	0.702831	1	0.1		0.287634	1		4	0	0.402253	0	[0.00,0.00]	1	1	0.1		1	1		3	0	0.301689	0	[0.00,0.00]	1	1	0.1		1	1		10	0	1.00563	0	[0.00,0.00]	1	1	0.1		1	1		16	1	1.60901	0.593011	[0.08,4.53]	0.510514	1	0.1		0.329046	1		6	2	0.603379	4.52846	[0.82,24.98]	0.0991468	1	0.1		0.984169	1		10	0	1.00563	0	[0.00,0.00]	1	1	0.1		1	1		42	8	4.22365	2.17999	[0.99,4.82]	0.0432303	1	0.1		0.969404	1		3	0	0.301689	0	[0.00,0.00]	1	1	0.1		1	1		6	2	0.603379	4.52846	[0.82,24.98]	0.0991468	1	0.1		0.984169	1		38	7	3.8214	2.0801	[0.90,4.83]	0.0648773	1	0.1		0.952785	1		37	8	3.72084	2.56764	[1.15,5.75]	0.0177005	1	0.1		0.991452	1		124	15	12.4698	1.2623	[0.71,2.24]	0.261884	1	0.1		0.655098	1		124	15	12.4698	1.2623	[0.71,2.24]	0.261884	1	0.1		0.655098	1		20	2	2.01126	0.993677	[0.23,4.33]	0.673926	1	0.1		0.287477	1		6	0	0.603379	0	[0.00,0.00]	1	1	0.1		1	1		7	2	0.703942	3.61951	[0.69,18.85]	0.125004	1	0.1		0.97431	1		36	8	3.62027	2.66178	[1.19,5.97]	0.0153626	1	0.1		0.992941	1		12	1	1.20676	0.811584	[0.10,6.34]	0.656215	1	0.1		0.377569	1		
6	1	122	0	0.0981496	0	[0.00,0.00]	1	1	0.1		1	1		8	0	0.00643604	0	[0.00,0.00]	1	1	0.1		1	1		43	0	0.0345937	0	[0.00,0.00]	1	1	0.1		1	1		10	0	0.00804505	0	[0.00,0.00]	1	1	0.1		1	1		25	0	0.0201126	0	[0.00,0.00]	1	1	0.1		1	1		72	0	0.0579244	0	[0.00,0.00]	1	1	0.1		1	1		42	0	0.0337892	0	[0.00,0.00]	1	1	0.1		1	1		14	0	0.0112631	0	[0.00,0.00]	1	1	0.1		1	1		8	0	0.00643604	0	[0.00,0.00]	1	1	0.1		1	1		124	0	0.0997586	0	[0.00,0.00]	1	1	0.1		1	1		36	0	0.0289622	0	[0.00,0.00]	1	1	0.1		1	1		40	0	0.0321802	0	[0.00,0.00]	1	1	0.1		1	1		16	0	0.0128721	0	[0.00,0.00]	1	1	0.1		1	1		11	0	0.00884956	0	[0.00,0.00]	1	1	0.1		1	1		6	0	0.00482703	0	[0.00,0.00]	1	1	0.1		1	1		14	0	0.0112631	0	[0.00,0.00]	1	1	0.1		1	1		10	0	0.00804505	0	[0.00,0.00]	1	1	0.1		1	1		5	0	0.00402253	0	[0.00,0.00]	1	1	0.1		1	1		26	0	0.0209171	0	[0.00,0.00]	1	1	0.1		1	1		10	0	0.00804505	0	[0.00,0.00]	1	1	0.1		1	1		30	1	0.0241352	0	[0.00,0.00]	0.0241352	1	0.1		1	1		9	0	0.00724055	0	[0.00,0.00]	1	1	0.1		1	1		7	0	0.00563154	0	[0.00,0.00]	1	1	0.1		1	1		10	0	0.00804505	0	[0.00,0.00]	1	1	0.1		1	1		5	0	0.00402253	0	[0.00,0.00]	1	1	0.1		1	1		6	0	0.00482703	0	[0.00,0.00]	1	1	0.1		1	1		7	0	0.00563154	0	[0.00,0.00]	1	1	0.1		1	1		23	0	0.0185036	0	[0.00,0.00]	1	1	0.1		1	1		20	0	0.0160901	0	[0.00,0.00]	1	1	0.1		1	1		14	0	0.0112631	0	[0.00,0.00]	1	1	0.1		1	1		14	0	0.0112631	0	[0.00,0.00]	1	1	0.1		1	1		4	0	0.00321802	0	[0.00,0.00]	1	1	0.1		1	1		1	0	0.000804505	0	[0.00,0.00]	1	1	0.1		1	1		75	0	0.0603379	0	[0.00,0.00]	1	1	0.1		1	1		17	0	0.0136766	0	[0.00,0.00]	1	1	0.1		1	1		42	0	0.0337892	0	[0.00,0.00]	1	1	0.1		1	1		37	0	0.0297667	0	[0.00,0.00]	1	1	0.1		1	1		4	0	0.00321802	0	[0.00,0.00]	1	1	0.1		1	1		37	0	0.0297667	0	[0.00,0.00]	1	1	0.1		1	1		13	0	0.0104586	0	[0.00,0.00]	1	1	0.1		1	1		10	0	0.00804505	0	[0.00,0.00]	1	1	0.1		1	1		49	1	0.0394208	0	[0.00,0.00]	0.0394208	1	0.1		1	1		4	0	0.00321802	0	[0.00,0.00]	1	1	0.1		1	1		19	0	0.0152856	0	[0.00,0.00]	1	1	0.1		1	1		4	0	0.00321802	0	[0.00,0.00]	1	1	0.1		1	1		3	0	0.00241352	0	[0.00,0.00]	1	1	0.1		1	1		10	0	0.00804505	0	[0.00,0.00]	1	1	0.1		1	1		16	0	0.0128721	0	[0.00,0.00]	1	1	0.1		1	1		6	0	0.00482703	0	[0.00,0.00]	1	1	0.1		1	1		10	0	0.00804505	0	[0.00,0.00]	1	1	0.1		1	1		42	0	0.0337892	0	[0.00,0.00]	1	1	0.1		1	1		3	0	0.00241352	0	[0.00,0.00]	1	1	0.1		1	1		6	0	0.00482703	0	[0.00,0.00]	1	1	0.1		1	1		38	0	0.0305712	0	[0.00,0.00]	1	1	0.1		1	1		37	0	0.0297667	0	[0.00,0.00]	1	1	0.1		1	1		124	0	0.0997586	0	[0.00,0.00]	1	1	0.1		1	1		124	0	0.0997586	0	[0.00,0.00]	1	1	0.1		1	1		20	0	0.0160901	0	[0.00,0.00]	1	1	0.1		1	1		6	0	0.00482703	0	[0.00,0.00]	1	1	0.1		1	1		7	0	0.00563154	0	[0.00,0.00]	1	1	0.1		1	1		36	0	0.0289622	0	[0.00,0.00]	1	1	0.1		1	1		12	0	0.00965406	0	[0.00,0.00]	1	1	0.1		1	1		
7	74	122	2	7.26307	0.242824	[0.06,1.00]	0.0171562	1	0.1		0.0135613	1		8	0	0.476267	0	[0.00,0.00]	1	1	0.1		1	1		43	1	2.55994	0.36758	[0.05,2.71]	0.260474	1	0.1		0.192348	1		10	0	0.595334	0	[0.00,0.00]	1	1	0.1		1	1		25	1	1.48833	0.653539	[0.09,4.90]	0.5552	1	0.1		0.342945	1		72	2	4.2864	0.436111	[0.10,1.81]	0.181872	1	0.1		0.120328	1		42	1	2.5004	0.376879	[0.05,2.78]	0.272632	1	0.1		0.200033	1		14	0	0.833467	0	[0.00,0.00]	1	1	0.1		1	1		8	0	0.476267	0	[0.00,0.00]	1	1	0.1		1	1		124	1	7.38214	0.116494	[0.02,0.85]	0.00318732	1	0.1		0.00286117	1		36	1	2.1432	0.443836	[0.06,3.29]	0.355705	1	0.1		0.249499	1		40	1	2.38134	0.396909	[0.05,2.93]	0.298361	1	0.1		0.215929	1		16	0	0.952534	0	[0.00,0.00]	1	1	0.1		1	1		11	0	0.654867	0	[0.00,0.00]	1	1	0.1		1	1		6	0	0.3572	0	[0.00,0.00]	1	1	0.1		1	1		14	0	0.833467	0	[0.00,0.00]	1	1	0.1		1	1		10	1	0.595334	1.7656	[0.22,14.13]	0.344514	1	0.1		0.884563	1		5	0	0.297667	0	[0.00,0.00]	1	1	0.1		1	1		26	1	1.54787	0.626849	[0.08,4.69]	0.534646	1	0.1		0.335286	1		10	0	0.595334	0	[0.00,0.00]	1	1	0.1		1	1		30	1	1.786	0.538498	[0.07,4.01]	0.457041	1	0.1		0.301973	1		9	0	0.5358	0	[0.00,0.00]	1	1	0.1		1	1		7	0	0.416734	0	[0.00,0.00]	1	1	0.1		1	1		10	0	0.595334	0	[0.00,0.00]	1	1	0.1		1	1		5	0	0.297667	0	[0.00,0.00]	1	1	0.1		1	1		6	0	0.3572	0	[0.00,0.00]	1	1	0.1		1	1		7	0	0.416734	0	[0.00,0.00]	1	1	0.1		1	1		23	0	1.36927	0	[0.00,0.00]	1	1	0.1		1	1		20	0	1.19067	0	[0.00,0.00]	1	1	0.1		1	1		14	0	0.833467	0	[0.00,0.00]	1	1	0.1		1	1		14	0	0.833467	0	[0.00,0.00]	1	1	0.1		1	1		4	0	0.238134	0	[0.00,0.00]	1	1	0.1		1	1		1	0	0.0595334	0	[0.00,0.00]	1	1	0.1		1	1		75	1	4.465	0.202703	[0.03,1.48]	0.0524573	1	0.1		0.0438131	1		17	0	1.01207	0	[0.00,0.00]	1	1	0.1		1	1		42	1	2.5004	0.376879	[0.05,2.78]	0.272632	1	0.1		0.200033	1		37	1	2.20274	0.431126	[0.06,3.19]	0.340615	1	0.1		0.240921	1		4	0	0.238134	0	[0.00,0.00]	1	1	0.1		1	1		37	0	2.20274	0	[0.00,0.00]	1	1	0.1		1	1		13	1	0.773934	1.32078	[0.17,10.30]	0.37288	1	0.1		0.821343	1		10	0	0.595334	0	[0.00,0.00]	1	1	0.1		1	1		49	0	2.91714	0	[0.00,0.00]	1	1	0.1		1	1		4	0	0.238134	0	[0.00,0.00]	1	1	0.1		1	1		19	0	1.13113	0	[0.00,0.00]	1	1	0.1		1	1		4	0	0.238134	0	[0.00,0.00]	1	1	0.1		1	1		3	0	0.1786	0	[0.00,0.00]	1	1	0.1		1	1		10	0	0.595334	0	[0.00,0.00]	1	1	0.1		1	1		16	1	0.952534	1.05388	[0.14,8.09]	0.754147	1	0.1		0.381912	1		6	0	0.3572	0	[0.00,0.00]	1	1	0.1		1	1		10	0	0.595334	0	[0.00,0.00]	1	1	0.1		1	1		42	1	2.5004	0.376879	[0.05,2.78]	0.272632	1	0.1		0.200033	1		3	0	0.1786	0	[0.00,0.00]	1	1	0.1		1	1		6	0	0.3572	0	[0.00,0.00]	1	1	0.1		1	1		38	1	2.26227	0.419104	[0.06,3.10]	0.326032	1	0.1		0.232455	1		37	1	2.20274	0.431126	[0.06,3.19]	0.340615	1	0.1		0.240921	1		124	1	7.38214	0.116494	[0.02,0.85]	0.00318732	1	0.1		0.00286117	1		124	1	7.38214	0.116494	[0.02,0.85]	0.00318732	1	0.1		0.00286117	1		20	0	1.19067	0	[0.00,0.00]	1	1	0.1		1	1		6	0	0.3572	0	[0.00,0.00]	1	1	0.1		1	1		7	0	0.416734	0	[0.00,0.00]	1	1	0.1		1	1		36	1	2.1432	0.443836	[0.06,3.29]	0.355705	1	0.1		0.249499	1		12	1	0.714401	1.44209	[0.18,11.32]	0.365895	1	0.1		0.843041	1		
8	57	122	0	5.59453	0	[0.00,0.00]	1	1	0.1		1	1		8	1	0.366854	3.00765	[0.36,24.87]	0.265392	1	0.1		0.951569	1		43	0	1.97184	0	[0.00,0.00]	1	1	0.1		1	1		10	0	0.458568	0	[0.00,0.00]	1	1	0.1		1	1		25	0	1.14642	0	[0.00,0.00]	1	1	0.1		1	1		72	0	3.30169	0	[0.00,0.00]	1	1	0.1		1	1		42	0	1.92599	0	[0.00,0.00]	1	1	0.1		1	1		14	0	0.641995	0	[0.00,0.00]	1	1	0.1		1	1		8	0	0.366854	0	[0.00,0.00]	1	1	0.1		1	1		124	5	5.68624	0.862153	[0.34,2.20]	0.488783	1	0.1		0.178418	1		36	1	1.65084	0.587245	[0.08,4.36]	0.500933	1	0.1		0.320923	1		40	0	1.83427	0	[0.00,0.00]	1	1	0.1		1	1		16	0	0.733709	0	[0.00,0.00]	1	1	0.1		1	1		11	0	0.504425	0	[0.00,0.00]	1	1	0.1		1	1		6	0	0.275141	0	[0.00,0.00]	1	1	0.1		1	1		14	1	0.641995	1.61126	[0.21,12.54]	0.351362	1	0.1		0.867839	1		10	0	0.458568	0	[0.00,0.00]	1	1	0.1		1	1		5	0	0.229284	0	[0.00,0.00]	1	1	0.1		1	1		26	1	1.19228	0.829286	[0.11,6.23]	0.663258	1	0.1		0.371906	1		10	0	0.458568	0	[0.00,0.00]	1	1	0.1		1	1		30	1	1.3757	0.712438	[0.10,5.32]	0.595766	1	0.1		0.35534	1		9	0	0.412711	0	[0.00,0.00]	1	1	0.1		1	1		7	0	0.320998	0	[0.00,0.00]	1	1	0.1		1	1		10	0	0.458568	0	[0.00,0.00]	1	1	0.1		1	1		5	0	0.229284	0	[0.00,0.00]	1	1	0.1		1	1		6	0	0.275141	0	[0.00,0.00]	1	1	0.1		1	1		7	0	0.320998	0	[0.00,0.00]	1	1	0.1		1	1		23	1	1.05471	0.944805	[0.13,7.14]	0.715208	1	0.1		0.378844	1		20	1	0.917136	1.0968	[0.14,8.34]	0.37921	1	0.1		0.767402	1		14	0	0.641995	0	[0.00,0.00]	1	1	0.1		1	1		14	0	0.641995	0	[0.00,0.00]	1	1	0.1		1	1		4	1	0.183427	7.04167	[0.72,68.78]	0.159699	1	0.1		0.988315	1		1	0	0.0458568	0	[0.00,0.00]	1	1	0.1		1	1		75	2	3.43926	0.554421	[0.13,2.32]	0.317431	1	0.1		0.189298	1		17	0	0.779566	0	[0.00,0.00]	1	1	0.1		1	1		42	0	1.92599	0	[0.00,0.00]	1	1	0.1		1	1		37	0	1.6967	0	[0.00,0.00]	1	1	0.1		1	1		4	0	0.183427	0	[0.00,0.00]	1	1	0.1		1	1		37	0	1.6967	0	[0.00,0.00]	1	1	0.1		1	1		13	1	0.596138	1.74702	[0.22,13.67]	0.341828	1	0.1		0.883401	1		10	0	0.458568	0	[0.00,0.00]	1	1	0.1		1	1		49	1	2.24698	0.423363	[0.06,3.12]	0.330473	1	0.1		0.234803	1		4	0	0.183427	0	[0.00,0.00]	1	1	0.1		1	1		19	0	0.871279	0	[0.00,0.00]	1	1	0.1		1	1		4	0	0.183427	0	[0.00,0.00]	1	1	0.1		1	1		3	0	0.13757	0	[0.00,0.00]	1	1	0.1		1	1		10	0	0.458568	0	[0.00,0.00]	1	1	0.1		1	1		16	1	0.733709	1.39405	[0.18,10.74]	0.365782	1	0.1		0.835443	1		6	0	0.275141	0	[0.00,0.00]	1	1	0.1		1	1		10	0	0.458568	0	[0.00,0.00]	1	1	0.1		1	1		42	1	1.92599	0.498693	[0.07,3.69]	0.415957	1	0.1		0.281379	1		3	0	0.13757	0	[0.00,0.00]	1	1	0.1		1	1		6	0	0.275141	0	[0.00,0.00]	1	1	0.1		1	1		38	1	1.74256	0.554537	[0.07,4.12]	0.471439	1	0.1		0.308035	1		37	1	1.6967	0.570437	[0.08,4.24]	0.486044	1	0.1		0.314534	1		124	5	5.68624	0.862153	[0.34,2.20]	0.488783	1	0.1		0.178418	1		124	5	5.68624	0.862153	[0.34,2.20]	0.488783	1	0.1		0.178418	1		20	0	0.917136	0	[0.00,0.00]	1	1	0.1		1	1		6	0	0.275141	0	[0.00,0.00]	1	1	0.1		1	1		7	0	0.320998	0	[0.00,0.00]	1	1	0.1		1	1		36	1	1.65084	0.587245	[0.08,4.36]	0.500933	1	0.1		0.320923	1		12	1	0.550282	1.90747	[0.24,15.04]	0.330572	1	0.1		0.89844	1		
9	4	122	1	0.392599	3.07989	[0.32,29.84]	0.288594	1	0.1		0.949758	1		8	0	0.0257442	0	[0.00,0.00]	1	1	0.1		1	1		43	0	0.138375	0	[0.00,0.00]	1	1	0.1		1	1		10	0	0.0321802	0	[0.00,0.00]	1	1	0.1		1	1		25	0	0.0804505	0	[0.00,0.00]	1	1	0.1		1	1		72	0	0.231698	0	[0.00,0.00]	1	1	0.1		1	1		42	0	0.135157	0	[0.00,0.00]	1	1	0.1		1	1		14	0	0.0450523	0	[0.00,0.00]	1	1	0.1		1	1		8	0	0.0257442	0	[0.00,0.00]	1	1	0.1		1	1		124	0	0.399035	0	[0.00,0.00]	1	1	0.1		1	1		36	0	0.115849	0	[0.00,0.00]	1	1	0.1		1	1		40	0	0.128721	0	[0.00,0.00]	1	1	0.1		1	1		16	0	0.0514883	0	[0.00,0.00]	1	1	0.1		1	1		11	0	0.0353982	0	[0.00,0.00]	1	1	0.1		1	1		6	0	0.0193081	0	[0.00,0.00]	1	1	0.1		1	1		14	1	0.0450523	31.4359	[3.06,322.53]	0.0436512	1	0.1		0.999302	1		10	0	0.0321802	0	[0.00,0.00]	1	1	0.1		1	1		5	0	0.0160901	0	[0.00,0.00]	1	1	0.1		1	1		26	0	0.0836685	0	[0.00,0.00]	1	1	0.1		1	1		10	0	0.0321802	0	[0.00,0.00]	1	1	0.1		1	1		30	0	0.0965406	0	[0.00,0.00]	1	1	0.1		1	1		9	0	0.0289622	0	[0.00,0.00]	1	1	0.1		1	1		7	0	0.0225261	0	[0.00,0.00]	1	1	0.1		1	1		10	0	0.0321802	0	[0.00,0.00]	1	1	0.1		1	1		5	0	0.0160901	0	[0.00,0.00]	1	1	0.1		1	1		6	0	0.0193081	0	[0.00,0.00]	1	1	0.1		1	1		7	0	0.0225261	0	[0.00,0.00]	1	1	0.1		1	1		23	0	0.0740145	0	[0.00,0.00]	1	1	0.1		1	1		20	0	0.0643604	0	[0.00,0.00]	1	1	0.1		1	1		14	0	0.0450523	0	[0.00,0.00]	1	1	0.1		1	1		14	0	0.0450523	0	[0.00,0.00]	1	1	0.1		1	1		4	0	0.0128721	0	[0.00,0.00]	1	1	0.1		1	1		1	0	0.00321802	0	[0.00,0.00]	1	1	0.1		1	1		75	0	0.241352	0	[0.00,0.00]	1	1	0.1		1	1		17	0	0.0547064	0	[0.00,0.00]	1	1	0.1		1	1		42	0	0.135157	0	[0.00,0.00]	1	1	0.1		1	1		37	0	0.119067	0	[0.00,0.00]	1	1	0.1		1	1		4	0	0.0128721	0	[0.00,0.00]	1	1	0.1		1	1		37	0	0.119067	0	[0.00,0.00]	1	1	0.1		1	1		13	0	0.0418343	0	[0.00,0.00]	1	1	0.1		1	1		10	0	0.0321802	0	[0.00,0.00]	1	1	0.1		1	1		49	0	0.157683	0	[0.00,0.00]	1	1	0.1		1	1		4	0	0.0128721	0	[0.00,0.00]	1	1	0.1		1	1		19	0	0.0611424	0	[0.00,0.00]	1	1	0.1		1	1		4	0	0.0128721	0	[0.00,0.00]	1	1	0.1		1	1		3	0	0.00965406	0	[0.00,0.00]	1	1	0.1		1	1		10	0	0.0321802	0	[0.00,0.00]	1	1	0.1		1	1		16	0	0.0514883	0	[0.00,0.00]	1	1	0.1		1	1		6	0	0.0193081	0	[0.00,0.00]	1	1	0.1		1	1		10	0	0.0321802	0	[0.00,0.00]	1	1	0.1		1	1		42	0	0.135157	0	[0.00,0.00]	1	1	0.1		1	1		3	0	0.00965406	0	[0.00,0.00]	1	1	0.1		1	1		6	0	0.0193081	0	[0.00,0.00]	1	1	0.1		1	1		38	0	0.122285	0	[0.00,0.00]	1	1	0.1		1	1		37	0	0.119067	0	[0.00,0.00]	1	1	0.1		1	1		124	0	0.399035	0	[0.00,0.00]	1	1	0.1		1	1		124	0	0.399035	0	[0.00,0.00]	1	1	0.1		1	1		20	0	0.0643604	0	[0.00,0.00]	1	1	0.1		1	1		6	0	0.0193081	0	[0.00,0.00]	1	1	0.1		1	1		7	0	0.0225261	0	[0.00,0.00]	1	1	0.1		1	1		36	0	0.115849	0	[0.00,0.00]	1	1	0.1		1	1		12	0	0.0386163	0	[0.00,0.00]	1	1	0.1		1	1		
10	3	122	0	0.294449	0	[0.00,0.00]	1	1	0.1		1	1		8	0	0.0193081	0	[0.00,0.00]	1	1	0.1		1	1		43	0	0.103781	0	[0.00,0.00]	1	1	0.1		1	1		10	0	0.0241352	0	[0.00,0.00]	1	1	0.1		1	1		25	0	0.0603379	0	[0.00,0.00]	1	1	0.1		1	1		72	0	0.173773	0	[0.00,0.00]	1	1	0.1		1	1		42	0	0.101368	0	[0.00,0.00]	1	1	0.1		1	1		14	0	0.0337892	0	[0.00,0.00]	1	1	0.1		1	1		8	0	0.0193081	0	[0.00,0.00]	1	1	0.1		1	1		124	0	0.299276	0	[0.00,0.00]	1	1	0.1		1	1		36	0	0.0868866	0	[0.00,0.00]	1	1	0.1		1	1		40	0	0.0965406	0	[0.00,0.00]	1	1	0.1		1	1		16	0	0.0386163	0	[0.00,0.00]	1	1	0.1		1	1		11	0	0.0265487	0	[0.00,0.00]	1	1	0.1		1	1		6	0	0.0144811	0	[0.00,0.00]	1	1	0.1		1	1		14	0	0.0337892	0	[0.00,0.00]	1	1	0.1		1	1		10	0	0.0241352	0	[0.00,0.00]	1	1	0.1		1	1		5	0	0.0120676	0	[0.00,0.00]	1	1	0.1		1	1		26	0	0.0627514	0	[0.00,0.00]	1	1	0.1		1	1		10	0	0.0241352	0	[0.00,0.00]	1	1	0.1		1	1		30	0	0.0724055	0	[0.00,0.00]	1	1	0.1		1	1		9	0	0.0217216	0	[0.00,0.00]	1	1	0.1		1	1		7	0	0.0168946	0	[0.00,0.00]	1	1	0.1		1	1		10	0	0.0241352	0	[0.00,0.00]	1	1	0.1		1	1		5	0	0.0120676	0	[0.00,0.00]	1	1	0.1		1	1		6	0	0.0144811	0	[0.00,0.00]	1	1	0.1		1	1		7	0	0.0168946	0	[0.00,0.00]	1	1	0.1		1	1		23	0	0.0555109	0	[0.00,0.00]	1	1	0.1		1	1		20	0	0.0482703	0	[0.00,0.00]	1	1	0.1		1	1		14	0	0.0337892	0	[0.00,0.00]	1	1	0.1		1	1		14	0	0.0337892	0	[0.00,0.00]	1	1	0.1		1	1		4	0	0.00965406	0	[0.00,0.00]	1	1	0.1		1	1		1	0	0.00241352	0	[0.00,0.00]	1	1	0.1		1	1		75	0	0.181014	0	[0.00,0.00]	1	1	0.1		1	1		17	0	0.0410298	0	[0.00,0.00]	1	1	0.1		1	1		42	0	0.101368	0	[0.00,0.00]	1	1	0.1		1	1		37	0	0.0893001	0	[0.00,0.00]	1	1	0.1		1	1		4	0	0.00965406	0	[0.00,0.00]	1	1	0.1		1	1		37	0	0.0893001	0	[0.00,0.00]	1	1	0.1		1	1		13	0	0.0313757	0	[0.00,0.00]	1	1	0.1		1	1		10	0	0.0241352	0	[0.00,0.00]	1	1	0.1		1	1		49	0	0.118262	0	[0.00,0.00]	1	1	0.1		1	1		4	0	0.00965406	0	[0.00,0.00]	1	1	0.1		1	1		19	0	0.0458568	0	[0.00,0.00]	1	1	0.1		1	1		4	0	0.00965406	0	[0.00,0.00]	1	1	0.1		1	1		3	0	0.00724055	0	[0.00,0.00]	1	1	0.1		1	1		10	0	0.0241352	0	[0.00,0.00]	1	1	0.1		1	1		16	0	0.0386163	0	[0.00,0.00]	1	1	0.1		1	1		6	0	0.0144811	0	[0.00,0.00]	1	1	0.1		1	1		10	0	0.0241352	0	[0.00,0.00]	1	1	0.1		1	1		42	0	0.101368	0	[0.00,0.00]	1	1	0.1		1	1		3	0	0.00724055	0	[0.00,0.00]	1	1	0.1		1	1		6	0	0.0144811	0	[0.00,0.00]	1	1	0.1		1	1		38	0	0.0917136	0	[0.00,0.00]	1	1	0.1		1	1		37	0	0.0893001	0	[0.00,0.00]	1	1	0.1		1	1		124	0	0.299276	0	[0.00,0.00]	1	1	0.1		1	1		124	0	0.299276	0	[0.00,0.00]	1	1	0.1		1	1		20	0	0.0482703	0	[0.00,0.00]	1	1	0.1		1	1		6	0	0.0144811	0	[0.00,0.00]	1	1	0.1		1	1		7	0	0.0168946	0	[0.00,0.00]	1	1	0.1		1	1		36	0	0.0868866	0	[0.00,0.00]	1	1	0.1		1	1		12	0	0.0289622	0	[0.00,0.00]	1	1	0.1		1	1		
11	2	122	0	0.196299	0	[0.00,0.00]	1	1	0.1		1	1		8	0	0.0128721	0	[0.00,0.00]	1	1	0.1		1	1		43	0	0.0691874	0	[0.00,0.00]	1	1	0.1		1	1		10	0	0.0160901	0	[0.00,0.00]	1	1	0.1		1	1		25	0	0.0402253	0	[0.00,0.00]	1	1	0.1		1	1		72	0	0.115849	0	[0.00,0.00]	1	1	0.1		1	1		42	0	0.0675784	0	[0.00,0.00]	1	1	0.1		1	1		14	0	0.0225261	0	[0.00,0.00]	1	1	0.1		1	1		8	0	0.0128721	0	[0.00,0.00]	1	1	0.1		1	1		124	0	0.199517	0	[0.00,0.00]	1	1	0.1		1	1		36	0	0.0579244	0	[0.00,0.00]	1	1	0.1		1	1		40	0	0.0643604	0	[0.00,0.00]	1	1	0.1		1	1		16	0	0.0257442	0	[0.00,0.00]	1	1	0.1		1	1		11	0	0.0176991	0	[0.00,0.00]	1	1	0.1		1	1		6	0	0.00965406	0	[0.00,0.00]	1	1	0.1		1	1		14	0	0.0225261	0	[0.00,0.00]	1	1	0.1		1	1		10	0	0.0160901	0	[0.00,0.00]	1	1	0.1		1	1		5	0	0.00804505	0	[0.00,0.00]	1	1	0.1		1	1		26	0	0.0418343	0	[0.00,0.00]	1	1	0.1		1	1		10	0	0.0160901	0	[0.00,0.00]	1	1	0.1		1	1		30	0	0.0482703	0	[0.00,0.00]	1	1	0.1		1	1		9	0	0.0144811	0	[0.00,0.00]	1	1	0.1		1	1		7	0	0.0112631	0	[0.00,0.00]	1	1	0.1		1	1		10	0	0.0160901	0	[0.00,0.00]	1	1	0.1		1	1		5	0	0.00804505	0	[0.00,0.00]	1	1	0.1		1	1		6	0	0.00965406	0	[0.00,0.00]	1	1	0.1		1	1		7	0	0.0112631	0	[0.00,0.00]	1	1	0.1		1	1		23	0	0.0370072	0	[0.00,0.00]	1	1	0.1		1	1		20	0	0.0321802	0	[0.00,0.00]	1	1	0.1		1	1		14	0	0.0225261	0	[0.00,0.00]	1	1	0.1		1	1		14	0	0.0225261	0	[0.00,0.00]	1	1	0.1		1	1		4	0	0.00643604	0	[0.00,0.00]	1	1	0.1		1	1		1	0	0.00160901	0	[0.00,0.00]	1	1	0.1		1	1		75	0	0.120676	0	[0.00,0.00]	1	1	0.1		1	1		17	0	0.0273532	0	[0.00,0.00]	1	1	0.1		1	1		42	1	0.0675784	29.2683	[1.80,476.18]	0.0653476	1	0.1		0.998885	1		37	0	0.0595334	0	[0.00,0.00]	1	1	0.1		1	1		4	0	0.00643604	0	[0.00,0.00]	1	1	0.1		1	1		37	0	0.0595334	0	[0.00,0.00]	1	1	0.1		1	1		13	0	0.0209171	0	[0.00,0.00]	1	1	0.1		1	1		10	0	0.0160901	0	[0.00,0.00]	1	1	0.1		1	1		49	0	0.0788415	0	[0.00,0.00]	1	1	0.1		1	1		4	0	0.00643604	0	[0.00,0.00]	1	1	0.1		1	1		19	0	0.0305712	0	[0.00,0.00]	1	1	0.1		1	1		4	0	0.00643604	0	[0.00,0.00]	1	1	0.1		1	1		3	0	0.00482703	0	[0.00,0.00]	1	1	0.1		1	1		10	0	0.0160901	0	[0.00,0.00]	1	1	0.1		1	1		16	0	0.0257442	0	[0.00,0.00]	1	1	0.1		1	1		6	0	0.00965406	0	[0.00,0.00]	1	1	0.1		1	1		10	0	0.0160901	0	[0.00,0.00]	1	1	0.1		1	1		42	0	0.0675784	0	[0.00,0.00]	1	1	0.1		1	1		3	0	0.00482703	0	[0.00,0.00]	1	1	0.1		1	1		6	0	0.00965406	0	[0.00,0.00]	1	1	0.1		1	1		38	0	0.0611424	0	[0.00,0.00]	1	1	0.1		1	1		37	0	0.0595334	0	[0.00,0.00]	1	1	0.1		1	1		124	0	0.199517	0	[0.00,0.00]	1	1	0.1		1	1		124	0	0.199517	0	[0.00,0.00]	1	1	0.1		1	1		20	0	0.0321802	0	[0.00,0.00]	1	1	0.1		1	1		6	0	0.00965406	0	[0.00,0.00]	1	1	0.1		1	1		7	0	0.0112631	0	[0.00,0.00]	1	1	0.1		1	1		36	0	0.0579244	0	[0.00,0.00]	1	1	0.1		1	1		12	0	0.0193081	0	[0.00,0.00]	1	1	0.1		1	1		
12	1	122	0	0.0981496	0	[0.00,0.00]	1	1	0.1		1	1		8	0	0.00643604	0	[0.00,0.00]	1	1	0.1		1	1		43	0	0.0345937	0	[0.00,0.00]	1	1	0.1		1	1		10	0	0.00804505	0	[0.00,0.00]	1	1	0.1		1	1		25	0	0.0201126	0	[0.00,0.00]	1	1	0.1		1	1		72	0	0.0579244	0	[0.00,0.00]	1	1	0.1		1	1		42	0	0.0337892	0	[0.00,0.00]	1	1	0.1		1	1		14	0	0.0112631	0	[0.00,0.00]	1	1	0.1		1	1		8	0	0.00643604	0	[0.00,0.00]	1	1	0.1		1	1		124	0	0.0997586	0	[0.00,0.00]	1	1	0.1		1	1		36	0	0.0289622	0	[0.00,0.00]	1	1	0.1		1	1		40	0	0.0321802	0	[0.00,0.00]	1	1	0.1		1	1		16	0	0.0128721	0	[0.00,0.00]	1	1	0.1		1	1		11	0	0.00884956	0	[0.00,0.00]	1	1	0.1		1	1		6	0	0.00482703	0	[0.00,0.00]	1	1	0.1		1	1		14	0	0.0112631	0	[0.00,0.00]	1	1	0.1		1	1		10	0	0.00804505	0	[0.00,0.00]	1	1	0.1		1	1		5	0	0.00402253	0	[0.00,0.00]	1	1	0.1		1	1		26	0	0.0209171	0	[0.00,0.00]	1	1	0.1		1	1		10	0	0.00804505	0	[0.00,0.00]	1	1	0.1		1	1		30	0	0.0241352	0	[0.00,0.00]	1	1	0.1		1	1		9	0	0.00724055	0	[0.00,0.00]	1	1	0.1		1	1		7	0	0.00563154	0	[0.00,0.00]	1	1	0.1		1	1		10	0	0.00804505	0	[0.00,0.00]	1	1	0.1		1	1		5	0	0.00402253	0	[0.00,0.00]	1	1	0.1		1	1		6	0	0.00482703	0	[0.00,0.00]	1	1	0.1		1	1		7	0	0.00563154	0	[0.00,0.00]	1	1	0.1		1	1		23	0	0.0185036	0	[0.00,0.00]	1	1	0.1		1	1		20	0	0.0160901	0	[0.00,0.00]	1	1	0.1		1	1		14	0	0.0112631	0	[0.00,0.00]	1	1	0.1		1	1		14	0	0.0112631	0	[0.00,0.00]	1	1	0.1		1	1		4	0	0.00321802	0	[0.00,0.00]	1	1	0.1		1	1		1	0	0.000804505	0	[0.00,0.00]	1	1	0.1		1	1		75	0	0.0603379	0	[0.00,0.00]	1	1	0.1		1	1		17	0	0.0136766	0	[0.00,0.00]	1	1	0.1		1	1		42	0	0.0337892	0	[0.00,0.00]	1	1	0.1		1	1		37	0	0.0297667	0	[0.00,0.00]	1	1	0.1		1	1		4	0	0.00321802	0	[0.00,0.00]	1	1	0.1		1	1		37	0	0.0297667	0	[0.00,0.00]	1	1	0.1		1	1		13	0	0.0104586	0	[0.00,0.00]	1	1	0.1		1	1		10	0	0.00804505	0	[0.00,0.00]	1	1	0.1		1	1		49	0	0.0394208	0	[0.00,0.00]	1	1	0.1		1	1		4	0	0.00321802	0	[0.00,0.00]	1	1	0.1		1	1		19	0	0.0152856	0	[0.00,0.00]	1	1	0.1		1	1		4	0	0.00321802	0	[0.00,0.00]	1	1	0.1		1	1		3	0	0.00241352	0	[0.00,0.00]	1	1	0.1		1	1		10	0	0.00804505	0	[0.00,0.00]	1	1	0.1		1	1		16	0	0.0128721	0	[0.00,0.00]	1	1	0.1		1	1		6	0	0.00482703	0	[0.00,0.00]	1	1	0.1		1	1		10	0	0.00804505	0	[0.00,0.00]	1	1	0.1		1	1		42	0	0.0337892	0	[0.00,0.00]	1	1	0.1		1	1		3	0	0.00241352	0	[0.00,0.00]	1	1	0.1		1	1		6	0	0.00482703	0	[0.00,0.00]	1	1	0.1		1	1		38	0	0.0305712	0	[0.00,0.00]	1	1	0.1		1	1		37	0	0.0297667	0	[0.00,0.00]	1	1	0.1		1	1		124	0	0.0997586	0	[0.00,0.00]	1	1	0.1		1	1		124	0	0.0997586	0	[0.00,0.00]	1	1	0.1		1	1		20	0	0.0160901	0	[0.00,0.00]	1	1	0.1		1	1		6	0	0.00482703	0	[0.00,0.00]	1	1	0.1		1	1		7	0	0.00563154	0	[0.00,0.00]	1	1	0.1		1	1		36	0	0.0289622	0	[0.00,0.00]	1	1	0.1		1	1		12	0	0.00965406	0	[0.00,0.00]	1	1	0.1		1	1		
13	7	122	2	0.687047	3.72	[0.71,19.38]	0.120661	1	0.1		0.975945	1		8	0	0.0450523	0	[0.00,0.00]	1	1	0.1		1	1		43	0	0.242156	0	[0.00,0.00]	1	1	0.1		1	1		10	0	0.0563154	0	[0.00,0.00]	1	1	0.1		1	1		25	0	0.140788	0	[0.00,0.00]	1	1	0.1		1	1		72	0	0.405471	0	[0.00,0.00]	1	1	0.1		1	1		42	0	0.236525	0	[0.00,0.00]	1	1	0.1		1	1		14	0	0.0788415	0	[0.00,0.00]	1	1	0.1		1	1		8	0	0.0450523	0	[0.00,0.00]	1	1	0.1		1	1		124	0	0.698311	0	[0.00,0.00]	1	1	0.1		1	1		36	0	0.202735	0	[0.00,0.00]	1	1	0.1		1	1		40	0	0.225261	0	[0.00,0.00]	1	1	0.1		1	1		16	0	0.0901046	0	[0.00,0.00]	1	1	0.1		1	1		11	0	0.0619469	0	[0.00,0.00]	1	1	0.1		1	1		6	0	0.0337892	0	[0.00,0.00]	1	1	0.1		1	1		14	2	0.0788415	40.8	[7.19,231.44]	0.00235811	1	0.1		0.999961	1		10	0	0.0563154	0	[0.00,0.00]	1	1	0.1		1	1		5	0	0.0281577	0	[0.00,0.00]	1	1	0.1		1	1		26	0	0.14642	0	[0.00,0.00]	1	1	0.1		1	1		10	0	0.0563154	0	[0.00,0.00]	1	1	0.1		1	1		30	0	0.168946	0	[0.00,0.00]	1	1	0.1		1	1		9	0	0.0506838	0	[0.00,0.00]	1	1	0.1		1	1		7	0	0.0394208	0	[0.00,0.00]	1	1	0.1		1	1		10	0	0.0563154	0	[0.00,0.00]	1	1	0.1		1	1		5	0	0.0281577	0	[0.00,0.00]	1	1	0.1		1	1		6	0	0.0337892	0	[0.00,0.00]	1	1	0.1		1	1		7	0	0.0394208	0	[0.00,0.00]	1	1	0.1		1	1		23	0	0.129525	0	[0.00,0.00]	1	1	0.1		1	1		20	0	0.112631	0	[0.00,0.00]	1	1	0.1		1	1		14	0	0.0788415	0	[0.00,0.00]	1	1	0.1		1	1		14	0	0.0788415	0	[0.00,0.00]	1	1	0.1		1	1		4	0	0.0225261	0	[0.00,0.00]	1	1	0.1		1	1		1	0	0.00563154	0	[0.00,0.00]	1	1	0.1		1	1		75	0	0.422365	0	[0.00,0.00]	1	1	0.1		1	1		17	0	0.0957361	0	[0.00,0.00]	1	1	0.1		1	1		42	0	0.236525	0	[0.00,0.00]	1	1	0.1		1	1		37	0	0.208367	0	[0.00,0.00]	1	1	0.1		1	1		4	0	0.0225261	0	[0.00,0.00]	1	1	0.1		1	1		37	0	0.208367	0	[0.00,0.00]	1	1	0.1		1	1		13	0	0.07321	0	[0.00,0.00]	1	1	0.1		1	1		10	0	0.0563154	0	[0.00,0.00]	1	1	0.1		1	1		49	0	0.275945	0	[0.00,0.00]	1	1	0.1		1	1		4	0	0.0225261	0	[0.00,0.00]	1	1	0.1		1	1		19	0	0.106999	0	[0.00,0.00]	1	1	0.1		1	1		4	0	0.0225261	0	[0.00,0.00]	1	1	0.1		1	1		3	0	0.0168946	0	[0.00,0.00]	1	1	0.1		1	1		10	0	0.0563154	0	[0.00,0.00]	1	1	0.1		1	1		16	0	0.0901046	0	[0.00,0.00]	1	1	0.1		1	1		6	0	0.0337892	0	[0.00,0.00]	1	1	0.1		1	1		10	0	0.0563154	0	[0.00,0.00]	1	1	0.1		1	1		42	0	0.236525	0	[0.00,0.00]	1	1	0.1		1	1		3	0	0.0168946	0	[0.00,0.00]	1	1	0.1		1	1		6	0	0.0337892	0	[0.00,0.00]	1	1	0.1		1	1		38	0	0.213998	0	[0.00,0.00]	1	1	0.1		1	1		37	0	0.208367	0	[0.00,0.00]	1	1	0.1		1	1		124	0	0.698311	0	[0.00,0.00]	1	1	0.1		1	1		124	0	0.698311	0	[0.00,0.00]	1	1	0.1		1	1		20	0	0.112631	0	[0.00,0.00]	1	1	0.1		1	1		6	0	0.0337892	0	[0.00,0.00]	1	1	0.1		1	1		7	0	0.0394208	0	[0.00,0.00]	1	1	0.1		1	1		36	0	0.202735	0	[0.00,0.00]	1	1	0.1		1	1		12	0	0.0675784	0	[0.00,0.00]	1	1	0.1		1	1		
14	2	122	0	0.196299	0	[0.00,0.00]	1	1	0.1		1	1		8	0	0.0128721	0	[0.00,0.00]	1	1	0.1		1	1		43	0	0.0691874	0	[0.00,0.00]	1	1	0.1		1	1		10	0	0.0160901	0	[0.00,0.00]	1	1	0.1		1	1		25	0	0.0402253	0	[0.00,0.00]	1	1	0.1		1	1		72	0	0.115849	0	[0.00,0.00]	1	1	0.1		1	1		42	0	0.0675784	0	[0.00,0.00]	1	1	0.1		1	1		14	0	0.0225261	0	[0.00,0.00]	1	1	0.1		1	1		8	0	0.0128721	0	[0.00,0.00]	1	1	0.1		1	1		124	0	0.199517	0	[0.00,0.00]	1	1	0.1		1	1		36	0	0.0579244	0	[0.00,0.00]	1	1	0.1		1	1		40	0	0.0643604	0	[0.00,0.00]	1	1	0.1		1	1		16	0	0.0257442	0	[0.00,0.00]	1	1	0.1		1	1		11	0	0.0176991	0	[0.00,0.00]	1	1	0.1		1	1		6	0	0.00965406	0	[0.00,0.00]	1	1	0.1		1	1		14	0	0.0225261	0	[0.00,0.00]	1	1	0.1		1	1		10	0	0.0160901	0	[0.00,0.00]	1	1	0.1		1	1		5	0	0.00804505	0	[0.00,0.00]	1	1	0.1		1	1		26	0	0.0418343	0	[0.00,0.00]	1	1	0.1		1	1		10	0	0.0160901	0	[0.00,0.00]	1	1	0.1		1	1		30	0	0.0482703	0	[0.00,0.00]	1	1	0.1		1	1		9	0	0.0144811	0	[0.00,0.00]	1	1	0.1		1	1		7	0	0.0112631	0	[0.00,0.00]	1	1	0.1		1	1		10	0	0.0160901	0	[0.00,0.00]	1	1	0.1		1	1		5	0	0.00804505	0	[0.00,0.00]	1	1	0.1		1	1		6	0	0.00965406	0	[0.00,0.00]	1	1	0.1		1	1		7	0	0.0112631	0	[0.00,0.00]	1	1	0.1		1	1		23	0	0.0370072	0	[0.00,0.00]	1	1	0.1		1	1		20	0	0.0321802	0	[0.00,0.00]	1	1	0.1		1	1		14	0	0.0225261	0	[0.00,0.00]	1	1	0.1		1	1		14	0	0.0225261	0	[0.00,0.00]	1	1	0.1		1	1		4	0	0.00643604	0	[0.00,0.00]	1	1	0.1		1	1		1	0	0.00160901	0	[0.00,0.00]	1	1	0.1		1	1		75	0	0.120676	0	[0.00,0.00]	1	1	0.1		1	1		17	0	0.0273532	0	[0.00,0.00]	1	1	0.1		1	1		42	0	0.0675784	0	[0.00,0.00]	1	1	0.1		1	1		37	0	0.0595334	0	[0.00,0.00]	1	1	0.1		1	1		4	0	0.00643604	0	[0.00,0.00]	1	1	0.1		1	1		37	0	0.0595334	0	[0.00,0.00]	1	1	0.1		1	1		13	0	0.0209171	0	[0.00,0.00]	1	1	0.1		1	1		10	0	0.0160901	0	[0.00,0.00]	1	1	0.1		1	1		49	0	0.0788415	0	[0.00,0.00]	1	1	0.1		1	1		4	0	0.00643604	0	[0.00,0.00]	1	1	0.1		1	1		19	0	0.0305712	0	[0.00,0.00]	1	1	0.1		1	1		4	0	0.00643604	0	[0.00,0.00]	1	1	0.1		1	1		3	0	0.00482703	0	[0.00,0.00]	1	1	0.1		1	1		10	0	0.0160901	0	[0.00,0.00]	1	1	0.1		1	1		16	0	0.0257442	0	[0.00,0.00]	1	1	0.1		1	1		6	0	0.00965406	0	[0.00,0.00]	1	1	0.1		1	1		10	0	0.0160901	0	[0.00,0.00]	1	1	0.1		1	1		42	0	0.0675784	0	[0.00,0.00]	1	1	0.1		1	1		3	0	0.00482703	0	[0.00,0.00]	1	1	0.1		1	1		6	0	0.00965406	0	[0.00,0.00]	1	1	0.1		1	1		38	0	0.0611424	0	[0.00,0.00]	1	1	0.1		1	1		37	0	0.0595334	0	[0.00,0.00]	1	1	0.1		1	1		124	0	0.199517	0	[0.00,0.00]	1	1	0.1		1	1		124	0	0.199517	0	[0.00,0.00]	1	1	0.1		1	1		20	0	0.0321802	0	[0.00,0.00]	1	1	0.1		1	1		6	0	0.00965406	0	[0.00,0.00]	1	1	0.1		1	1		7	0	0.0112631	0	[0.00,0.00]	1	1	0.1		1	1		36	0	0.0579244	0	[0.00,0.00]	1	1	0.1		1	1		12	0	0.0193081	0	[0.00,0.00]	1	1	0.1		1	1		
15	4	122	0	0.392599	0	[0.00,0.00]	1	1	0.1		1	1		8	0	0.0257442	0	[0.00,0.00]	1	1	0.1		1	1		43	0	0.138375	0	[0.00,0.00]	1	1	0.1		1	1		10	0	0.0321802	0	[0.00,0.00]	1	1	0.1		1	1		25	0	0.0804505	0	[0.00,0.00]	1	1	0.1		1	1		72	0	0.231698	0	[0.00,0.00]	1	1	0.1		1	1		42	0	0.135157	0	[0.00,0.00]	1	1	0.1		1	1		14	0	0.0450523	0	[0.00,0.00]	1	1	0.1		1	1		8	0	0.0257442	0	[0.00,0.00]	1	1	0.1		1	1		124	0	0.399035	0	[0.00,0.00]	1	1	0.1		1	1		36	0	0.115849	0	[0.00,0.00]	1	1	0.1		1	1		40	0	0.128721	0	[0.00,0.00]	1	1	0.1		1	1		16	0	0.0514883	0	[0.00,0.00]	1	1	0.1		1	1		11	0	0.0353982	0	[0.00,0.00]	1	1	0.1		1	1		6	0	0.0193081	0	[0.00,0.00]	1	1	0.1		1	1		14	0	0.0450523	0	[0.00,0.00]	1	1	0.1		1	1		10	0	0.0321802	0	[0.00,0.00]	1	1	0.1		1	1		5	0	0.0160901	0	[0.00,0.00]	1	1	0.1		1	1		26	0	0.0836685	0	[0.00,0.00]	1	1	0.1		1	1		10	0	0.0321802	0	[0.00,0.00]	1	1	0.1		1	1		30	0	0.0965406	0	[0.00,0.00]	1	1	0.1		1	1		9	0	0.0289622	0	[0.00,0.00]	1	1	0.1		1	1		7	0	0.0225261	0	[0.00,0.00]	1	1	0.1		1	1		10	0	0.0321802	0	[0.00,0.00]	1	1	0.1		1	1		5	0	0.0160901	0	[0.00,0.00]	1	1	0.1		1	1		6	0	0.0193081	0	[0.00,0.00]	1	1	0.1		1	1		7	0	0.0225261	0	[0.00,0.00]	1	1	0.1		1	1		23	0	0.0740145	0	[0.00,0.00]	1	1	0.1		1	1		20	0	0.0643604	0	[0.00,0.00]	1	1	0.1		1	1		14	0	0.0450523	0	[0.00,0.00]	1	1	0.1		1	1		14	0	0.0450523	0	[0.00,0.00]	1	1	0.1		1	1		4	0	0.0128721	0	[0.00,0.00]	1	1	0.1		1	1		1	0	0.00321802	0	[0.00,0.00]	1	1	0.1		1	1		75	0	0.241352	0	[0.00,0.00]	1	1	0.1		1	1		17	0	0.0547064	0	[0.00,0.00]	1	1	0.1		1	1		42	0	0.135157	0	[0.00,0.00]	1	1	0.1		1	1		37	0	0.119067	0	[0.00,0.00]	1	1	0.1		1	1		4	0	0.0128721	0	[0.00,0.00]	1	1	0.1		1	1		37	0	0.119067	0	[0.00,0.00]	1	1	0.1		1	1		13	0	0.0418343	0	[0.00,0.00]	1	1	0.1		1	1		10	0	0.0321802	0	[0.00,0.00]	1	1	0.1		1	1		49	0	0.157683	0	[0.00,0.00]	1	1	0.1		1	1		4	0	0.0128721	0	[0.00,0.00]	1	1	0.1		1	1		19	0	0.0611424	0	[0.00,0.00]	1	1	0.1		1	1		4	0	0.0128721	0	[0.00,0.00]	1	1	0.1		1	1		3	0	0.00965406	0	[0.00,0.00]	1	1	0.1		1	1		10	0	0.0321802	0	[0.00,0.00]	1	1	0.1		1	1		16	0	0.0514883	0	[0.00,0.00]	1	1	0.1		1	1		6	0	0.0193081	0	[0.00,0.00]	1	1	0.1		1	1		10	0	0.0321802	0	[0.00,0.00]	1	1	0.1		1	1		42	0	0.135157	0	[0.00,0.00]	1	1	0.1		1	1		3	0	0.00965406	0	[0.00,0.00]	1	1	0.1		1	1		6	0	0.0193081	0	[0.00,0.00]	1	1	0.1		1	1		38	0	0.122285	0	[0.00,0.00]	1	1	0.1		1	1		37	0	0.119067	0	[0.00,0.00]	1	1	0.1		1	1		124	0	0.399035	0	[0.00,0.00]	1	1	0.1		1	1		124	0	0.399035	0	[0.00,0.00]	1	1	0.1		1	1		20	0	0.0643604	0	[0.00,0.00]	1	1	0.1		1	1		6	0	0.0193081	0	[0.00,0.00]	1	1	0.1		1	1		7	0	0.0225261	0	[0.00,0.00]	1	1	0.1		1	1		36	0	0.115849	0	[0.00,0.00]	1	1	0.1		1	1		12	0	0.0386163	0	[0.00,0.00]	1	1	0.1		1	1		
16	9	122	0	0.883347	0	[0.00,0.00]	1	1	0.1		1	1		8	0	0.0579244	0	[0.00,0.00]	1	1	0.1		1	1		43	0	0.311344	0	[0.00,0.00]	1	1	0.1		1	1		10	0	0.0724055	0	[0.00,0.00]	1	1	0.1		1	1		25	0	0.181014	0	[0.00,0.00]	1	1	0.1		1	1		72	0	0.521319	0	[0.00,0.00]	1	1	0.1		1	1		42	0	0.304103	0	[0.00,0.00]	1	1	0.1		1	1		14	0	0.101368	0	[0.00,0.00]	1	1	0.1		1	1		8	0	0.0579244	0	[0.00,0.00]	1	1	0.1		1	1		124	0	0.897828	0	[0.00,0.00]	1	1	0.1		1	1		36	0	0.26066	0	[0.00,0.00]	1	1	0.1		1	1		40	0	0.289622	0	[0.00,0.00]	1	1	0.1		1	1		16	0	0.115849	0	[0.00,0.00]	1	1	0.1		1	1		11	0	0.079646	0	[0.00,0.00]	1	1	0.1		1	1		6	0	0.0434433	0	[0.00,0.00]	1	1	0.1		1	1		14	0	0.101368	0	[0.00,0.00]	1	1	0.1		1	1		10	0	0.0724055	0	[0.00,0.00]	1	1	0.1		1	1		5	0	0.0362027	0	[0.00,0.00]	1	1	0.1		1	1		26	0	0.188254	0	[0.00,0.00]	1	1	0.1		1	1		10	0	0.0724055	0	[0.00,0.00]	1	1	0.1		1	1		30	0	0.217216	0	[0.00,0.00]	1	1	0.1		1	1		9	0	0.0651649	0	[0.00,0.00]	1	1	0.1		1	1		7	0	0.0506838	0	[0.00,0.00]	1	1	0.1		1	1		10	0	0.0724055	0	[0.00,0.00]	1	1	0.1		1	1		5	0	0.0362027	0	[0.00,0.00]	1	1	0.1		1	1		6	0	0.0434433	0	[0.00,0.00]	1	1	0.1		1	1		7	0	0.0506838	0	[0.00,0.00]	1	1	0.1		1	1		23	0	0.166533	0	[0.00,0.00]	1	1	0.1		1	1		20	0	0.144811	0	[0.00,0.00]	1	1	0.1		1	1		14	0	0.101368	0	[0.00,0.00]	1	1	0.1		1	1		14	0	0.101368	0	[0.00,0.00]	1	1	0.1		1	1		4	0	0.0289622	0	[0.00,0.00]	1	1	0.1		1	1		1	0	0.00724055	0	[0.00,0.00]	1	1	0.1		1	1		75	0	0.543041	0	[0.00,0.00]	1	1	0.1		1	1		17	0	0.123089	0	[0.00,0.00]	1	1	0.1		1	1		42	0	0.304103	0	[0.00,0.00]	1	1	0.1		1	1		37	0	0.2679	0	[0.00,0.00]	1	1	0.1		1	1		4	0	0.0289622	0	[0.00,0.00]	1	1	0.1		1	1		37	0	0.2679	0	[0.00,0.00]	1	1	0.1		1	1		13	0	0.0941271	0	[0.00,0.00]	1	1	0.1		1	1		10	0	0.0724055	0	[0.00,0.00]	1	1	0.1		1	1		49	1	0.354787	3.08854	[0.38,25.19]	0.258603	1	0.1		0.954076	1		4	0	0.0289622	0	[0.00,0.00]	1	1	0.1		1	1		19	0	0.13757	0	[0.00,0.00]	1	1	0.1		1	1		4	0	0.0289622	0	[0.00,0.00]	1	1	0.1		1	1		3	0	0.0217216	0	[0.00,0.00]	1	1	0.1		1	1		10	0	0.0724055	0	[0.00,0.00]	1	1	0.1		1	1		16	0	0.115849	0	[0.00,0.00]	1	1	0.1		1	1		6	0	0.0434433	0	[0.00,0.00]	1	1	0.1		1	1		10	0	0.0724055	0	[0.00,0.00]	1	1	0.1		1	1		42	0	0.304103	0	[0.00,0.00]	1	1	0.1		1	1		3	0	0.0217216	0	[0.00,0.00]	1	1	0.1		1	1		6	0	0.0434433	0	[0.00,0.00]	1	1	0.1		1	1		38	0	0.275141	0	[0.00,0.00]	1	1	0.1		1	1		37	0	0.2679	0	[0.00,0.00]	1	1	0.1		1	1		124	0	0.897828	0	[0.00,0.00]	1	1	0.1		1	1		124	0	0.897828	0	[0.00,0.00]	1	1	0.1		1	1		20	0	0.144811	0	[0.00,0.00]	1	1	0.1		1	1		6	0	0.0434433	0	[0.00,0.00]	1	1	0.1		1	1		7	0	0.0506838	0	[0.00,0.00]	1	1	0.1		1	1		36	0	0.26066	0	[0.00,0.00]	1	1	0.1		1	1		12	0	0.0868866	0	[0.00,0.00]	1	1	0.1		1	1		
17	84	122	12	8.24457	1.58939	[0.84,3.02]	0.121026	1	0.1		0.871902	1		8	0	0.540628	0	[0.00,0.00]	1	1	0.1		1	1		43	3	2.90587	1.03611	[0.31,3.42]	0.669839	1	0.1		0.236105	1		10	1	0.675784	1.53949	[0.19,12.30]	0.361875	1	0.1		0.8573	1		25	5	1.68946	3.60443	[1.32,9.86]	0.0176967	1	0.1		0.995022	1		72	6	4.86565	1.27389	[0.54,3.03]	0.41767	1	0.1		0.525989	1		42	3	2.83829	1.06363	[0.32,3.52]	0.444463	1	0.1		0.476777	1		14	1	0.946098	1.06209	[0.14,8.22]	0.756708	1	0.1		0.383242	1		8	0	0.540628	0	[0.00,0.00]	1	1	0.1		1	1		124	13	8.37973	1.72871	[0.93,3.22]	0.0563579	1	0.1		0.943907	1		36	5	2.43282	2.30298	[0.87,6.09]	0.0598627	1	0.1		0.969976	1		40	2	2.70314	0.719512	[0.17,3.04]	0.484188	1	0.1		0.251724	1		16	1	1.08126	0.918876	[0.12,7.04]	0.704946	1	0.1		0.380807	1		11	1	0.743363	1.38434	[0.18,10.95]	0.371267	1	0.1		0.83294	1		6	1	0.405471	2.78072	[0.32,24.08]	0.286759	1	0.1		0.943347	1		14	3	0.946098	3.86532	[1.06,14.13]	0.0515031	1	0.1		0.988471	1		10	1	0.675784	1.53949	[0.19,12.30]	0.361875	1	0.1		0.8573	1		5	1	0.337892	3.47892	[0.38,31.48]	0.256139	1	0.1		0.96052	1		26	3	1.75704	1.82931	[0.54,6.22]	0.320771	1	0.1		0.748082	1		10	1	0.675784	1.53949	[0.19,12.30]	0.361875	1	0.1		0.8573	1		30	1	2.02735	0.469464	[0.06,3.49]	0.38582	1	0.1		0.266374	1		9	0	0.608206	0	[0.00,0.00]	1	1	0.1		1	1		7	0	0.473049	0	[0.00,0.00]	1	1	0.1		1	1		10	1	0.675784	1.53949	[0.19,12.30]	0.361875	1	0.1		0.8573	1		5	1	0.337892	3.47892	[0.38,31.48]	0.256139	1	0.1		0.96052	1		6	0	0.405471	0	[0.00,0.00]	1	1	0.1		1	1		7	0	0.473049	0	[0.00,0.00]	1	1	0.1		1	1		23	3	1.5543	2.10926	[0.61,7.25]	0.135381	1	0.1		0.935923	1		20	1	1.35157	0.722892	[0.10,5.47]	0.603568	1	0.1		0.359573	1		14	0	0.946098	0	[0.00,0.00]	1	1	0.1		1	1		14	1	0.946098	1.06209	[0.14,8.22]	0.756708	1	0.1		0.383242	1		4	0	0.270314	0	[0.00,0.00]	1	1	0.1		1	1		1	0	0.0675784	0	[0.00,0.00]	1	1	0.1		1	1		75	9	5.06838	1.98727	[0.95,4.14]	0.0648383	1	0.1		0.944658	1		17	0	1.14883	0	[0.00,0.00]	1	1	0.1		1	1		42	2	2.83829	0.682317	[0.16,2.87]	0.450207	1	0.1		0.241261	1		37	1	2.5004	0.375837	[0.05,2.78]	0.271959	1	0.1		0.199775	1		4	0	0.270314	0	[0.00,0.00]	1	1	0.1		1	1		37	4	2.5004	1.70606	[0.59,4.94]	0.210254	1	0.1		0.829188	1		13	2	0.87852	2.54545	[0.55,11.68]	0.165546	1	0.1		0.948005	1		10	0	0.675784	0	[0.00,0.00]	1	1	0.1		1	1		49	3	3.31134	0.896135	[0.27,2.94]	0.574362	1	0.1		0.231546	1		4	0	0.270314	0	[0.00,0.00]	1	1	0.1		1	1		19	2	1.28399	1.63845	[0.37,7.21]	0.239696	1	0.1		0.868113	1		4	0	0.270314	0	[0.00,0.00]	1	1	0.1		1	1		3	0	0.202735	0	[0.00,0.00]	1	1	0.1		1	1		10	1	0.675784	1.53949	[0.19,12.30]	0.361875	1	0.1		0.8573	1		16	3	1.08126	3.26496	[0.91,11.69]	0.0691313	1	0.1		0.98111	1		6	0	0.405471	0	[0.00,0.00]	1	1	0.1		1	1		10	1	0.675784	1.53949	[0.19,12.30]	0.361875	1	0.1		0.8573	1		42	3	2.83829	1.06363	[0.32,3.52]	0.444463	1	0.1		0.476777	1		3	0	0.202735	0	[0.00,0.00]	1	1	0.1		1	1		6	0	0.405471	0	[0.00,0.00]	1	1	0.1		1	1		38	3	2.56798	1.18942	[0.36,3.95]	0.486904	1	0.1		0.489926	1		37	5	2.5004	2.22903	[0.85,5.88]	0.0646859	1	0.1		0.966058	1		124	13	8.37973	1.72871	[0.93,3.22]	0.0563579	1	0.1		0.943907	1		124	13	8.37973	1.72871	[0.93,3.22]	0.0563579	1	0.1		0.943907	1		20	2	1.35157	1.54607	[0.35,6.78]	0.492482	1	0.1		0.608059	1		6	0	0.405471	0	[0.00,0.00]	1	1	0.1		1	1		7	0	0.473049	0	[0.00,0.00]	1	1	0.1		1	1		36	5	2.43282	2.30298	[0.87,6.09]	0.0598627	1	0.1		0.969976	1		12	2	0.810941	2.80244	[0.60,13.00]	0.150074	1	0.1		0.958002	1		
18	35	122	2	3.43524	0.549495	[0.13,2.32]	0.31512	1	0.1		0.189424	1		8	0	0.225261	0	[0.00,0.00]	1	1	0.1		1	1		43	0	1.21078	0	[0.00,0.00]	1	1	0.1		1	1		10	0	0.281577	0	[0.00,0.00]	1	1	0.1		1	1		25	0	0.703942	0	[0.00,0.00]	1	1	0.1		1	1		72	1	2.02735	0.471002	[0.06,3.49]	0.386665	1	0.1		0.266447	1		42	0	1.18262	0	[0.00,0.00]	1	1	0.1		1	1		14	0	0.394208	0	[0.00,0.00]	1	1	0.1		1	1		8	0	0.225261	0	[0.00,0.00]	1	1	0.1		1	1		124	2	3.49155	0.539493	[0.13,2.28]	0.304037	1	0.1		0.184353	1		36	1	1.01368	0.985714	[0.13,7.41]	0.730785	1	0.1		0.378458	1		40	0	1.12631	0	[0.00,0.00]	1	1	0.1		1	1		16	0	0.450523	0	[0.00,0.00]	1	1	0.1		1	1		11	0	0.309735	0	[0.00,0.00]	1	1	0.1		1	1		6	0	0.168946	0	[0.00,0.00]	1	1	0.1		1	1		14	0	0.394208	0	[0.00,0.00]	1	1	0.1		1	1		10	0	0.281577	0	[0.00,0.00]	1	1	0.1		1	1		5	0	0.140788	0	[0.00,0.00]	1	1	0.1		1	1		26	0	0.7321	0	[0.00,0.00]	1	1	0.1		1	1		10	0	0.281577	0	[0.00,0.00]	1	1	0.1		1	1		30	1	0.84473	1.19574	[0.16,9.04]	0.374174	1	0.1		0.794319	1		9	0	0.253419	0	[0.00,0.00]	1	1	0.1		1	1		7	0	0.197104	0	[0.00,0.00]	1	1	0.1		1	1		10	0	0.281577	0	[0.00,0.00]	1	1	0.1		1	1		5	0	0.140788	0	[0.00,0.00]	1	1	0.1		1	1		6	0	0.168946	0	[0.00,0.00]	1	1	0.1		1	1		7	0	0.197104	0	[0.00,0.00]	1	1	0.1		1	1		23	0	0.647627	0	[0.00,0.00]	1	1	0.1		1	1		20	0	0.563154	0	[0.00,0.00]	1	1	0.1		1	1		14	0	0.394208	0	[0.00,0.00]	1	1	0.1		1	1		14	0	0.394208	0	[0.00,0.00]	1	1	0.1		1	1		4	0	0.112631	0	[0.00,0.00]	1	1	0.1		1	1		1	0	0.0281577	0	[0.00,0.00]	1	1	0.1		1	1		75	1	2.11183	0.450715	[0.06,3.34]	0.363798	1	0.1		0.254049	1		17	0	0.478681	0	[0.00,0.00]	1	1	0.1		1	1		42	0	1.18262	0	[0.00,0.00]	1	1	0.1		1	1		37	1	1.04183	0.957516	[0.13,7.19]	0.720124	1	0.1		0.378014	1		4	0	0.112631	0	[0.00,0.00]	1	1	0.1		1	1		37	2	1.04183	2.03117	[0.47,8.80]	0.197225	1	0.1		0.917349	1		13	0	0.36605	0	[0.00,0.00]	1	1	0.1		1	1		10	0	0.281577	0	[0.00,0.00]	1	1	0.1		1	1		49	3	1.37973	2.36821	[0.70,8.02]	0.110896	1	0.1		0.954634	1		4	0	0.112631	0	[0.00,0.00]	1	1	0.1		1	1		19	0	0.534996	0	[0.00,0.00]	1	1	0.1		1	1		4	0	0.112631	0	[0.00,0.00]	1	1	0.1		1	1		3	0	0.084473	0	[0.00,0.00]	1	1	0.1		1	1		10	0	0.281577	0	[0.00,0.00]	1	1	0.1		1	1		16	0	0.450523	0	[0.00,0.00]	1	1	0.1		1	1		6	0	0.168946	0	[0.00,0.00]	1	1	0.1		1	1		10	0	0.281577	0	[0.00,0.00]	1	1	0.1		1	1		42	0	1.18262	0	[0.00,0.00]	1	1	0.1		1	1		3	0	0.084473	0	[0.00,0.00]	1	1	0.1		1	1		6	0	0.168946	0	[0.00,0.00]	1	1	0.1		1	1		38	0	1.06999	0	[0.00,0.00]	1	1	0.1		1	1		37	1	1.04183	0.957516	[0.13,7.19]	0.720124	1	0.1		0.378014	1		124	2	3.49155	0.539493	[0.13,2.28]	0.304037	1	0.1		0.184353	1		124	2	3.49155	0.539493	[0.13,2.28]	0.304037	1	0.1		0.184353	1		20	0	0.563154	0	[0.00,0.00]	1	1	0.1		1	1		6	0	0.168946	0	[0.00,0.00]	1	1	0.1		1	1		7	0	0.197104	0	[0.00,0.00]	1	1	0.1		1	1		36	1	1.01368	0.985714	[0.13,7.41]	0.730785	1	0.1		0.378458	1		12	0	0.337892	0	[0.00,0.00]	1	1	0.1		1	1		
19	59	122	7	5.79083	1.25134	[0.56,2.82]	0.292528	1	0.1		0.634813	1		8	0	0.379726	0	[0.00,0.00]	1	1	0.1		1	1		43	4	2.04103	2.1352	[0.74,6.19]	0.0938675	1	0.1		0.951201	1		10	2	0.474658	5.15789	[1.07,24.85]	0.0684015	1	0.1		0.990389	1		25	3	1.18665	2.82955	[0.82,9.74]	0.0839665	1	0.1		0.972575	1		72	7	3.41754	2.31746	[1.01,5.30]	0.0589508	1	0.1		0.955563	1		42	4	1.99356	2.1933	[0.76,6.36]	0.0892215	1	0.1		0.955287	1		14	0	0.664521	0	[0.00,0.00]	1	1	0.1		1	1		8	0	0.379726	0	[0.00,0.00]	1	1	0.1		1	1		124	6	5.88576	1.02271	[0.43,2.43]	0.626702	1	0.1		0.17346	1		36	0	1.70877	0	[0.00,0.00]	1	1	0.1		1	1		40	2	1.89863	1.05817	[0.25,4.50]	0.420125	1	0.1		0.567055	1		16	2	0.759453	2.93233	[0.65,13.21]	0.137228	1	0.1		0.963393	1		11	1	0.522124	2.02414	[0.25,16.08]	0.323072	1	0.1		0.90749	1		6	0	0.284795	0	[0.00,0.00]	1	1	0.1		1	1		14	2	0.664521	3.4269	[0.75,15.67]	0.114438	1	0.1		0.974546	1		10	0	0.474658	0	[0.00,0.00]	1	1	0.1		1	1		5	1	0.237329	5.08621	[0.56,46.23]	0.19596	1	0.1		0.979802	1		26	0	1.23411	0	[0.00,0.00]	1	1	0.1		1	1		10	0	0.474658	0	[0.00,0.00]	1	1	0.1		1	1		30	2	1.42397	1.44862	[0.34,6.23]	0.483064	1	0.1		0.604686	1		9	0	0.427192	0	[0.00,0.00]	1	1	0.1		1	1		7	0	0.332261	0	[0.00,0.00]	1	1	0.1		1	1		10	1	0.474658	2.25096	[0.28,18.07]	0.3082	1	0.1		0.921987	1		5	0	0.237329	0	[0.00,0.00]	1	1	0.1		1	1		6	1	0.284795	4.06552	[0.47,35.37]	0.224136	1	0.1		0.970621	1		7	0	0.332261	0	[0.00,0.00]	1	1	0.1		1	1		23	0	1.09171	0	[0.00,0.00]	1	1	0.1		1	1		20	0	0.949316	0	[0.00,0.00]	1	1	0.1		1	1		14	2	0.664521	3.4269	[0.75,15.67]	0.114438	1	0.1		0.974546	1		14	0	0.664521	0	[0.00,0.00]	1	1	0.1		1	1		4	0	0.189863	0	[0.00,0.00]	1	1	0.1		1	1		1	0	0.0474658	0	[0.00,0.00]	1	1	0.1		1	1		75	5	3.55994	1.47354	[0.57,3.80]	0.257265	1	0.1		0.745042	1		17	3	0.806919	4.47704	[1.25,16.03]	0.0361244	1	0.1		0.993143	1		42	5	1.99356	2.87037	[1.08,7.59]	0.0325149	1	0.1		0.987802	1		37	2	1.75623	1.15188	[0.27,4.91]	0.439096	1	0.1		0.584222	1		4	0	0.189863	0	[0.00,0.00]	1	1	0.1		1	1		37	3	1.75623	1.81197	[0.54,6.08]	0.160829	1	0.1		0.906022	1		13	1	0.617056	1.68391	[0.22,13.17]	0.346695	1	0.1		0.876456	1		10	1	0.474658	2.25096	[0.28,18.07]	0.3082	1	0.1		0.921987	1		49	5	2.32582	2.39899	[0.91,6.29]	0.0527753	1	0.1		0.974909	1		4	0	0.189863	0	[0.00,0.00]	1	1	0.1		1	1		19	1	0.90185	1.11686	[0.15,8.51]	0.378992	1	0.1		0.773198	1		4	0	0.189863	0	[0.00,0.00]	1	1	0.1		1	1		3	1	0.142397	10.1897	[0.91,114.01]	0.129403	1	0.1		0.993554	1		10	1	0.474658	2.25096	[0.28,18.07]	0.3082	1	0.1		0.921987	1		16	0	0.759453	0	[0.00,0.00]	1	1	0.1		1	1		6	1	0.284795	4.06552	[0.47,35.37]	0.224136	1	0.1		0.970621	1		10	0	0.474658	0	[0.00,0.00]	1	1	0.1		1	1		42	0	1.99356	0	[0.00,0.00]	1	1	0.1		1	1		3	0	0.142397	0	[0.00,0.00]	1	1	0.1		1	1		6	1	0.284795	4.06552	[0.47,35.37]	0.224136	1	0.1		0.970621	1		38	0	1.8037	0	[0.00,0.00]	1	1	0.1		1	1		37	0	1.75623	0	[0.00,0.00]	1	1	0.1		1	1		124	6	5.88576	1.02271	[0.43,2.43]	0.626702	1	0.1		0.17346	1		124	6	5.88576	1.02271	[0.43,2.43]	0.626702	1	0.1		0.17346	1		20	1	0.949316	1.05717	[0.14,8.03]	0.755239	1	0.1		0.380035	1		6	1	0.284795	4.06552	[0.47,35.37]	0.224136	1	0.1		0.970621	1		7	1	0.332261	3.38506	[0.40,28.58]	0.249231	1	0.1		0.960112	1		36	0	1.70877	0	[0.00,0.00]	1	1	0.1		1	1		12	0	0.56959	0	[0.00,0.00]	1	1	0.1		1	1		
20	51	122	13	5.00563	3.39908	[1.76,6.58]	0.00057021	1	0.1		0.999796	1		8	1	0.328238	3.38571	[0.41,28.05]	0.246016	1	0.1		0.960546	1		43	1	1.76428	0.547619	[0.07,4.06]	0.464769	1	0.1		0.304888	1		10	0	0.410298	0	[0.00,0.00]	1	1	0.1		1	1		25	1	1.02574	0.973333	[0.13,7.34]	0.726211	1	0.1		0.379009	1		72	5	2.95414	1.82511	[0.70,4.74]	0.14337	1	0.1		0.886095	1		42	1	1.72325	0.561463	[0.08,4.16]	0.477706	1	0.1		0.310734	1		14	1	0.574417	1.81385	[0.23,14.14]	0.335804	1	0.1		0.890304	1		8	0	0.328238	0	[0.00,0.00]	1	1	0.1		1	1		124	4	5.08769	0.760284	[0.27,2.15]	0.411573	1	0.1		0.179216	1		36	2	1.47707	1.39016	[0.32,5.95]	0.476009	1	0.1		0.603042	1		40	1	1.64119	0.591282	[0.08,4.39]	0.504262	1	0.1		0.322172	1		16	1	0.656476	1.56933	[0.20,12.12]	0.353172	1	0.1		0.862588	1		11	0	0.451327	0	[0.00,0.00]	1	1	0.1		1	1		6	0	0.246179	0	[0.00,0.00]	1	1	0.1		1	1		14	0	0.574417	0	[0.00,0.00]	1	1	0.1		1	1		10	0	0.410298	0	[0.00,0.00]	1	1	0.1		1	1		5	0	0.205149	0	[0.00,0.00]	1	1	0.1		1	1		26	1	1.06677	0.9336	[0.12,7.03]	0.710653	1	0.1		0.377989	1		10	1	0.410298	2.62889	[0.33,21.15]	0.283113	1	0.1		0.939826	1		30	1	1.23089	0.802069	[0.11,6.01]	0.648934	1	0.1		0.368685	1		9	1	0.369268	2.96	[0.36,24.13]	0.265562	1	0.1		0.950586	1		7	1	0.287208	3.95333	[0.47,33.46]	0.224339	1	0.1		0.969621	1		10	1	0.410298	2.62889	[0.33,21.15]	0.283113	1	0.1		0.939826	1		5	0	0.205149	0	[0.00,0.00]	1	1	0.1		1	1		6	0	0.246179	0	[0.00,0.00]	1	1	0.1		1	1		7	1	0.287208	3.95333	[0.47,33.46]	0.224339	1	0.1		0.969621	1		23	0	0.943685	0	[0.00,0.00]	1	1	0.1		1	1		20	2	0.820595	2.66213	[0.60,11.80]	0.151203	1	0.1		0.954677	1		14	1	0.574417	1.81385	[0.23,14.14]	0.335804	1	0.1		0.890304	1		14	1	0.574417	1.81385	[0.23,14.14]	0.335804	1	0.1		0.890304	1		4	0	0.164119	0	[0.00,0.00]	1	1	0.1		1	1		1	0	0.0410298	0	[0.00,0.00]	1	1	0.1		1	1		75	4	3.07723	1.34372	[0.47,3.83]	0.354298	1	0.1		0.637998	1		17	2	0.697506	3.20272	[0.71,14.39]	0.122329	1	0.1		0.970526	1		42	2	1.72325	1.17551	[0.28,5.00]	0.44345	1	0.1		0.587211	1		37	3	1.5181	2.12868	[0.63,7.18]	0.129953	1	0.1		0.93892	1		4	3	0.164119	74.4375	[7.60,728.87]	0.000250776	1	0.1		0.999997	1		37	7	1.5181	6.16212	[2.57,14.80]	0.000443346	1	0.1		0.999929	1		13	0	0.533387	0	[0.00,0.00]	1	1	0.1		1	1		10	1	0.410298	2.62889	[0.33,21.15]	0.283113	1	0.1		0.939826	1		49	2	2.01046	0.994355	[0.23,4.21]	0.674031	1	0.1		0.281907	1		4	0	0.164119	0	[0.00,0.00]	1	1	0.1		1	1		19	1	0.779566	1.30444	[0.17,9.97]	0.370144	1	0.1		0.818595	1		4	0	0.164119	0	[0.00,0.00]	1	1	0.1		1	1		3	0	0.123089	0	[0.00,0.00]	1	1	0.1		1	1		10	1	0.410298	2.62889	[0.33,21.15]	0.283113	1	0.1		0.939826	1		16	2	0.656476	3.4344	[0.76,15.53]	0.112427	1	0.1		0.975016	1		6	0	0.246179	0	[0.00,0.00]	1	1	0.1		1	1		10	0	0.410298	0	[0.00,0.00]	1	1	0.1		1	1		42	2	1.72325	1.17551	[0.28,5.00]	0.44345	1	0.1		0.587211	1		3	1	0.123089	11.9	[1.06,133.44]	0.113374	1	0.1		0.995175	1		6	0	0.246179	0	[0.00,0.00]	1	1	0.1		1	1		38	2	1.55913	1.31066	[0.31,5.60]	0.465123	1	0.1		0.599723	1		37	2	1.5181	1.34927	[0.32,5.77]	0.470556	1	0.1		0.601652	1		124	4	5.08769	0.760284	[0.27,2.15]	0.411573	1	0.1		0.179216	1		124	4	5.08769	0.760284	[0.27,2.15]	0.411573	1	0.1		0.179216	1		20	1	0.820595	1.23474	[0.16,9.41]	0.373709	1	0.1		0.803475	1		6	0	0.246179	0	[0.00,0.00]	1	1	0.1		1	1		7	0	0.287208	0	[0.00,0.00]	1	1	0.1		1	1		36	2	1.47707	1.39016	[0.32,5.95]	0.476009	1	0.1		0.603042	1		12	1	0.492357	2.14727	[0.27,16.96]	0.31273	1	0.1		0.916218	1		
21	8	122	0	0.785197	0	[0.00,0.00]	1	1	0.1		1	1		8	0	0.0514883	0	[0.00,0.00]	1	1	0.1		1	1		43	0	0.27675	0	[0.00,0.00]	1	1	0.1		1	1		10	0	0.0643604	0	[0.00,0.00]	1	1	0.1		1	1		25	0	0.160901	0	[0.00,0.00]	1	1	0.1		1	1		72	0	0.463395	0	[0.00,0.00]	1	1	0.1		1	1		42	0	0.270314	0	[0.00,0.00]	1	1	0.1		1	1		14	0	0.0901046	0	[0.00,0.00]	1	1	0.1		1	1		8	0	0.0514883	0	[0.00,0.00]	1	1	0.1		1	1		124	1	0.798069	1.29152	[0.16,10.58]	0.383875	1	0.1		0.814187	1		36	1	0.231698	4.89796	[0.59,40.89]	0.189586	1	0.1		0.97953	1		40	0	0.257442	0	[0.00,0.00]	1	1	0.1		1	1		16	0	0.102977	0	[0.00,0.00]	1	1	0.1		1	1		11	0	0.0707965	0	[0.00,0.00]	1	1	0.1		1	1		6	0	0.0386163	0	[0.00,0.00]	1	1	0.1		1	1		14	0	0.0901046	0	[0.00,0.00]	1	1	0.1		1	1		10	0	0.0643604	0	[0.00,0.00]	1	1	0.1		1	1		5	0	0.0321802	0	[0.00,0.00]	1	1	0.1		1	1		26	1	0.167337	6.91429	[0.82,58.32]	0.145085	1	0.1		0.989092	1		10	0	0.0643604	0	[0.00,0.00]	1	1	0.1		1	1		30	0	0.193081	0	[0.00,0.00]	1	1	0.1		1	1		9	0	0.0579244	0	[0.00,0.00]	1	1	0.1		1	1		7	0	0.0450523	0	[0.00,0.00]	1	1	0.1		1	1		10	0	0.0643604	0	[0.00,0.00]	1	1	0.1		1	1		5	0	0.0321802	0	[0.00,0.00]	1	1	0.1		1	1		6	0	0.0386163	0	[0.00,0.00]	1	1	0.1		1	1		7	0	0.0450523	0	[0.00,0.00]	1	1	0.1		1	1		23	0	0.148029	0	[0.00,0.00]	1	1	0.1		1	1		20	0	0.128721	0	[0.00,0.00]	1	1	0.1		1	1		14	0	0.0901046	0	[0.00,0.00]	1	1	0.1		1	1		14	0	0.0901046	0	[0.00,0.00]	1	1	0.1		1	1		4	1	0.0257442	58.6667	[5.42,635.17]	0.025311	1	0.1		0.999784	1		1	0	0.00643604	0	[0.00,0.00]	1	1	0.1		1	1		75	0	0.482703	0	[0.00,0.00]	1	1	0.1		1	1		17	0	0.109413	0	[0.00,0.00]	1	1	0.1		1	1		42	0	0.270314	0	[0.00,0.00]	1	1	0.1		1	1		37	0	0.238134	0	[0.00,0.00]	1	1	0.1		1	1		4	0	0.0257442	0	[0.00,0.00]	1	1	0.1		1	1		37	0	0.238134	0	[0.00,0.00]	1	1	0.1		1	1		13	0	0.0836685	0	[0.00,0.00]	1	1	0.1		1	1		10	0	0.0643604	0	[0.00,0.00]	1	1	0.1		1	1		49	0	0.315366	0	[0.00,0.00]	1	1	0.1		1	1		4	0	0.0257442	0	[0.00,0.00]	1	1	0.1		1	1		19	0	0.122285	0	[0.00,0.00]	1	1	0.1		1	1		4	0	0.0257442	0	[0.00,0.00]	1	1	0.1		1	1		3	0	0.0193081	0	[0.00,0.00]	1	1	0.1		1	1		10	0	0.0643604	0	[0.00,0.00]	1	1	0.1		1	1		16	0	0.102977	0	[0.00,0.00]	1	1	0.1		1	1		6	0	0.0386163	0	[0.00,0.00]	1	1	0.1		1	1		10	0	0.0643604	0	[0.00,0.00]	1	1	0.1		1	1		42	1	0.270314	4.16028	[0.50,34.60]	0.213583	1	0.1		0.972565	1		3	0	0.0193081	0	[0.00,0.00]	1	1	0.1		1	1		6	0	0.0386163	0	[0.00,0.00]	1	1	0.1		1	1		38	1	0.24457	4.62548	[0.55,38.56]	0.197804	1	0.1		0.977306	1		37	1	0.238134	4.75794	[0.57,39.69]	0.193723	1	0.1		0.978431	1		124	1	0.798069	1.29152	[0.16,10.58]	0.383875	1	0.1		0.814187	1		124	1	0.798069	1.29152	[0.16,10.58]	0.383875	1	0.1		0.814187	1		20	0	0.128721	0	[0.00,0.00]	1	1	0.1		1	1		6	0	0.0386163	0	[0.00,0.00]	1	1	0.1		1	1		7	0	0.0450523	0	[0.00,0.00]	1	1	0.1		1	1		36	1	0.231698	4.89796	[0.59,40.89]	0.189586	1	0.1		0.97953	1		12	0	0.0772325	0	[0.00,0.00]	1	1	0.1		1	1		
22	20	122	2	1.96299	1.0213	[0.23,4.46]	0.687786	1	0.1		0.287426	1		8	2	0.128721	22.537	[4.26,119.32]	0.00631247	1	0.1		0.99981	1		43	2	0.691874	3.20325	[0.72,14.27]	0.120893	1	0.1		0.970839	1		10	0	0.160901	0	[0.00,0.00]	1	1	0.1		1	1		25	0	0.402253	0	[0.00,0.00]	1	1	0.1		1	1		72	2	1.15849	1.83016	[0.42,8.05]	0.21961	1	0.1		0.895337	1		42	2	0.675784	3.28611	[0.74,14.65]	0.117024	1	0.1		0.972593	1		14	0	0.225261	0	[0.00,0.00]	1	1	0.1		1	1		8	0	0.128721	0	[0.00,0.00]	1	1	0.1		1	1		124	5	1.99517	3.09244	[1.10,8.66]	0.0309693	1	0.1		0.989529	1		36	3	0.579244	6.36364	[1.78,22.78]	0.0160668	1	0.1		0.997934	1		40	0	0.643604	0	[0.00,0.00]	1	1	0.1		1	1		16	1	0.257442	4.2386	[0.53,33.74]	0.204022	1	0.1		0.974205	1		11	1	0.176991	6.38421	[0.78,52.40]	0.151619	1	0.1		0.987593	1		6	1	0.0965406	12.8211	[1.43,115.06]	0.0893676	1	0.1		0.996448	1		14	0	0.225261	0	[0.00,0.00]	1	1	0.1		1	1		10	0	0.160901	0	[0.00,0.00]	1	1	0.1		1	1		5	0	0.0804505	0	[0.00,0.00]	1	1	0.1		1	1		26	3	0.418343	9.20716	[2.52,33.61]	0.00673795	1	0.1		0.999418	1		10	2	0.160901	16.875	[3.35,85.09]	0.00985136	1	0.1		0.999601	1		30	1	0.482703	2.16697	[0.28,16.74]	0.307101	1	0.1		0.918231	1		9	0	0.144811	0	[0.00,0.00]	1	1	0.1		1	1		7	2	0.112631	27.0667	[4.92,148.85]	0.00480432	1	0.1		0.99988	1		10	0	0.160901	0	[0.00,0.00]	1	1	0.1		1	1		5	0	0.0804505	0	[0.00,0.00]	1	1	0.1		1	1		6	0	0.0965406	0	[0.00,0.00]	1	1	0.1		1	1		7	0	0.112631	0	[0.00,0.00]	1	1	0.1		1	1		23	1	0.370072	2.87321	[0.37,22.42]	0.26286	1	0.1		0.949152	1		20	0	0.321802	0	[0.00,0.00]	1	1	0.1		1	1		14	0	0.225261	0	[0.00,0.00]	1	1	0.1		1	1		14	0	0.225261	0	[0.00,0.00]	1	1	0.1		1	1		4	0	0.0643604	0	[0.00,0.00]	1	1	0.1		1	1		1	0	0.0160901	0	[0.00,0.00]	1	1	0.1		1	1		75	3	1.20676	2.82108	[0.81,9.85]	0.0866069	1	0.1		0.971684	1		17	1	0.273532	3.97039	[0.50,31.48]	0.213417	1	0.1		0.971045	1		42	1	0.675784	1.51733	[0.20,11.61]	0.355429	1	0.1		0.855568	1		37	2	0.595334	3.77143	[0.84,16.89]	0.0976013	1	0.1		0.98047	1		4	0	0.0643604	0	[0.00,0.00]	1	1	0.1		1	1		37	0	0.595334	0	[0.00,0.00]	1	1	0.1		1	1		13	0	0.209171	0	[0.00,0.00]	1	1	0.1		1	1		10	1	0.160901	7.09942	[0.86,58.86]	0.139993	1	0.1		0.98975	1		49	1	0.788415	1.28838	[0.17,9.82]	0.370765	1	0.1		0.815304	1		4	1	0.0643604	21.4035	[2.13,215.23]	0.0614493	1	0.1		0.998552	1		19	1	0.305712	3.52339	[0.45,27.76]	0.231186	1	0.1		0.964287	1		4	0	0.0643604	0	[0.00,0.00]	1	1	0.1		1	1		3	1	0.0482703	32.1316	[2.79,369.72]	0.0468042	1	0.1		0.999269	1		10	0	0.160901	0	[0.00,0.00]	1	1	0.1		1	1		16	1	0.257442	4.2386	[0.53,33.74]	0.204022	1	0.1		0.974205	1		6	1	0.0965406	12.8211	[1.43,115.06]	0.0893676	1	0.1		0.996448	1		10	1	0.160901	7.09942	[0.86,58.86]	0.139993	1	0.1		0.98975	1		42	3	0.675784	5.35747	[1.51,19.04]	0.0237211	1	0.1		0.996314	1		3	0	0.0482703	0	[0.00,0.00]	1	1	0.1		1	1		6	1	0.0965406	12.8211	[1.43,115.06]	0.0893676	1	0.1		0.996448	1		38	3	0.611424	5.98992	[1.68,21.38]	0.018452	1	0.1		0.997465	1		37	3	0.595334	6.17128	[1.73,22.06]	0.0172382	1	0.1		0.997708	1		124	5	1.99517	3.09244	[1.10,8.66]	0.0309693	1	0.1		0.989529	1		124	5	1.99517	3.09244	[1.10,8.66]	0.0309693	1	0.1		0.989529	1		20	1	0.321802	3.33518	[0.42,26.20]	0.239576	1	0.1		0.960699	1		6	0	0.0965406	0	[0.00,0.00]	1	1	0.1		1	1		7	1	0.112631	10.6754	[1.23,93.03]	0.102661	1	0.1		0.995076	1		36	3	0.579244	6.36364	[1.78,22.78]	0.0160668	1	0.1		0.997934	1		12	1	0.193081	5.79904	[0.71,47.20]	0.162852	1	0.1		0.985255	1		
23	1	122	0	0.0981496	0	[0.00,0.00]	1	1	0.1		1	1		8	0	0.00643604	0	[0.00,0.00]	1	1	0.1		1	1		43	0	0.0345937	0	[0.00,0.00]	1	1	0.1		1	1		10	0	0.00804505	0	[0.00,0.00]	1	1	0.1		1	1		25	0	0.0201126	0	[0.00,0.00]	1	1	0.1		1	1		72	0	0.0579244	0	[0.00,0.00]	1	1	0.1		1	1		42	0	0.0337892	0	[0.00,0.00]	1	1	0.1		1	1		14	0	0.0112631	0	[0.00,0.00]	1	1	0.1		1	1		8	0	0.00643604	0	[0.00,0.00]	1	1	0.1		1	1		124	0	0.0997586	0	[0.00,0.00]	1	1	0.1		1	1		36	0	0.0289622	0	[0.00,0.00]	1	1	0.1		1	1		40	0	0.0321802	0	[0.00,0.00]	1	1	0.1		1	1		16	0	0.0128721	0	[0.00,0.00]	1	1	0.1		1	1		11	0	0.00884956	0	[0.00,0.00]	1	1	0.1		1	1		6	0	0.00482703	0	[0.00,0.00]	1	1	0.1		1	1		14	0	0.0112631	0	[0.00,0.00]	1	1	0.1		1	1		10	0	0.00804505	0	[0.00,0.00]	1	1	0.1		1	1		5	0	0.00402253	0	[0.00,0.00]	1	1	0.1		1	1		26	0	0.0209171	0	[0.00,0.00]	1	1	0.1		1	1		10	0	0.00804505	0	[0.00,0.00]	1	1	0.1		1	1		30	0	0.0241352	0	[0.00,0.00]	1	1	0.1		1	1		9	0	0.00724055	0	[0.00,0.00]	1	1	0.1		1	1		7	0	0.00563154	0	[0.00,0.00]	1	1	0.1		1	1		10	0	0.00804505	0	[0.00,0.00]	1	1	0.1		1	1		5	0	0.00402253	0	[0.00,0.00]	1	1	0.1		1	1		6	0	0.00482703	0	[0.00,0.00]	1	1	0.1		1	1		7	0	0.00563154	0	[0.00,0.00]	1	1	0.1		1	1		23	0	0.0185036	0	[0.00,0.00]	1	1	0.1		1	1		20	0	0.0160901	0	[0.00,0.00]	1	1	0.1		1	1		14	0	0.0112631	0	[0.00,0.00]	1	1	0.1		1	1		14	0	0.0112631	0	[0.00,0.00]	1	1	0.1		1	1		4	0	0.00321802	0	[0.00,0.00]	1	1	0.1		1	1		1	0	0.000804505	0	[0.00,0.00]	1	1	0.1		1	1		75	0	0.0603379	0	[0.00,0.00]	1	1	0.1		1	1		17	0	0.0136766	0	[0.00,0.00]	1	1	0.1		1	1		42	0	0.0337892	0	[0.00,0.00]	1	1	0.1		1	1		37	0	0.0297667	0	[0.00,0.00]	1	1	0.1		1	1		4	0	0.00321802	0	[0.00,0.00]	1	1	0.1		1	1		37	0	0.0297667	0	[0.00,0.00]	1	1	0.1		1	1		13	0	0.0104586	0	[0.00,0.00]	1	1	0.1		1	1		10	0	0.00804505	0	[0.00,0.00]	1	1	0.1		1	1		49	0	0.0394208	0	[0.00,0.00]	1	1	0.1		1	1		4	0	0.00321802	0	[0.00,0.00]	1	1	0.1		1	1		19	0	0.0152856	0	[0.00,0.00]	1	1	0.1		1	1		4	0	0.00321802	0	[0.00,0.00]	1	1	0.1		1	1		3	0	0.00241352	0	[0.00,0.00]	1	1	0.1		1	1		10	0	0.00804505	0	[0.00,0.00]	1	1	0.1		1	1		16	0	0.0128721	0	[0.00,0.00]	1	1	0.1		1	1		6	0	0.00482703	0	[0.00,0.00]	1	1	0.1		1	1		10	0	0.00804505	0	[0.00,0.00]	1	1	0.1		1	1		42	0	0.0337892	0	[0.00,0.00]	1	1	0.1		1	1		3	0	0.00241352	0	[0.00,0.00]	1	1	0.1		1	1		6	0	0.00482703	0	[0.00,0.00]	1	1	0.1		1	1		38	0	0.0305712	0	[0.00,0.00]	1	1	0.1		1	1		37	0	0.0297667	0	[0.00,0.00]	1	1	0.1		1	1		124	0	0.0997586	0	[0.00,0.00]	1	1	0.1		1	1		124	0	0.0997586	0	[0.00,0.00]	1	1	0.1		1	1		20	0	0.0160901	0	[0.00,0.00]	1	1	0.1		1	1		6	0	0.00482703	0	[0.00,0.00]	1	1	0.1		1	1		7	0	0.00563154	0	[0.00,0.00]	1	1	0.1		1	1		36	0	0.0289622	0	[0.00,0.00]	1	1	0.1		1	1		12	0	0.00965406	0	[0.00,0.00]	1	1	0.1		1	1		
24	1	122	0	0.0981496	0	[0.00,0.00]	1	1	0.1		1	1		8	0	0.00643604	0	[0.00,0.00]	1	1	0.1		1	1		43	0	0.0345937	0	[0.00,0.00]	1	1	0.1		1	1		10	0	0.00804505	0	[0.00,0.00]	1	1	0.1		1	1		25	0	0.0201126	0	[0.00,0.00]	1	1	0.1		1	1		72	0	0.0579244	0	[0.00,0.00]	1	1	0.1		1	1		42	0	0.0337892	0	[0.00,0.00]	1	1	0.1		1	1		14	0	0.0112631	0	[0.00,0.00]	1	1	0.1		1	1		8	0	0.00643604	0	[0.00,0.00]	1	1	0.1		1	1		124	0	0.0997586	0	[0.00,0.00]	1	1	0.1		1	1		36	0	0.0289622	0	[0.00,0.00]	1	1	0.1		1	1		40	0	0.0321802	0	[0.00,0.00]	1	1	0.1		1	1		16	0	0.0128721	0	[0.00,0.00]	1	1	0.1		1	1		11	0	0.00884956	0	[0.00,0.00]	1	1	0.1		1	1		6	0	0.00482703	0	[0.00,0.00]	1	1	0.1		1	1		14	0	0.0112631	0	[0.00,0.00]	1	1	0.1		1	1		10	0	0.00804505	0	[0.00,0.00]	1	1	0.1		1	1		5	0	0.00402253	0	[0.00,0.00]	1	1	0.1		1	1		26	0	0.0209171	0	[0.00,0.00]	1	1	0.1		1	1		10	0	0.00804505	0	[0.00,0.00]	1	1	0.1		1	1		30	0	0.0241352	0	[0.00,0.00]	1	1	0.1		1	1		9	0	0.00724055	0	[0.00,0.00]	1	1	0.1		1	1		7	0	0.00563154	0	[0.00,0.00]	1	1	0.1		1	1		10	0	0.00804505	0	[0.00,0.00]	1	1	0.1		1	1		5	0	0.00402253	0	[0.00,0.00]	1	1	0.1		1	1		6	0	0.00482703	0	[0.00,0.00]	1	1	0.1		1	1		7	0	0.00563154	0	[0.00,0.00]	1	1	0.1		1	1		23	0	0.0185036	0	[0.00,0.00]	1	1	0.1		1	1		20	0	0.0160901	0	[0.00,0.00]	1	1	0.1		1	1		14	0	0.0112631	0	[0.00,0.00]	1	1	0.1		1	1		14	0	0.0112631	0	[0.00,0.00]	1	1	0.1		1	1		4	0	0.00321802	0	[0.00,0.00]	1	1	0.1		1	1		1	0	0.000804505	0	[0.00,0.00]	1	1	0.1		1	1		75	0	0.0603379	0	[0.00,0.00]	1	1	0.1		1	1		17	0	0.0136766	0	[0.00,0.00]	1	1	0.1		1	1		42	0	0.0337892	0	[0.00,0.00]	1	1	0.1		1	1		37	0	0.0297667	0	[0.00,0.00]	1	1	0.1		1	1		4	0	0.00321802	0	[0.00,0.00]	1	1	0.1		1	1		37	0	0.0297667	0	[0.00,0.00]	1	1	0.1		1	1		13	0	0.0104586	0	[0.00,0.00]	1	1	0.1		1	1		10	0	0.00804505	0	[0.00,0.00]	1	1	0.1		1	1		49	0	0.0394208	0	[0.00,0.00]	1	1	0.1		1	1		4	0	0.00321802	0	[0.00,0.00]	1	1	0.1		1	1		19	0	0.0152856	0	[0.00,0.00]	1	1	0.1		1	1		4	0	0.00321802	0	[0.00,0.00]	1	1	0.1		1	1		3	0	0.00241352	0	[0.00,0.00]	1	1	0.1		1	1		10	0	0.00804505	0	[0.00,0.00]	1	1	0.1		1	1		16	0	0.0128721	0	[0.00,0.00]	1	1	0.1		1	1		6	0	0.00482703	0	[0.00,0.00]	1	1	0.1		1	1		10	0	0.00804505	0	[0.00,0.00]	1	1	0.1		1	1		42	0	0.0337892	0	[0.00,0.00]	1	1	0.1		1	1		3	0	0.00241352	0	[0.00,0.00]	1	1	0.1		1	1		6	0	0.00482703	0	[0.00,0.00]	1	1	0.1		1	1		38	0	0.0305712	0	[0.00,0.00]	1	1	0.1		1	1		37	0	0.0297667	0	[0.00,0.00]	1	1	0.1		1	1		124	0	0.0997586	0	[0.00,0.00]	1	1	0.1		1	1		124	0	0.0997586	0	[0.00,0.00]	1	1	0.1		1	1		20	0	0.0160901	0	[0.00,0.00]	1	1	0.1		1	1		6	0	0.00482703	0	[0.00,0.00]	1	1	0.1		1	1		7	0	0.00563154	0	[0.00,0.00]	1	1	0.1		1	1		36	0	0.0289622	0	[0.00,0.00]	1	1	0.1		1	1		12	0	0.00965406	0	[0.00,0.00]	1	1	0.1		1	1		
25	62	122	11	6.08528	2.07914	[1.05,4.11]	0.0311636	1	0.1		0.97471	1		8	1	0.399035	2.74941	[0.33,22.70]	0.280239	1	0.1		0.943545	1		43	2	2.14481	0.926829	[0.22,3.92]	0.636149	1	0.1		0.280225	1		10	1	0.498793	2.13479	[0.27,17.12]	0.316535	1	0.1		0.914889	1		25	3	1.24698	2.67874	[0.78,9.20]	0.092335	1	0.1		0.967735	1		72	6	3.59131	1.81006	[0.75,4.35]	0.104351	1	0.1		0.915849	1		42	2	2.09493	0.950833	[0.22,4.03]	0.650199	1	0.1		0.281242	1		14	1	0.698311	1.47289	[0.19,11.44]	0.361658	1	0.1		0.848313	1		8	1	0.399035	2.74941	[0.33,22.70]	0.280239	1	0.1		0.943545	1		124	7	6.18504	1.15742	[0.52,2.60]	0.392973	1	0.1		0.488233	1		36	2	1.79566	1.12451	[0.26,4.79]	0.433875	1	0.1		0.580057	1		40	4	1.99517	2.19349	[0.76,6.37]	0.0893726	1	0.1		0.955228	1		16	2	0.798069	2.77857	[0.62,12.50]	0.146344	1	0.1		0.958413	1		11	1	0.548673	1.91967	[0.24,15.24]	0.330963	1	0.1		0.899229	1		6	0	0.299276	0	[0.00,0.00]	1	1	0.1		1	1		14	1	0.698311	1.47289	[0.19,11.44]	0.361658	1	0.1		0.848313	1		10	0	0.498793	0	[0.00,0.00]	1	1	0.1		1	1		5	2	0.249397	13.0889	[2.15,79.81]	0.021111	1	0.1		0.998899	1		26	2	1.29686	1.60694	[0.37,6.96]	0.239616	1	0.1		0.86394	1		10	0	0.498793	0	[0.00,0.00]	1	1	0.1		1	1		30	1	1.49638	0.651215	[0.09,4.86]	0.55291	1	0.1		0.341439	1		9	1	0.448914	2.40369	[0.30,19.53]	0.299697	1	0.1		0.929704	1		7	1	0.349155	3.21038	[0.38,27.09]	0.257939	1	0.1		0.956275	1		10	0	0.498793	0	[0.00,0.00]	1	1	0.1		1	1		5	0	0.249397	0	[0.00,0.00]	1	1	0.1		1	1		6	0	0.299276	0	[0.00,0.00]	1	1	0.1		1	1		7	0	0.349155	0	[0.00,0.00]	1	1	0.1		1	1		23	1	1.14722	0.863636	[0.11,6.51]	0.680127	1	0.1		0.375188	1		20	4	0.997586	5.02155	[1.63,15.50]	0.0126185	1	0.1		0.997721	1		14	1	0.698311	1.47289	[0.19,11.44]	0.361658	1	0.1		0.848313	1		14	0	0.698311	0	[0.00,0.00]	1	1	0.1		1	1		4	0	0.199517	0	[0.00,0.00]	1	1	0.1		1	1		1	0	0.0498793	0	[0.00,0.00]	1	1	0.1		1	1		75	6	3.74095	1.72671	[0.72,4.15]	0.190276	1	0.1		0.826934	1		17	2	0.847949	2.59111	[0.58,11.59]	0.157746	1	0.1		0.951257	1		42	4	2.09493	2.07441	[0.72,6.01]	0.0991548	1	0.1		0.946371	1		37	3	1.84553	1.71535	[0.51,5.75]	0.317765	1	0.1		0.745512	1		4	0	0.199517	0	[0.00,0.00]	1	1	0.1		1	1		37	3	1.84553	1.71535	[0.51,5.75]	0.317765	1	0.1		0.745512	1		13	1	0.648431	1.59699	[0.20,12.48]	0.353349	1	0.1		0.865837	1		10	2	0.498793	4.8875	[1.02,23.52]	0.0740741	1	0.1		0.988963	1		49	2	2.44409	0.804255	[0.19,3.39]	0.553196	1	0.1		0.26809	1		4	0	0.199517	0	[0.00,0.00]	1	1	0.1		1	1		19	0	0.947707	0	[0.00,0.00]	1	1	0.1		1	1		4	1	0.199517	6.43716	[0.66,62.80]	0.171519	1	0.1		0.986232	1		3	1	0.149638	9.66393	[0.86,108.06]	0.135295	1	0.1		0.992888	1		10	0	0.498793	0	[0.00,0.00]	1	1	0.1		1	1		16	2	0.798069	2.77857	[0.62,12.50]	0.146344	1	0.1		0.958413	1		6	0	0.299276	0	[0.00,0.00]	1	1	0.1		1	1		10	1	0.498793	2.13479	[0.27,17.12]	0.316535	1	0.1		0.914889	1		42	2	2.09493	0.950833	[0.22,4.03]	0.650199	1	0.1		0.281242	1		3	0	0.149638	0	[0.00,0.00]	1	1	0.1		1	1		6	0	0.299276	0	[0.00,0.00]	1	1	0.1		1	1		38	2	1.89541	1.06019	[0.25,4.51]	0.420567	1	0.1		0.567629	1		37	2	1.84553	1.09143	[0.26,4.65]	0.427236	1	0.1		0.574081	1		124	7	6.18504	1.15742	[0.52,2.60]	0.392973	1	0.1		0.488233	1		124	7	6.18504	1.15742	[0.52,2.60]	0.392973	1	0.1		0.488233	1		20	0	0.997586	0	[0.00,0.00]	1	1	0.1		1	1		6	0	0.299276	0	[0.00,0.00]	1	1	0.1		1	1		7	0	0.349155	0	[0.00,0.00]	1	1	0.1		1	1		36	2	1.79566	1.12451	[0.26,4.79]	0.433875	1	0.1		0.580057	1		12	2	0.598552	3.90333	[0.84,18.21]	0.0983218	1	0.1		0.981164	1		
